phone,phone,screen,phone,screen,screen,screen,phone,screen,phone,emails,documents
-
phone,phone,phone,screen,touch,auto,brightness,phone,phones,people,screen,fingerprints,phone,phone,color,phone,screen,lcd,color,performance,camera,battery,speaker,fingerprint,sensor,location,sensor,slippery,engine,phone,call,pictures,camera,battery,battery,option,phone,technology,time,battery,fingerprint,sensor,display,sensor,sensors,option,camera,images,wireless,charge
phone,sim,simcard,simcard,phone,reception,fingerprint,battery,functions
phone,features,phone,carriers,phone,phone
phone,print
-
-
battery,display,camera
phone,fingerprint,sensor,phone,battery
screen
phone
phone
-
quality,phone,phone,screen,oleds,lcd,screen,speakers,phone,phone,screen,fingerprint,sensor,camera,fingerprint,sensor,phones,phone
sim,memory,sim,slot,memory
-
-
phone
-
phone
time,cellphone,resolution,screen,battery,phone
screen,camera,sound,phone,phone,camera,image,quality,color,image,phone
-
battery,phone,charge,phone,ui,battery,time,stamina,mode,time,phone,camera,pictures,photos,camera,sensors,warning,phone,services,apps,storage,space,phone,option,web,browser,app,services,video,file,phones
phone,slowmo,camera,phone,battery,screen,color,accuracy,power,processing,accuracy,speaker,bass,accuracy,software,updates,phone,time
fingerprint,sensor,fingerprint,sensor,phone,screen,camera,battery,phone
-
phone,camera,feature,smartphone,device,photos,scene,resolution,colors,display,brightness,display,color,fidelity,colors,phone,location,reader,print,phones,phones,camera,phones,software,phones
-
ram,camera,software
-
-