[('i', 'NN'), ('have', 'VBP'), ('had', 'VBN'), ('the', 'DT'), ('phone', 'NN'), ('for', 'IN'), ('only', 'RB'), ('one', 'CD'), ('week', 'NN'), (',', ','), ('but', 'CC'), ('so', 'RB'), ('far', 'RB'), ('i', 'JJ'), ('really', 'RB'), ('like', 'IN'), ('it', 'PRP'), ('.', '.'), ('i', 'VB'), ('upgraded', 'JJ'), ('from', 'IN'), ('another', 'DT'), ('htc', 'NN'), ('phone', 'NN'), (',', ','), ('the', 'DT'), ('htc', 'NN'), ('m8', 'NN'), (',', ','), ('and', 'CC'), ('the', 'DT'), ('improvements', 'NNS'), ('are', 'VBP'), ('much', 'RB'), ('needed', 'VBN'), ('.', '.'), ('previously', 'RB'), (',', ','), ('i', 'VBZ'), ('only', 'RB'), ('had', 'VBD'), ('an', 'DT'), ('android', 'JJ'), ('version', 'NN'), ('that', 'WDT'), ('was', 'VBD'), ('in', 'IN'), ('the', 'DT'), ('4', 'CD'), ('range', 'NN'), ('.', '.'), ('this', 'DT'), ('phone', 'NN'), ('is', 'VBZ'), ('up', 'RP'), ('to', 'TO'), ('date', 'NN'), ('with', 'IN'), ('the', 'DT'), ('newest', 'JJS'), ('version', 'NN'), ('of', 'IN'), ('the', 'DT'), ('operating', 'NN'), ('system', 'NN'), (',', ','), ('version', 'NN'), ('8', 'CD'), ('(', '('), ('oreo', 'NN'), (')', ')'), (',', ','), ('and', 'CC'), ('the', 'DT'), ('differences', 'NNS'), ('are', 'VBP'), ('noticeable', 'JJ'), ('.', '.'), ('the', 'DT'), ('upgrades', 'NNS'), ('to', 'TO'), ('htc', 'VB'), ('sense', 'NN'), ('are', 'VBP'), ('there', 'RB'), ('as', 'RB'), ('well', 'RB'), (',', ','), ('and', 'CC'), ('i', 'VBP'), ('really', 'RB'), ('dig', 'VB'), ('the', 'DT'), ('ability', 'NN'), ('to', 'TO'), ('customize', 'VB'), ('the', 'DT'), ('bottom', 'JJ'), ('buttons', 'NNS'), ('to', 'TO'), ('whichever', 'VB'), ('position', 'NN'), ('you', 'PRP'), ('like', 'IN'), ('.', '.'), ('additionally', 'RB'), (',', ','), ('the', 'DT'), ('most', 'RBS'), ('novel', 'JJ'), ('feature', 'NN'), (',', ','), ('the', 'DT'), ('squeeze', 'NN'), (',', ','), ('is', 'VBZ'), ('a', 'DT'), ('huge', 'JJ'), ('hit', 'NN'), ('for', 'IN'), ('me', 'PRP'), ('.', '.'), ('i', 'VB'), ('personally', 'RB'), ('feel', 'VB'), ('that', 'IN'), ('you', 'PRP'), ('have', 'VBP'), ('to', 'TO'), ('go', 'VB'), ('out', 'IN'), ('of', 'IN'), ('your', 'PRP$'), ('way', 'NN'), ('to', 'TO'), ('accidentally', 'RB'), ('trigger', 'VB'), ('a', 'DT'), ('squeeze', 'NN'), (',', ','), ('and', 'CC'), ('there', 'EX'), ('is', 'VBZ'), ('an', 'DT'), ('indicator', 'NN'), ('on', 'IN'), ('the', 'DT'), ('screen', 'NN'), ('for', 'IN'), ('when', 'WRB'), ('your', 'PRP$'), ('squeeze', 'NN'), ('is', 'VBZ'), ('a', 'DT'), ('ishort', 'NN'), ('squeeze', 'NN'), ("'", "''"), ('or', 'CC'), ('a', 'DT'), ("'long", 'JJ'), ('squeeze', 'NN'), ("'", "''"), (',', ','), ('so', 'IN'), ('there', 'EX'), ('is', 'VBZ'), ('no', 'DT'), ('confusion', 'NN'), ('.', '.'), ('you', 'PRP'), ('can', 'MD'), ('also', 'RB'), ('configure', 'VB'), ('how', 'WRB'), ('hard', 'JJ'), ('or', 'CC'), ('soft', 'JJ'), ('the', 'DT'), ('squeeze', 'NN'), ('should', 'MD'), ('be', 'VB'), ('.', '.'), ('if', 'IN'), ('you', 'PRP'), ('find', 'VBP'), ('yourself', 'PRP'), ('accidentally', 'RB'), ('hitting', 'VBG'), ('the', 'DT'), ('squeeze', 'NN'), (',', ','), ('increase', 'VB'), ('the', 'DT'), ('tolerance', 'NN'), ('.', '.'), ('the', 'DT'), ('hardware', 'NN'), ('is', 'VBZ'), ('great', 'JJ'), ('.', '.'), ('i', 'NN'), ('was', 'VBD'), ('hitting', 'VBG'), ('a', 'DT'), ('bottleneck', 'NN'), ('of', 'IN'), ('ram', 'NN'), ('on', 'IN'), ('my', 'PRP$'), ('last', 'JJ'), ('phone', 'NN'), ('(', '('), ('2gb', 'CD'), (')', ')'), ('that', 'WDT'), ('was', 'VBD'), ('causing', 'VBG'), ('awkward', 'RB'), ('slowdowns', 'NNS'), ('and', 'CC'), ('temporary', 'JJ'), ('freezes', 'NNS'), ('.', '.'), ('i', 'NNS'), ('do', 'VBP'), ('not', 'RB'), ('experience', 'VB'), ('these', 'DT'), ('with', 'IN'), ('my', 'PRP$'), ('phone', 'NN'), (',', ','), ('on', 'IN'), ('account', 'NN'), ('of', 'IN'), ('the', 'DT'), ('amount', 'NN'), ('of', 'IN'), ('ram', 'NN'), ('being', 'VBG'), ('tripled', 'VBN'), ('to', 'TO'), ('6', 'CD'), ('gb', 'NN'), ('.', '.'), ('that', 'WDT'), ('is', 'VBZ'), ('not', 'RB'), ('to', 'TO'), ('say', 'VB'), ('that', 'IN'), ('it', 'PRP'), ('will', 'MD'), ('not', 'RB'), ('happen', 'VB'), ('in', 'IN'), ('the', 'DT'), ('future', 'NN'), ('as', 'IN'), ('the', 'DT'), ('phone', 'NN'), ('ages', 'NNS'), (',', ','), ('but', 'CC'), ('i', 'RB'), ('think', 'VBP'), ('the', 'DT'), ('ram', 'NN'), ('in', 'IN'), ('phones', 'NNS'), ('is', 'VBZ'), ('finally', 'RB'), ('catching', 'VBG'), ('up', 'RP'), ('with', 'IN'), ('the', 'DT'), ('poor', 'JJ'), ('quality', 'NN'), ('of', 'IN'), ('how', 'WRB'), ('most', 'JJS'), ('phone', 'NN'), ('apps', 'NN'), ('are', 'VBP'), ('written', 'VBN'), (',', ','), ('in', 'IN'), ('terms', 'NNS'), ('of', 'IN'), ('memory', 'NN'), ('usage', 'NN'), ('.', '.'), ('the', 'DT'), ('display', 'NN'), ('is', 'VBZ'), ('nice', 'JJ'), ('.', '.'), ('i', 'JJ'), ('enjoy', 'VBP'), ('the', 'DT'), ('coloration', 'NN'), ('of', 'IN'), ('it', 'PRP'), ('personally', 'RB'), (',', ','), ('and', 'CC'), ('i', 'JJ'), ('find', 'VBP'), ('that', 'IN'), ('it', 'PRP'), ('is', 'VBZ'), ('not', 'RB'), ('too', 'RB'), ('bright', 'JJ'), ('.', '.'), ('i', 'NN'), ('did', 'VBD'), ('have', 'VB'), ('trouble', 'NN'), ('with', 'IN'), ('my', 'PRP$'), ('last', 'JJ'), ('phone', 'NN'), ('in', 'IN'), ('summertime', 'NN'), ('daylight', 'NN'), ('sun', 'NN'), (',', ','), ('and', 'CC'), ('i', 'NNS'), ('have', 'VBP'), ('not', 'RB'), ('experienced', 'VBN'), ('that', 'IN'), ('kind', 'NN'), ('of', 'IN'), ('brightness', 'NN'), ('with', 'IN'), ('my', 'PRP$'), ('new', 'JJ'), ('phone', 'NN'), (',', ','), ('but', 'CC'), ('in', 'IN'), ('this', 'DT'), ('season', 'NN'), ('(', '('), ('winter', 'NN'), (')', ')'), (',', ','), ('i', 'JJ'), ('find', 'VBP'), ('the', 'DT'), ('device', 'NN'), ('operates', 'VBZ'), ('at', 'IN'), ('a', 'DT'), ('very', 'RB'), ('nice', 'JJ'), ('brightness', 'NN'), ('level', 'NN'), ('.', '.'), ('the', 'DT'), ('battery', 'NN'), (',', ','), ('being', 'VBG'), ('a', 'DT'), ('new', 'JJ'), ('phone', 'NN'), (',', ','), ('is', 'VBZ'), ('phenomenal', 'JJ'), ('.', '.'), ('right', 'RB'), ('now', 'RB'), (',', ','), ('leaving', 'VBG'), ('it', 'PRP'), ('on', 'IN'), ('but', 'CC'), ('inactive', 'JJ'), ('throughout', 'IN'), ('the', 'DT'), ('day', 'NN'), ('costs', 'VBZ'), ('maybe', 'RB'), ('only', 'RB'), ('20', 'CD'), ('%', 'NN'), ('of', 'IN'), ('the', 'DT'), ('battery', 'NN'), (',', ','), ('tops', 'NNS'), (',', ','), ('meaning', 'VBG'), ('that', 'IN'), ('it', 'PRP'), ('may', 'MD'), ('run', 'VB'), ('for', 'IN'), ('two', 'CD'), ('or', 'CC'), ('three', 'CD'), ('days', 'NNS'), ('on', 'IN'), ('a', 'DT'), ('single', 'JJ'), ('charge', 'NN'), ('with', 'IN'), ('limited', 'JJ'), ('use', 'NN'), ('.', '.'), ('that', 'WDT'), ('is', 'VBZ'), ('a', 'DT'), ('plus', 'NN'), ('for', 'IN'), ('me', 'PRP'), ('because', 'IN'), ('i', 'JJ'), ('tend', 'VBP'), ('to', 'TO'), ('forget', 'VB'), ('to', 'TO'), ('charge', 'VB'), ('it', 'PRP'), ('on', 'IN'), ('some', 'DT'), ('nights', 'NNS'), ('.', '.'), ('if', 'IN'), ('there', 'EX'), ('is', 'VBZ'), ('one', 'CD'), ('thing', 'NN'), ('that', 'WDT'), ('really', 'RB'), ('speaks', 'VBZ'), ('to', 'TO'), ('me', 'PRP'), ('about', 'IN'), ('this', 'DT'), ('phone', 'NN'), (',', ','), ('it', 'PRP'), ('is', 'VBZ'), ('the', 'DT'), ('customization', 'NN'), ('aspect', 'NN'), ('of', 'IN'), ('it', 'PRP'), ('.', '.'), ('i', 'VB'), ('really', 'RB'), ('like', 'IN'), ('being', 'VBG'), ('able', 'JJ'), ('to', 'TO'), ('configure', 'VB'), ('the', 'DT'), ('squeeze', 'NN'), ('and', 'CC'), ('which', 'WDT'), ('applications', 'NNS'), ('it', 'PRP'), ('opens', 'VBZ'), (',', ','), ('as', 'RB'), ('well', 'RB'), ('as', 'IN'), ('the', 'DT'), ('bottom', 'JJ'), ('bar', 'NN'), ('as', 'IN'), ('i', 'NN'), ('mentioned', 'VBD'), (',', ','), ('and', 'CC'), ('almost', 'RB'), ('anything', 'NN'), ('about', 'IN'), ('the', 'DT'), ('home', 'NN'), ('screen', 'NN'), ('.', '.'), ('i', 'NN'), ('disabled', 'VBD'), ('the', 'DT'), ('blinkfeed', 'NN'), ('because', 'IN'), ('i', 'NN'), ('am', 'VBP'), ('not', 'RB'), ('a', 'DT'), ('fan', 'NN'), ('.', '.'), ('the', 'DT'), ('other', 'JJ'), ('great', 'JJ'), ('thing', 'NN'), ('about', 'IN'), ('this', 'DT'), ('phone', 'NN'), (',', ','), ('which', 'WDT'), ('is', 'VBZ'), ('becoming', 'VBG'), ('common', 'JJ'), (',', ','), ('is', 'VBZ'), ('the', 'DT'), ('fingerprint', 'NN'), ('scanner', 'NN'), ('.', '.'), ('this', 'DT'), ('is', 'VBZ'), ('convenient', 'JJ'), ('to', 'TO'), ('unlock', 'VB'), ('the', 'DT'), ('phone', 'NN'), ('or', 'CC'), ('an', 'DT'), ('app', 'NN'), ('that', 'WDT'), ('recognizes', 'VBZ'), ('it', 'PRP'), (',', ','), ('instead', 'RB'), ('of', 'IN'), ('having', 'VBG'), ('to', 'TO'), ('connect', 'VB'), ('the', 'DT'), ('dots', 'NNS'), ('.', '.'), ('one', 'CD'), ('feature', 'NN'), ('that', 'WDT'), ('does', 'VBZ'), ('not', 'RB'), ('appeal', 'VB'), ('to', 'TO'), ('me', 'PRP'), ('in', 'IN'), ('any', 'DT'), ('way', 'NN'), ('is', 'VBZ'), ('multiple', 'JJ'), ('sim', 'JJ'), ('card', 'NN'), ('slots', 'NNS'), ('-', ':'), ('the', 'DT'), ('card', 'NN'), ('has', 'VBZ'), ('two', 'CD'), (',', ','), ('and', 'CC'), ('in', 'IN'), ('some', 'DT'), ('markets', 'NNS'), (',', ','), ('such', 'JJ'), ('as', 'IN'), ('the', 'DT'), ('european', 'JJ'), ('market', 'NN'), ('that', 'IN'), ('this', 'DT'), ('is', 'VBZ'), ('intended', 'VBN'), ('for', 'IN'), ('(', '('), ('i', 'JJ'), ('brought', 'VBD'), ('one', 'CD'), ('to', 'TO'), ('america', 'VB'), (')', ')'), ('.', '.'), ('i', 'NN'), ('just', 'RB'), ('do', 'VBP'), ('not', 'RB'), ('have', 'VB'), ('the', 'DT'), ('need', 'NN'), ('to', 'TO'), ('have', 'VB'), ('multiple', 'JJ'), ('cellphone', 'NN'), ('plans', 'NNS'), (',', ','), ('but', 'CC'), ('to', 'TO'), ('some', 'DT'), ('it', 'PRP'), ('might', 'MD'), ('be', 'VB'), ('a', 'DT'), ('selling', 'NN'), ('point', 'NN'), (';', ':'), ('i', 'NNS'), ('can', 'MD'), ('not', 'RB'), ('speak', 'VB'), ('to', 'TO'), ('it', 'PRP'), ('.', '.'), ('for', 'IN'), ('use', 'NN'), ('in', 'IN'), ('america', 'NN'), (',', ','), ('i', 'NN'), ('have', 'VBP'), ('seen', 'VBN'), ('that', 'IN'), ('verizon', 'NN'), (',', ','), ('at', 'IN'), ('&', 'CC'), ('t', 'NN'), (',', ','), ('and', 'CC'), ('t-mobile', 'JJ'), ('each', 'DT'), ('support', 'NN'), ('the', 'DT'), ('frequency', 'NN'), ('bands', 'VBZ'), ('that', 'IN'), ('the', 'DT'), ('phone', 'NN'), ('uses', 'VBZ'), (',', ','), ('but', 'CC'), ('this', 'DT'), ('is', 'VBZ'), ('not', 'RB'), ('intended', 'VBN'), ('to', 'TO'), ('be', 'VB'), ('an', 'DT'), ('exhaustive', 'JJ'), ('list', 'NN'), ('.', '.'), ('i', 'VB'), ('personally', 'RB'), ('have', 'VBP'), ('t-mobile', 'JJ'), ('and', 'CC'), ('switching', 'VBG'), ('over', 'IN'), ('to', 'TO'), ('this', 'DT'), ('phone', 'NN'), ('was', 'VBD'), ('done', 'VBN'), ('quickly', 'RB'), ('with', 'IN'), ('no', 'DT'), ('problems', 'NNS'), ('.', '.'), ('your', 'PRP$'), ('mileage', 'NN'), ('may', 'MD'), ('vary', 'VB'), ('depending', 'VBG'), ('on', 'IN'), ('your', 'PRP$'), ('location', 'NN'), ('.', '.'), ('the', 'DT'), ('only', 'JJ'), ('other', 'JJ'), ('phone', 'NN'), ('i', 'NN'), ('would', 'MD'), ('have', 'VB'), ('considered', 'VBN'), ('getting', 'VBG'), ('other', 'JJ'), ('than', 'IN'), ('this', 'DT'), ('is', 'VBZ'), ('the', 'DT'), ('pixel', 'NN'), ('2', 'CD'), (',', ','), ('which', 'WDT'), ('to', 'TO'), ('me', 'PRP'), ('seems', 'VBZ'), ('like', 'IN'), ('the', 'DT'), ('closest', 'JJS'), ('phone', 'NN'), ('to', 'TO'), ('this', 'DT'), ('.', '.')],
[('excellent', 'JJ'), ('mobile', 'JJ'), ('phone', 'NN'), ('.', '.')],
[('band', 'NN'), ('``', '``'), ('b2', 'NN'), ("''", "''"), ('radio', 'NN'), ('frequency', 'NN'), ('is', 'VBZ'), ('missing', 'VBG'), ('if', 'IN'), ('you', 'PRP'), ('use', 'VBP'), ('at', 'IN'), ('&', 'CC'), ('t/cricket', 'NN'), ('.', '.'), ('htc', 'NN'), ('u11+', 'NN')],
[],
[('no', 'DT'), ('band', 'NN'), ('2', 'CD'), ('support', 'NN'), ('so', 'RB'), ('t-mobile', 'JJ'), ('customers', 'NNS'), ('in', 'IN'), ('newyork', 'JJ'), ('city', 'NN'), ('take', 'VB'), ('note', 'NN'), ('ive', 'JJ'), ('only', 'RB'), ('receive', 'VBP'), ('one', 'CD'), ('out', 'IN'), ('of', 'IN'), ('ten', 'JJ'), ('calls', 'NNS'), ('on', 'IN'), ('this', 'DT'), ('phone', 'NN'), ('and', 'CC'), ('when', 'WRB'), ('making', 'VBG'), ('call', 'NNS'), ('take', 'VB'), ('forever', 'RB'), ('to', 'TO'), ('connect', 'VB'), ('and', 'CC'), ('after', 'IN'), ('a', 'DT'), ('few', 'JJ'), ('minutes', 'NNS'), ('phone', 'NN'), ('almost', 'RB'), ('away', 'RB'), ('drop', 'JJ'), ('call', 'NN'), ('or', 'CC'), ('cant', 'NN'), ('hear', 'VBP'), ('the', 'DT'), ('person', 'NN'), ('on', 'IN'), ('the', 'DT'), ('other', 'JJ'), ('end', 'NN'), ('.', '.'), ('also', 'RB'), ('take', 'VBP'), ('note', 'NN'), ('this', 'DT'), ('phone', 'NN'), ('can', 'MD'), ('not', 'RB'), ('be', 'VB'), ('s-off', 'JJ'), ('as', 'IN'), ('sunshine', 'NN'), ('offer', 'VBP'), ('no', 'DT'), ('support', 'NN'), ('for', 'IN'), ('this', 'DT'), ('model', 'NN'), ('u11plus', 'VBZ'), ('so', 'RB'), ('you', 'PRP'), ('cant', 'VBP'), ('add', 'JJ'), ('band', 'NN'), ('2', 'CD'), ('support', 'NN'), ('for', 'IN'), ('those', 'DT'), ('geniuses', 'NNS'), ('out', 'RP'), ('there', 'RB'), ('who', 'WP'), ('think', 'VBP'), ('they', 'PRP'), ('can', 'MD'), ('buy', 'VB'), ('it', 'PRP'), ('and', 'CC'), ('work', 'VB'), ('around', 'RB'), ('this', 'DT'), ('problem', 'NN'), ('.', '.'), ('this', 'DT'), ('model', 'NN'), ('has', 'VBZ'), ('no', 'DT'), ('work', 'NN'), ('twrp', 'RB'), ('as', 'IN'), ('it', 'PRP'), ('adb', 'VBZ'), ('side', 'JJ'), ('load', 'NN'), ('functions', 'NNS'), ('and', 'CC'), ('zip', 'NN'), ('dont', 'NN'), ('work', 'NN'), ('for', 'IN'), ('this', 'DT'), ('model', 'NN'), ('.', '.'), ('the', 'DT'), ('u11plus', 'JJ'), ('is', 'VBZ'), ('all', 'DT'), ('impossible', 'JJ'), ('to', 'TO'), ('root', 'VB'), ('without', 'IN'), ('pulling', 'VBG'), ('boot', 'NN'), ('image', 'NN'), ('using', 'VBG'), ('adb', 'NNS'), ('to', 'TO'), ('use', 'VB'), ('with', 'IN'), ('magisk', 'NN'), ('.', '.'), ('plus', 'CC'), ('venom', 'JJ'), ('rom', 'NN'), ('just', 'RB'), ('went', 'VBD'), ('out', 'IN'), ('of', 'IN'), ('business', 'NN'), ('so', 'IN'), ('no', 'DT'), ('venom', 'NN'), ('rom', 'NN'), ('for', 'IN'), ('this', 'DT'), ('version', 'NN'), ('.', '.')],
[('i', 'NN'), ('loved', 'VBD'), ('this', 'DT'), ('phone', 'NN'), ('but', 'CC'), ('my', 'PRP$'), ('experience', 'NN'), ('with', 'IN'), ('the', 'DT'), ('battery', 'NN'), ('life', 'NN'), ('is', 'VBZ'), ('exactly', 'RB'), ('the', 'DT'), ('opposite', 'NN'), ('.', '.'), ('i', 'NN'), ('lose', 'VBP'), ('20', 'CD'), ('percent', 'NN'), ('in', 'IN'), ('2', 'CD'), ('hours', 'NNS'), (',', ','), ('whether', 'IN'), ('i', 'NN'), ('am', 'VBP'), ('using', 'VBG'), ('it', 'PRP'), ('or', 'CC'), ('not', 'RB'), ('.', '.'), ('been', 'VBN'), ('like', 'IN'), ('that', 'DT'), ('since', 'IN'), ('day', 'NN'), ('one', 'CD'), ('.', '.'), ('i', 'NN'), ('have', 'VBP'), ('had', 'VBN'), ('the', 'DT'), ('phone', 'NN'), ('for', 'IN'), ('since', 'IN'), ('december', 'NN'), ('2016.', 'CD'), ('i', 'NN'), ('am', 'VBP'), ('now', 'RB'), ('having', 'VBG'), ('lots', 'NNS'), ('of', 'IN'), ('problems', 'NNS'), ('with', 'IN'), ('the', 'DT'), ('phone', 'NN'), ('but', 'CC'), ('choking', 'VBG'), ('on', 'IN'), ('the', 'DT'), ('u12', 'JJ'), ('price', 'NN'), ('.', '.'), ('i', 'VB'), ('am', 'VBP'), ('losing', 'VBG'), ('signal', 'NN'), ('and', 'CC'), ('dropping', 'VBG'), ('calls', 'NNS'), ('and', 'CC'), ('no', 'DT'), ('one', 'NN'), ('can', 'MD'), ('hear', 'VB'), ('me', 'PRP'), ('on', 'IN'), ('calls', 'NNS'), ('at', 'IN'), ('times', 'NNS'), ('.', '.'), ('frustrating', 'NN'), ('.', '.'), ('i', 'JJ'), ('wish', 'VBP'), ('i', 'NN'), ('could', 'MD'), ('afford', 'VB'), ('a', 'DT'), ('new', 'JJ'), ('phone', 'NN'), ('.', '.'), ('bad', 'JJ'), ('timing', 'NN'), ('.', '.')],
[('clearly', 'RB'), ('a', 'DT'), ('superior', 'JJ'), ('phone', 'NN'), ('of', 'IN'), ('2017.', 'CD'), ('it', 'PRP'), ('is', 'VBZ'), ('way', 'NN'), ('underrated', 'JJ'), ('and', 'CC'), ('htc', 'NN'), ('should', 'MD'), ('have', 'VB'), ('brought', 'VBN'), ('it', 'PRP'), ('to', 'TO'), ('the', 'DT'), ('states', 'NNS'), ('.', '.'), ('i', 'NNS'), ('have', 'VBP'), ('been', 'VBN'), ('using', 'VBG'), ('this', 'DT'), ('for', 'IN'), ('a', 'DT'), ('few', 'JJ'), ('weeks', 'NNS'), ('now', 'RB'), ('and', 'CC'), ('there', 'EX'), ('is', 'VBZ'), ('no', 'DT'), ('complaint', 'NN'), ('thus', 'RB'), ('far', 'RB'), ('.', '.'), ('it', 'PRP'), ('is', 'VBZ'), ('extremely', 'RB'), ('fast', 'JJ'), (',', ','), ('jumping', 'VBG'), ('between', 'IN'), ('apps', 'NN'), ('is', 'VBZ'), ('effortless', 'JJ'), (',', ','), ('camera', 'NN'), ('is', 'VBZ'), ('top', 'JJ'), ('notch', 'NN'), (',', ','), ('plenty', 'NN'), ('of', 'IN'), ('ram', 'NN'), ('and', 'CC'), ('rom', 'NN'), (',', ','), ('and', 'CC'), ('battery', 'NN'), ('lasts', 'NNS'), ('well', 'RB'), ('into', 'IN'), ('the', 'DT'), ('next', 'JJ'), ('day', 'NN'), ('.', '.')],
[('great', 'JJ'), ('all', 'DT'), ('around', 'IN'), ('phone', 'NN'), ('.', '.'), ('good', 'JJ'), ('battery', 'NN'), ('life', 'NN'), (',', ','), ('great', 'JJ'), ('audio', 'NN'), (',', ','), ('exceptional', 'JJ'), ('camera', 'NN'), (',', ','), ('beautiful', 'JJ'), ('display', 'NN'), ('.', '.'), ('htc', 'NN'), ('checked', 'VBD'), ('all', 'PDT'), ('the', 'DT'), ('boxes', 'NNS'), ('on', 'IN'), ('this', 'DT'), ('phone', 'NN'), ('.', '.')],
[('i', 'NNS'), ('have', 'VBP'), ('been', 'VBN'), ('using', 'VBG'), ('htc', 'NN'), ('phones', 'NNS'), ('since', 'IN'), ('2011', 'CD'), ('and', 'CC'), ('this', 'DT'), ('is', 'VBZ'), ('no', 'DT'), ('let', 'NN'), ('down', 'RB'), (',', ','), ('i', 'JJ'), ('actually', 'RB'), ('purchased', 'VBD'), ('the', 'DT'), ('iphone', 'NN'), ('x', 'NN'), (',', ','), ('was', 'VBD'), ('hoping', 'VBG'), ('to', 'TO'), ('leave', 'VB'), ('the', 'DT'), ('android', 'JJ'), ('interface', 'NN'), ('but', 'CC'), ('was', 'VBD'), ('not', 'RB'), ('happy', 'JJ'), ('with', 'IN'), ('ios', 'NNS'), ('so', 'RB'), ('after', 'IN'), ('selling', 'VBG'), ('off', 'RP'), ('my', 'PRP$'), ('htc', 'NN'), ('desire', 'NN'), ('10', 'CD'), ('pro', 'NN'), ('and', 'CC'), ('my', 'PRP$'), ('htc', 'NN'), ('10', 'CD'), ('the', 'DT'), ('only', 'JJ'), ('viable', 'JJ'), ('option', 'NN'), ('for', 'IN'), ('me', 'PRP'), ('was', 'VBD'), ('to', 'TO'), ('get', 'VB'), ('the', 'DT'), ('u11', 'JJ'), ('+', 'NNP'), ('.', '.'), ('a', 'DT'), ('nice', 'JJ'), ('phone', 'NN'), ('in', 'IN'), ('all', 'DT'), ('aspect', 'NN'), (',', ','), ('only', 'RB'), ('lacking', 'VBG'), ('the', 'DT'), ('facial', 'JJ'), ('recognition', 'NN'), (',', ','), ('that', 'WDT'), ('is', 'VBZ'), ('the', 'DT'), ('only', 'JJ'), ('feature', 'NN'), ('i', 'NN'), ('liked', 'VBD'), ('that', 'IN'), ('feature', 'NN'), ('on', 'IN'), ('the', 'DT'), ('iphone', 'NN'), ('x', 'NN'), ('.', '.')],
[('i', 'NNS'), ('like', 'IN'), ('how', 'WRB'), ('it', 'PRP'), ('runs', 'VBZ'), ('smoothly', 'RB'), ('and', 'CC'), ('its', 'PRP$'), ('also', 'RB'), ('a', 'DT'), ('very', 'RB'), ('attractive', 'JJ'), ('phone', 'NN'), ('.', '.'), ('overall', 'PDT'), ('an', 'DT'), ('excellent', 'JJ'), ('phone', 'NN'), ('.', '.'), ('the', 'DT'), ('camera', 'NN'), ('is', 'VBZ'), ('better', 'JJR'), ('than', 'IN'), ('what', 'WP'), ('the', 'DT'), ('reviews', 'NN'), ('are', 'VBP'), ('saying', 'VBG'), ('.', '.'), ('my', 'PRP$'), ('only', 'JJ'), ('negative', 'JJ'), ('thus', 'RB'), ('far', 'RB'), ('is', 'VBZ'), ('that', 'IN'), ('the', 'DT'), ('bottom', 'NN'), ('of', 'IN'), ('the', 'DT'), ('screen', 'NN'), ('looks', 'VBZ'), ('unfinished', 'JJ'), (',', ','), ('as', 'IN'), ('the', 'DT'), ('color', 'NN'), ('of', 'IN'), ('the', 'DT'), ('black', 'JJ'), ("'rim", 'POS'), ("'", 'POS'), ('at', 'IN'), ('the', 'DT'), ('bottom', 'NN'), ('runs', 'VBZ'), ('into', 'IN'), ('the', 'DT'), ('white', 'JJ'), ('.', '.')],
[('product', 'NN'), ('and', 'CC'), ('seller', 'NN'), ('were', 'VBD'), ('fine', 'JJ'), ('but', 'CC'), ('we', 'PRP'), ('return', 'VBP'), ('the', 'DT'), ('item', 'NN'), ('because', 'IN'), ('this', 'DT'), ('one', 'CD'), ('was', 'VBD'), ('not', 'RB'), ('released', 'VBN'), ('for', 'IN'), ('the', 'DT'), ('us', 'PRP'), ('.', '.')],
[('this', 'DT'), ('would', 'MD'), ('be', 'VB'), ('the', 'DT'), ('best', 'JJS'), ('phone', 'NN'), ('ever', 'RB'), ('except', 'IN'), ('the', 'DT'), ('display', 'NN'), ('is', 'VBZ'), ('almost', 'RB'), ('useless', 'JJ'), ('outside', 'IN'), ('-', ':'), ('it', 'PRP'), ('is', 'VBZ'), ('just', 'RB'), ('not', 'RB'), ('bright', 'JJ'), ('enough', 'RB'), ('.', '.'), ('it', 'PRP'), ('is', 'VBZ'), ('great', 'JJ'), ('inside', 'RB'), ('.', '.')],
[('too', 'RB'), ('soon', 'RB'), ('for', 'IN'), ('5', 'CD'), ('stars', 'NNS'), ('(', '('), ('received', 'VBD'), ('a', 'DT'), ('fews', 'JJ'), ('days', 'NNS'), ('ago', 'RB'), (')', ')'), ('but', 'CC'), (':', ':'), ('quick', 'JJ'), ('delivery', 'NN'), (',', ','), ('perfect', 'JJ'), ('state', 'NN'), ('and', 'CC'), ('boxing', 'NN'), ('.', '.'), ('now', 'RB'), ('the', 'DT'), ('phone', 'NN'), (':', ':'), ('i', 'JJ'), ('come', 'VBP'), ('from', 'IN'), ('the', 'DT'), ('(', '('), ('almost', 'RB'), ('perfect', 'VBP'), ('but', 'CC'), ('highly', 'RB'), ('underrated', 'JJ'), ('lg', 'NN'), ('v20', 'NN'), ('.', '.'), ('heavy', 'JJ'), ('duty', 'NN'), ('use', 'NN'), (',', ','), ('no', 'DT'), ('issues', 'NNS'), (')', ')'), ('and', 'CC'), ('had', 'VBD'), ('to', 'TO'), ('return', 'VB'), ('the', 'DT'), ('note', 'NN'), ('8', 'CD'), ('(', '('), ('u', 'NN'), ('can', 'MD'), ('not', 'RB'), ('edit', 'VB'), ('pics', 'NNS'), ('with', 'IN'), ('a', 'DT'), ('curved', 'JJ'), ('screen', 'NN'), (')', ')'), (',', ','), ('same', 'JJ'), ('for', 'IN'), ('lg', 'JJ'), ('v', 'NN'), ('30', 'CD'), ('(', '('), ('which', 'WDT'), ('screen', 'NN'), ('was', 'VBD'), ('disappointing', 'VBG'), ('-', ':'), ('v20', 'NN'), ('is', 'VBZ'), ('brighter', 'RB'), (')', ')'), ('.', '.'), ('the', 'DT'), ('u11', 'JJ'), ('plus', 'CC'), ('is', 'VBZ'), ('a', 'DT'), ('glittery/shiny/show', 'NN'), ('off', 'RP'), ('phone', 'NN'), ('that', 'WDT'), ('hides', 'VBZ'), ('a', 'DT'), ('...', ':'), ('powerful', 'JJ'), ('factory', 'NN'), ('.', '.'), ('htc', 'NN'), ('let', 'VBD'), ('us', 'PRP'), ('free', 'VB'), ('now', 'RB'), ('to', 'TO'), ('do', 'VB'), ('almost', 'RB'), ('what', 'WP'), ('we', 'PRP'), ('want', 'VBP'), ('and', 'CC'), ('except', 'IN'), ('fo', 'VBP'), ('the', 'DT'), ('sdcard', 'JJ'), ('access', 'NN'), ('to', 'TO'), ('grant', 'VB'), ('which', 'WDT'), ('is', 'VBZ'), ('a', 'DT'), ('bit', 'NN'), ('tricky', 'JJ'), (',', ','), ('everything', 'NN'), ('is', 'VBZ'), ('nice', 'JJ'), ('and', 'CC'), ('fast', 'JJ'), ('.', '.'), ('oreo', 'NN'), ('is', 'VBZ'), ('...', ':'), ('nice', 'RB'), ('too', 'RB'), ('(', '('), ('sound', 'JJ'), ('system', 'NN'), ('is', 'VBZ'), ('perfect', 'JJ'), (',', ','), ('screen', 'NN'), ('is', 'VBZ'), ('good', 'JJ'), ('in', 'IN'), ('the', 'DT'), ('sun', 'NN'), (')', ')'), ('.', '.'), ('so', 'RB'), ('almost', 'RB'), ('perfect', 'JJ'), ('except', 'IN'), ('a', 'DT'), ('few', 'JJ'), ('details', 'NNS'), (':', ':'), ('you', 'PRP'), ('have', 'VBP'), ('to', 'TO'), ('make', 'VB'), ('a', 'DT'), ('choice', 'NN'), ('btw', 'NN'), ('sim', 'NN'), ('+', 'NNP'), ('sd', 'NN'), ('or', 'CC'), ('sim', 'NN'), ('+', 'JJ'), ('sim', 'NN'), ('but', 'CC'), ('all', 'PDT'), ('the', 'DT'), ('new', 'JJ'), ('high', 'JJ'), ('end', 'NN'), ('are', 'VBP'), ('like', 'IN'), ('that', 'DT'), (',', ','), ('no', 'DT'), ('swappable', 'JJ'), ('battery', 'NN'), ('(', '('), ('the', 'DT'), ('v20', 'NN'), ('had', 'VBD'), ('both', 'DT'), (')', ')'), ('but', 'CC'), ('that', 'DT'), ('is', 'VBZ'), ('the', 'DT'), ('price', 'NN'), ('to', 'TO'), ('pay', 'VB'), ('for', 'IN'), ('a', 'DT'), ('``', '``'), ('waterproof', 'NN'), ("''", "''"), ('phone', 'NN'), ('.', '.'), ('great', 'JJ'), ('phone', 'NN'), (',', ','), ('looks', 'VBZ'), ('and', 'CC'), ('feels', 'NNS'), ('rugged', 'VBN'), ('(', '('), ('and', 'CC'), ('glittery', 'VB'), ('too', 'RB'), ('lol', 'JJ'), (')', ')'), ('.', '.')],
[('i', 'NNS'), ('have', 'VBP'), ('owned', 'VBN'), ('the', 'DT'), ('galaxy', 'NN'), ('s8', 'NN'), (',', ','), ('s8+', 'NN'), (',', ','), ('sony', 'NN'), ('xz', 'NN'), (',', ','), ('sony', 'NN'), ('xz1', 'NN'), (',', ','), ('pixel', 'NN'), ('2', 'CD'), (',', ','), ('pixel', 'NN'), ('2xl', 'CD'), (',', ','), ('and', 'CC'), ('now', 'RB'), ('this', 'DT'), ('phone', 'NN'), ('.', '.'), ('i', 'NN'), ('will', 'MD'), ('not', 'RB'), ('bore', 'VB'), ('anyone', 'NN'), ('with', 'IN'), ('the', 'DT'), ('technical', 'JJ'), ('details', 'NNS'), (',', ','), ('since', 'IN'), ('you', 'PRP'), ('can', 'MD'), ('pretty', 'VB'), ('much', 'JJ'), ('see', 'VB'), ('the', 'DT'), ('spec', 'NN'), ('yourself', 'PRP'), ('in', 'IN'), ('any', 'DT'), ('phone', 'NN'), ('website', 'NN'), ('.', '.'), ('i', 'NN'), ('have', 'VBP'), ('a', 'DT'), ('somewhat', 'RB'), ('different', 'JJ'), ('or', 'CC'), ('unusual', 'JJ'), ('criteria', 'NNS'), ('from', 'IN'), ('other', 'JJ'), ('people', 'NNS'), ('when', 'WRB'), ('it', 'PRP'), ('comes', 'VBZ'), ('to', 'TO'), ('a', 'DT'), ('new', 'JJ'), ('phone', 'NN'), ('.', '.'), ('-', ':'), ('the', 'DT'), ('phone', 'NN'), ('is', 'VBZ'), ('just', 'RB'), ('as', 'IN'), ('fast', 'RB'), (',', ','), ('if', 'IN'), ('not', 'RB'), ('faster', 'RBR'), ('than', 'IN'), ('its', 'PRP$'), ('competitors', 'NNS'), ('.', '.'), ('this', 'DT'), ('really', 'RB'), ('should', 'MD'), ('have', 'VB'), ('been', 'VBN'), ('the', 'DT'), ('pixel', 'NN'), ('2xl', 'CD'), (',', ','), ('google', 'NN'), ('messed', 'VBD'), ('up', 'RB'), ('big', 'JJ'), ('time', 'NN'), ('when', 'WRB'), ('deciding', 'VBG'), ('to', 'TO'), ('let', 'VB'), ('lg', 'VB'), ('build', 'VB'), ('their', 'PRP$'), ('2xl', 'CD'), ('.', '.'), ('my', 'PRP$'), ('2xl', 'CD'), ('fingerprint', 'JJ'), ('scan', 'JJ'), ('stopped', 'VBD'), ('working', 'VBG'), ('a', 'DT'), ('week', 'NN'), ('after', 'IN'), ('i', 'NN'), ('got', 'VBD'), ('it', 'PRP'), ('!', '.'), ('-', ':'), ('i', 'NN'), ('love', 'VBP'), ('the', 'DT'), ('vibrant', 'NN'), ('and', 'CC'), ('clear', 'JJ'), ('flat', 'JJ'), ('screen', 'NN'), (',', ','), ('i', 'NN'), ('am', 'VBP'), ('not', 'RB'), ('a', 'DT'), ('fan', 'NN'), ('of', 'IN'), ('curved', 'JJ'), ('screens', 'NNS'), ('.', '.'), ('getting', 'VBG'), ('a', 'DT'), ('privacy', 'NN'), ('screen', 'JJ'), ('4', 'CD'), ('way', 'NN'), ('is', 'VBZ'), ('a', 'DT'), ('big', 'JJ'), ('deal', 'NN'), ('to', 'TO'), ('me', 'PRP'), ('since', 'IN'), ('i', 'NNS'), ('take', 'VBP'), ('public', 'JJ'), ('transport', 'NN'), ('daily', 'RB'), ('.', '.'), ('too', 'RB'), ('many', 'JJ'), ('gawkers', 'NNS'), ('looking', 'VBG'), ('over', 'IN'), ('my', 'PRP$'), ('shoulder', 'NN'), ('.', '.'), ('the', 'DT'), ('only', 'JJ'), ('downside', 'NN'), ('is', 'VBZ'), ('that', 'IN'), ('there', 'EX'), ('are', 'VBP'), ('not', 'RB'), ('many', 'JJ'), ('vendors', 'NNS'), ('selling', 'VBG'), ('this', 'DT'), ('on', 'IN'), ('amazon', 'NN'), ('.', '.'), ('-', ':'), ('customizable', 'JJ'), ('navigation', 'NN'), ('button', 'NN'), ('!', '.'), ('i', 'NN'), ('am', 'VBP'), ('able', 'JJ'), ('to', 'TO'), ('change', 'VB'), ('the', 'DT'), ('location', 'NN'), ('of', 'IN'), ('the', 'DT'), ('back', 'JJ'), ('button', 'NN'), (',', ','), ('have', 'VBP'), ('a', 'DT'), ('dedicated', 'VBN'), ('screenshot', 'JJ'), ('button', 'NN'), ('instead', 'RB'), ('of', 'IN'), ('pressing', 'VBG'), ('power', 'NN'), ('and', 'CC'), ('volume', 'NN'), ('key', 'NN'), ('.', '.'), ('this', 'DT'), ('is', 'VBZ'), ('a', 'DT'), ('must', 'MD'), ('for', 'IN'), ('a', 'DT'), ('left', 'NN'), ('handed', 'VBD'), ('person', 'NN'), ('like', 'IN'), ('me', 'PRP'), ('.', '.'), ('-', ':'), ('no', 'DT'), ('bloatware', 'NN'), ('to', 'TO'), ('deal', 'VB'), ('with', 'IN'), (',', ','), ('so', 'IN'), ('i', 'JJ'), ('do', 'VBP'), ('not', 'RB'), ('need', 'VB'), ('to', 'TO'), ('put', 'VB'), ('in', 'IN'), ('my', 'PRP$'), ('own', 'JJ'), ('custom', 'NN'), ('rom', 'NN'), ('to', 'TO'), ('get', 'VB'), ('rid', 'JJ'), ('of', 'IN'), ('junk', 'NN'), ('...', ':'), ('-', ':'), ('htc', 'NN'), ('edge', 'NN'), ('squeeze', 'NN'), (',', ','), ('this', 'DT'), ('is', 'VBZ'), ('an', 'DT'), ('awesome', 'JJ'), ('and', 'CC'), ('highly', 'RB'), ('underrated', 'JJ'), ('feature', 'NN'), ('.', '.'), ('i', 'NNS'), ('have', 'VBP'), ('not', 'RB'), ('seen', 'VBN'), ('anyone', 'NN'), ('else', 'RB'), ('with', 'IN'), ('this', 'DT'), ('feature', 'NN'), ('.', '.'), ('pixel', 'NN'), ('2xl', 'CD'), ('has', 'VBZ'), ('something', 'NN'), ('similar', 'JJ'), ('but', 'CC'), ('it', 'PRP'), ('only', 'RB'), ('opens', 'VBZ'), ('up', 'RP'), ('assistant', 'NN'), ('.', '.'), ('you', 'PRP'), ('can', 'MD'), ('customize', 'VB'), ('your', 'PRP$'), ('own', 'JJ'), ('to', 'TO'), ('open', 'VB'), ('up', 'RP'), ('any', 'DT'), ('app', 'NNS'), ('like', 'IN'), ('camera', 'NN'), (',', ','), ('assistant', 'NN'), ('or', 'CC'), ('even', 'RB'), ('a', 'DT'), ('rotary', 'JJ'), ('menu', 'NN'), ('on', 'IN'), ('the', 'DT'), ('right', 'JJ'), ('side', 'NN'), ('.', '.'), ('yeah', 'NN'), ('!', '.'), ('-', ':'), ('no', 'DT'), ('headphone', 'NN'), ('jack', 'NN'), ('is', 'VBZ'), ('not', 'RB'), ('a', 'DT'), ('big', 'JJ'), ('deal', 'NN'), ('to', 'TO'), ('me', 'PRP'), ('since', 'IN'), ('i', 'NN'), ('pair', 'VBP'), ('mine', 'NN'), ('with', 'IN'), ('the', 'DT'), ('sony', 'NN'), ('mdr1000x', 'NN'), ('and', 'CC'), ('sony', 'NN'), ('wi1000x', 'NN'), ('.', '.'), ('both', 'DT'), ('are', 'VBP'), ('noise', 'JJ'), ('cancelling', 'NN'), (',', ','), ('and', 'CC'), ('boy', 'NN'), (',', ','), ('is', 'VBZ'), ('the', 'DT'), ('sound', 'NN'), ('amazing', 'NN'), ('!', '.'), ('the', 'DT'), ('only', 'JJ'), ('phones', 'NNS'), ('that', 'WDT'), ('actually', 'RB'), ('surpasses', 'VBZ'), ('the', 'DT'), ('audio', 'NN'), ('on', 'IN'), ('this', 'DT'), ('is', 'VBZ'), ('the', 'DT'), ('sony', 'NN'), ('xz', 'NN'), ('and', 'CC'), ('xz1', 'NNP'), ('-', ':'), ('no', 'DT'), ('u.s', 'JJ'), ('warranty', 'NN'), (',', ','), ('but', 'CC'), ('i', 'VBZ'), ('just', 'RB'), ('purchased', 'VBN'), ('a', 'DT'), ('squaretrade', 'JJ'), ('warranty', 'NN'), ('for', 'IN'), ('2', 'CD'), ('years', 'NNS'), ('to', 'TO'), ('give', 'VB'), ('me', 'PRP'), ('peace', 'NN'), ('of', 'IN'), ('mind', 'NN'), ('.', '.'), ('anyways', 'NNS'), (',', ','), ('looks', 'VBZ'), ('like', 'IN'), ('this', 'DT'), ('phone', 'NN'), ('is', 'VBZ'), ('a', 'DT'), ('keeper', 'NN'), ('for', 'IN'), ('me', 'PRP'), ('that', 'WDT'), ('should', 'MD'), ('tide', 'VB'), ('me', 'PRP'), ('over', 'IN'), ('for', 'IN'), ('the', 'DT'), ('next', 'JJ'), ('couple', 'NN'), ('of', 'IN'), ('years', 'NNS'), ('.', '.'), ('i', 'VB'), ('hope', 'VBP'), ('new', 'JJ'), ('htc', 'NN'), ('u11+', 'JJ'), ('owners', 'NNS'), ('can', 'MD'), ('enjoy', 'VB'), ('their', 'PRP$'), ('phone', 'NN'), ('as', 'RB'), ('much', 'JJ'), ('as', 'IN'), ('i', 'NN'), ('do', 'VBP'), ('mine', 'NN'), ('.', '.')],
