['$', '350', 'for', 'hardware', 'that', 'rivals', 'flagship', 'devices', ',', 'it', 'is', 'such', 'a', 'steal', '.', 'set', 'up', 'was', 'very', 'easy', '.', 'i', 'have', 'cricket', 'so', 'all', 'i', 'had', 'to', 'do', 'was', 'put', 'in', 'my', 'sim', 'card', 'and', 'i', 'was', 'ready', 'to', 'go', '.', 'comes', 'with', 'warranty', 'from', 'lg', 'and', 'instructions', 'on', 'how', 'to', 'set', 'up', 'for', 'other', 'gsm', 'networks', 'like', 't-mobile', '.'],
[],
['i', 'especially', 'like', 'the', 'dark', 'room', '/', 'evening', 'outdoor', 'photo', 'enhancer', '.', 'you', 'turn', 'it', 'on', 'and', 'those', 'dark', 'photo', 'is', 'come', 'in', 'so', 'much', 'clearer', '.', 'it', 'is', 'pretty', 'cool', '!', 'have', 'not', 'discovered', 'all', 'the', 'cool', 'options', 'yet', 'but', 'am', 'very', 'happy', 'with', 'my', 'phone', '!', '!'],
['phone', 'is', 'great', ',', 'but', 'it', 'is', 'an', 'at', '&', 't', 'phone', '.', 'comes', 'with', 'their', 'bloatware', 'and', 'splash', 'screen', '.', 'i', 'have', 'their', 'service', 'so', 'that', 'is', 'fine', ',', 'but', 'beware', '...', 'i', 'doubt', 'it', 'is', 'unlocked', '.'],
['if', 'you', 'are', 'an', 'at', '&', 't', 'customer', 'this', 'is', 'a', 'great', 'deal', '.', 'great', 'specs', 'on', 'the', 'phone', 'for', 'a', 'bargain', 'price', '.', 'definitely', 'happy', 'with', 'this', 'purchase', '.'],
['the', 'seller', 'advertised', 'this', 'phone', 'as', 'unlocked', '.', 'however', ',', 'it', 'was', 'not', '.', 'as', 'long', 'as', 'at', '&', 't', 'will', 'unlock', 'this', 'phone', ',', 'it', 'works', 'quite', 'well', 'and', 'the', 'camera', 'is', 'awesome', '.'],
['as', 'other', 'reviews', 'have', 'stated', ',', 'this', 'is', 'not', 'an', 'unlocked', 'phone', '.', 'this', 'is', 'an', 'at', '&', 't', 'phone', '.', 'there', 'are', 'no', 'instructions', 'on', 'how', 'to', 'get', 'the', 'phone', 'unlocked', '.', 'the', 'phone', 'i', 'received', 'appeared', 'new', '.', 'for', 'the', 'price', ',', 'i', 'will', 'not', 'complain', 'too', 'much', '.', 'the', 'phone', 'itself', 'is', 'nice', 'and', 'has', 'nicer', 'features', 'than', 'the', 'phone', 'i', 'was', 'looking', 'to', 'get', 'at', 'about', 'the', 'same', 'price', '(', 'moto', 'g7', ')', '.', 'i', 'purchased', 'this', 'phone', 'after', 'having', 'a', 'g5', 'plus', '.', 'i', ',', 'as', 'many', 'other', 'people', 'i', 'am', 'sure', ',', 'refuse', 'to', 'purchase', 'a', 'phone', 'for', '$', '600+', '.', 'the', '$', '350', 'i', 'paid', 'is', 'ok', '.'],
['bought', 'phone', 'to', 'replace', 'a', '3', 'year', 'old', 'moto', 'g3', 'which', 'was', 'losing', 'battery', 'capacity', 'and', 'having', 'problems', 'with', 'the', 'speaker', '.', 'phone', 'is', 'comparable', 'to', 'high', 'end', 'phones', ',', 'but', ',', 'at', '$', '299', ',', 'is', 'much', 'cheaper', '.', 'i', 'have', 'an', 'att', 'service', ',', 'but', 'i', 'was', 'not', 'able', 'to', 'get', 'the', 'hotspot', 'nor', 'the', 'wifi', 'calling', 'to', 'work', '.', 'turns', 'out', 'it', 'was', 'due', 'to', 'my', 'older', 'sim', 'card', 'not', 'supporting', '4g', 'and', 'my', 'imei', 'not', 'matching', 'the', 'one', 'on', 'my', 'att', 'account', '.', 'a', 'quick', 'trip', 'to', 'the', 'att', 'store', 'and', 'the', 'sim', 'card', 'was', 'replaced', 'and', 'the', 'imei', 'changed', 'in', 'the', 'system', 'and', 'now', 'all', 'works', 'well', '!'],
['great', 'phone', '.', 'works', 'perfectly', '.', 'only', 'thing', 'disappointing', 'about', 'it', 'is', 'that', 'it', 'does', 'not', 'have', 'any', 'led', 'notifications', '.'],
['ok', ',', 'i', 'am', 'coming', 'from', 'an', 'honor', '6x', 'and', 'a', 's7', '.', 'this', 'phone', 'packs', 'a', '6', 'inch', 'screen', 'in', 'the', 'same', 'size', 'as', 'my', 'honor', '6x', '5.5.', 'i', 'even', 'used', 'the', 'honor', 'case', 'for', '2', 'days', 'while', 'waiting', 'on', 'my', 'new', 'case', '.', 'this', 'thing', 'is', 'powerful', '.', 'i', 'can', 'play', 'my', 'games', 'wide', 'open', '.', 'and', 'calls', 'are', 'crystal', 'clear', '.', 'i', 'can', 'pick', 'up', 'calls', 'in', 'my', 'basement', 'that', 'other', 'phones', 'have', 'issues', 'with', '.', 'i', 'got', 'the', 'att', 'version', 'and', 'am', 'using', 'it', 'on', 'tmobile', '.', 'i', 'dont', 'mind', 'the', 'att', 'stuff', 'on', 'the', 'phone', '.', 'but', 'omg', ',', 'i', 'hate', 'the', 'fb', 'app', '.', 'gon', 'na', 'have', 'to', 'remove', 'it', 'with', 'adb', '.', 'i', 'recommend', 'this', 'phone', '.', 'i', 'like', 'it', 'cause', 'it', 'is', 'wider', 'than', 'the', 'g7', '.', 'and', 'has', '6', 'gigs', 'or', 'ram', 'instead', 'of', '4.', 'my', 'laptop', 'only', 'has', '4', 'geesh', '.', 'it', 'doesnt', 'come', 'wiht', 'a', 'wireless', 'charger', 'so', 'buy', 'one', '.', 'i', 'love', 'wireless', 'charging', 'now', '!', '!', '!', '!', '.', 'pictures', 'are', 'very', 'good', '.', 'but', 'i', 'can', 'only', 'compare', 'it', 'to', 'my', 'old', 'phone', '.', 'they', 'are', 'better', 'than', 'the', 'honor', 'or', 'the', 's7', '.', 'ok', 'the', 'weak', 'spot', '.', 'just', 'one', 'speaker', 'and', 'its', 'not', 'all', 'that', 'loud', '.', 'for', 'me', 'no', 'problem', '.', 'would', 'i', 'but', 'again', '.', 'yes', '.', 'but', 'ask', 'me', 'again', 'after', 'a', 'year', 'of', 'use', '.', '2', 'week', 'update', '...', 'to', 'the', 'dolts', '...', 'on', 'tmobile', 'i', 'am', 'on', 'tmobile', '...', 'this', 'is', 'an', 'att', 'branded', 'phone', 'duh', '!', 'look', 'up', 'the', 'model', 'number', '...', 'it', 'is', 'unlocked', '.', 'i', 'had', 'to', 'contact', 'the', 'vendor', 'for', 'the', 'key', '.', 'this', 'was', 'a', '1000', 'dollar', 'phone', 'for', '300', 'dollars', '..you', 'should', 'shut', 'up', 'and', 'be', 'happy', 'att', 'bought', 'to', 'many', 'so', 'they', 'are', 'being', 'unloaded', 'cheap', '.', 'i', 'used', 'wifi', 'calling', 'with', 'out', 'issue', '.', 'if', 'it', 'doesnt', 'work', 'for', 'you', 'maybe', 'its', 'your', 'sim', '.', 'i', 'love', 'my', 'new', 'phone', '.', 'its', 'super', 'fast', ',', 'calls', 'sound', 'great', ',', 'its', 'water', 'proof', ',', 'it', 'has', 'survived', 'its', 'first', 'fall', '.', 'con', '...', 'its', 'an', 'att', 'branded', 'phone', '.', 'lg', 'is', 'slow', 'on', 'updates', '.', 'no', 'pie', ',', 'yet', '...', 'ypu', 'will', 'have', 'to', 'get', 'an', 'att', 'prepaid', 'sim', 'to', 'upgrade', 'to', 'pie', '.', 'oh', 'boy', '10', 'bucks', '...', 'if', 'ypu', 'cant', 'afford', 'it', 'go', 'get', 'an', 'obama', 'phone', '.'],
['phone', ',', 'package', ',', 'on', 'it', 'self', 'was', 'perfect', '.', 'unfortunately', 'i', 'was', 'unable', 'to', 'make', 'my', 'metro', 'pcs', 'sim', 'card', 'running', '.', 'i', 'tried', 'to', 'switch', 'networks', ',', 'reset', 'all', 'network', 'settings', ',', 'add', 'apn', '.', 'sim', 'card', 'didn', 'â€™', 't', 'work', '.', 'contact', 'with', 'seller', 'was', 'very', 'good', ',', 'and', 'we', 'manage', 'to', 'resolve', 'this', 'issue', '.'],
['i', 'have', 'not', 'had', 'my', 'phone', 'that', 'long', ',', 'but', 'i', 'have', 'not', 'found', 'anything', 'i', 'do', 'not', 'like', 'about', 'it', '.', 'i', 'do', 'not', 'use', 'the', 'fingerprint', 'reader', ',', 'but', 'that', 'is', 'personal', 'preference', '.', 'the', 'camera', 'takes', 'very', 'good', 'quality', 'pictures', 'and', 'the', 'screen', 'resolution', 'is', 'super', '!', 'i', 'have', 'only', 'had', 'this', 'phone', 'for', '1', 'week', ',', 'but', 'i', 'would', 'highly', 'recommend', 'it', '.'],
['amazing', 'phone', '.', 'got', 'it', 'about', '2', 'weeks', 'ago', 'and', 'i', 'absolutely', 'love', 'it', '!', 'the', 'main', 'reason', 'i', 'wanted', 'this', 'phone', 'was', 'for', 'the', 'camera', '.', 'the', 'camera', 'takes', 'very', 'nice', ',', 'crisp', ',', 'clean', 'pictures', '.', 'it', 'is', 'video', 'quality', 'is', 'absolutely', 'fantastic', '.', 'great', 'quality', 'all', 'around', '!'],
['great', 'phone', 'with', 'great', 'camera', '.', 'battery', 'life', 'leaves', '.', 'little', 'to', 'be', 'desired', 'but', 'other', 'than', 'that', 'i', 'love', 'it', '.', 'very', 'quick', 'and', 'easy', 'to', 'use'],
['seller', 'assured', 'me', 'in', 'writing', 'it', 'was', 'fully', 't-mobile', 'compatible', '.', 'i', 'even', 'paid', 'extra', 'for', 'that', '.', 'even', 'had', 'a', 't-mobile', 'sticker', 'placed', 'over', 'att', 'sticker', '1st', 'problem', '-', 'booted', 'up', 'with', 'att', 'logo', '.', '2nd', 'problem', '-', 'i', 'had', 'to', 'delete', 'or', 'shut', 'off', 'as', 'much', 'att', 'crap', 'that', 'i', 'could', 'find', '.', '3rd', 'problem', '-', 'does', 'not', 'support', 'wifi', 'calling', ',', 'at', 'all', '!', 'called', 't-mobile', 'and', 'spoke', 'an', 'engineer', '.', 'phone', 'can', 'not', 'be', 'made', 'compatible', '.', 'hardware', 'chipset', 'for', 'wifi', 'calling', 'is', 'designed', 'specificly', 'for', 'att', '.', 'ca', ' not', 'be', 'modified', '.', 'do', 'not', 'take', 'my', 'word', 'for', 'it', '.', 'try', 'if', 'you', 'want', '.', 'just', 'giving', 'honest', 'and', 'technically', 'accurate', 'feedback', '.', 'buyer', 'beware', 'if', 'you', 'have', 't-mobile', '.', '-bk'],
['muy', 'buen', 'equipo'],
['upgraded', 'from', 'the', 'g5', '.', 'love', 'it'],
['fast', ',', 'great', 'screen', ',', 'awesome', 'battery', 'life', '.'],
['was', 'not', 'new..ðŸ¤”.no', 'charge', 'cord', '...', 'ðŸ˜¤'],
['6gb', 'ram', '64gb', 'internal..', 'photos', 'are', 'crisp', ',', 'dac', 'audio', 'and', 'headphone', 'jack', '.', 'expandable', 'micro', 'sd', 'memory', '.', 'wireless', 'charging', 'optional', '.', 'i', 'have', 'not', 'used', 'the', 'fingerprint', 'reader', 'yet', '.', 'great', 'phone', '...'],
['i', 'seriously', 'love', 'this', 'phone', '.', 'i', 'had', 'a', 'samsung', 'galaxy', 's', '5', 'and', 'it', 'fi', 'ally', 'bit', 'the', 'dust', '...', 'i', 'wanted', 'an', 'android', 'and', 'my', 'dad', 'reccomended', 'an', 'lg..', 'the', 'reviews', 'on', 'this', 'i', 'e', 'were', 'good', '...', 'i', 'spent', 'more', 'than', 'i', 'had', 'origionally', 'planned', 'but', 'everyone', 'said', 'great', 'phone', 'for', '$', '350', 'which', 'when', 'i', 'dont', 'have', 'to', 'make', 'payments', 'on', 'a', 'phone', 'is', 'actually', 'a', 'good', 'price', '...', 'they', 'werent', 'wrong', '!', 'i', 'am', 'not', 'used', 'to', 'the', 'speed', 'or', 'the', 'capacity', 'of', 'what', 'it', 'can', 'do', '!', 'i', 'have', 'been', 'using', 'the', 'battery', 'a', 'lot', 'just', 'caise', 'i', 'cant', 'put', 'it', 'down', '.', 'the', 'only', 'thibg', 'i', 'dont', 'love', 'is', 'i', 'couldnt', 'immediatly', 'figure', 'out', 'how', 'to', 'turn', 'off', 'the', 'data', '.', 'and', 'use', 'my', 'wi-fi', 'instead..but', 'once', 'i', 'figured', 'that', 'out', '(', 'the', 'next', 'day', ')', 'i', 'havent', 'had', 'issues', '.', 'also', 'it', 'takes', 'a', 'nano', 'sim', 'card', 'so', 'i', 'litterally', 'went', 'to', 'at', '&', 't', 'with', 'old', 'and', 'new', 'phone', 'and', 'they', 'took', 'care', 'of', 'sim', 'card', 'and', 'phone', 'transfer', 'all', 'done', 'in', '10', 'min', '.', 'was', 'happy', '!', 'i', 'am', 'just', 'sad', 'i', 'waoted', 'so', 'long', 'to', 'make', 'the', 'switch', '!', '!'],
['this', 'phone', 'is', 'replacing', 'the', 'lg', 'v20', 'that', 'i', 'loved', 'for', 'years', '.', 'a', 'little', 'smaller', 'but', 'a', 'powerhouse', 'of', 'a', 'phone', '.', 'had', 'it', 'for', 'a', 'few', 'days', 'and', 'loving', 'it', '.', 'i', 'am', 'using', 'it', 'on', 'cricket', 'wireless', 'ans', 'no', 'problems', 'what', 'so', 'ever', '!'],
['i', 'am', 'afraid', 'i', 'have', 'to', 'give', 'a', '3', 'star', 'for', 'false', 'advertising', 'because', 'it', 'says', 'it', 'comes', 'unlocked', 'but', 'the', 'phone', 'is', 'still', 'locked', '.'],
['everything', 'is', 'great', 'about', 'this', 'phone', ',', 'especially', 'the', 'battery', 'life', '.', 'the', 'camera', 'is', 'amazing', '.', 'this', 'is', 'a', 'close-up', 'of', 'denim', 'fabric', 'on', 'a', 'pair', 'of', 'wrangler', 'blue', 'jeans', '.', 'the', 'at', '&', 't/android', 'software', 'has', 'two', 'bugs', 'which', 'annoy', 'me', ',', 'and', 'i', 'hope', 'get', 'fixed', 'in', 'a', 'later', 'revision', '.', '1.', 'occasionally', ',', 'the', 'email', 'app', 'will', 'display', 'all', 'messages', 'as', 'a', 'blank', 'white', 'screen', '.', 'you', 'have', 'to', 'open', 'the', 'app', 'manager', ',', 'force', 'stop', 'the', 'email', 'app', ',', 'and', 'then', 'restart', 'it', '.', '2.', 'the', 'os', 'will', 'randomly', 'disable', 'looping', 'home', 'screen', '.', 'you', 'have', 'to', 'open', 'settings', '>', 'display', '>', 'home', 'screen', 'to', 're-enable', 'it', '.'],
['for', 'the', 'price', 'this', 'is', 'a', 'great', 'phone', '.'],
['it', 'works', 'with', 'freedom', 'mobile', 'and', 'is', 'roaming', 'on', 'at', '&', 't', '.', 'great', 'cellphone', 'and', 'a', 'steal', 'for', '$', '380', '!', '!', 'could', 'not', 'yet', 'find', 'a', 'quality', 'screen', 'protector', 'and', 'a', 'thin', 'case', '...'],
['definitely', 'one', 'of', 'the', 'best', 'friends', 'i', 'have', 'ever', 'purchase'],
['this', 'is', 'a', 'wonderful', 'phone', 'at', 'a', 'great', 'price', '.', 'i', 'refuse', 'to', 'spend', 'the', 'ridiculous', 'amount', 'of', 'money', 'that', 'samsung', 'and', 'apple', 'charges', 'for', 'their', 'phones', '.', 'this', 'phone', 'is', 'just', 'as', 'good', 'if', 'not', 'better', '!', 'i', 'have', 'cricket', '.', 'took', 'it', 'out', 'of', 'the', 'box', ',', 'plugged', 'in', 'my', 'sim', 'card', 'and', 'it', 'worked', 'perfectly', 'with', 'no', 'issues', '.', 'excellent', 'battery', 'life', 'and', 'great', 'camera', '.', 'there', 'are', 'tons', 'of', 'things', 'you', 'can', 'do', 'to', 'customize', 'it', '.', 'it', 'is', 'the', 'best', 'phone', 'i', 'have', 'ever', 'owned', '!', 'it', 'also', 'came', 'in', '1', 'day', 'from', 'amazon', 'with', 'free', 'prime', 'shipping', '!'],
['i', 'have', 'cricket', 'service', 'and', 'it', 'works', 'perfectly'],
['not', 'unlocked'],
['thin'],
['phone', 'works', 'great'],
['i', 'bought', 'this', 'device', 'to', 'activate', 'on', 'straight', 'talk', 'gsm', ',', 'and', 'as', 'advertised', ',', 'this', 'product', 'is', 'unlocked', '.', 'at', '&', 't', 'is', 'bloatware', 'is', 'relatively', 'unintrusive', ',', 'and', 'after', 'cleanup', 'it', 'does', 'not', 'take', 'up', 'much', 'of', 'the', 'device', 'is', 'internal', 'storage', '.', 'with', 'that', 'said', ',', 'it', 'is', 'an', 'excellent', 'phone', 'with', 'few', 'compromises', '.', 'overall', ',', 'the', 'lg', 'v35', 'is', 'build', 'quality', 'is', 'excellent', '.', 'beautiful', 'glass', 'exterior', 'with', 'a', 'stylish', 'design', 'reminiscent', 'of', 'a', 'galaxy', 's9+', '.', 'it', 'feels', 'great', 'in', 'the', 'hand', ',', 'even', 'with', 'a', 'bulky', 'impact', 'case', 'on', '.', 'the', '1440p', 'oled', 'screen', 'is', 'fantastic', 'as', 'well', '.', 'it', 'is', 'nearly', 'as', 'good', 'as', 'a', 'samsung', 'panel', '.', 'performance-wise', ',', 'this', 'device', 'is', 'quite', 'snappy', '.', 'the', 'snapdragon', '845', 'and', '6gb', 'of', 'ram', 'make', 'multitasking', 'a', 'breeze', ',', 'and', 'there', 'is', 'no', 'lag', 'in', 'lg', 'is', 'stock', 'rom', 'at', 'all', ',', 'even', 'with', 'all', 'the', 'apps', 'i', 'have', 'installed', '.', 'the', 'lte', 'modem', 'delivers', 'outstanding', 'performance', ',', 'as', 'does', 'the', 'wi-fi', 'modem', '.', 'i', 'have', 'never', 'been', 'able', 'to', 'get', '70mbps', 'download', 'over', 'lte', 'in', 'my', 'back', 'yard', ',', 'but', 'now', 'i', 'can', '.', 'the', 'camera', 'is', 'great', 'as', 'well', '.', 'the', 'rear', 'cameras', 'take', 'great', 'still', 'shots', ',', 'and', 'the', 'front', 'camera', 'is', 'more', 'than', 'adequate', 'for', 'snapchat', '.', 'video', 'is', 'also', 'quite', 'good', '.', 'the', 'images', 'are', 'very', 'vivid', 'and', 'crisp', '.', 'battery', 'life', 'is', 'acceptable', ',', 'and', 'it', 'is', 'not', 'really', 'a', 'problem', 'if', 'you', 'have', 'the', 'included', 'fast', 'charge', 'brick', 'on', 'hand', '.', 'audio', 'is', 'also', 'pretty', 'good', '.', 'it', 'comes', 'with', 'a', 'high-quality', 'dac', 'for', '3.5mm', 'headphone', 'audio', 'playback', ',', 'which', 'sounds', 'excellent', '.', 'the', 'mono', 'speaker', 'is', 'decent', 'for', 'voice', 'calls', 'and', 'talk', 'shows', ',', 'but', 'is', 'pretty', 'shrill', 'for', 'music', '.', 'it', 'does', 'come', 'with', 'at', '&', 't-specific', 'features', 'like', 'visual', 'voicemail', ',', 'voice', 'over', 'lte', ',', 'and', 'wifi', 'calling', ',', 'but', 'i', 'have', 'yet', 'to', 'get', 'them', 'working', 'on', 'straight', 'talk', '.', 'my', 'only', 'concern', 'is', 'software', 'updates', '.', 'the', 'included', 'software', 'is', 'pretty', 'good', ',', 'but', 'the', 'security', 'patches', 'only', 'reach', 'november', '2018', ',', 'and', 'lg', 'is', 'notorious', 'for', 'being', 'slow', 'with', 'software', 'updates', '.', 'if', 'you', 'absolutely', 'need', 'up', 'to', 'date', 'security', 'patches', ',', 'beware', '.', 'i', 'would', 'normally', 'expect', 'a', 'phone', 'like', 'this', 'to', 'cost', '$', '700', ',', 'and', 'even', 'then', 'it', 'is', 'a', 'reasonable', 'price', ',', 'especially', 'if', 'you', 'are', 'an', 'at', '&', 't', 'customer', '.', 'however', ',', 'it', 'is', 'only', '$', '350', ',', 'and', 'it', 'is', 'an', 'excellent', 'deal', '.', 'would', 'recommend', '.'],
['no', 'es', 'nuevo..', '!', '?', 'basura', 'to', 'much', 'money', '...', '!'],
['i', 'have', 'had', 'lg', 'phones', 'for', 'a', 'while', 'now', '.', 'i', 'have', 'loved', 'lg', 'phones', 'i', 'have', 'bragged', 'about', 'lg', 'phones', 'i', 'had', 'the', 'lg', '3', 'and', 'the', 'lg', '6', 'they', 'both', 'lasted', 'way', 'beyond', 'the', 'two-year', 'commitment', '.', 'the', 'cameras', 'on', 'both', 'of', 'those', 'phones', 'we', 'are', 'awesome', '.', 'when', 'you', 'took', 'a', 'picture', 'it', 'was', 'the', 'color', 'of', 'the', 'item', 'you', 'were', 'taking', 'a', 'picture', 'of', '.', 'the', 'colors', 'are', 'so', 'off', 'you', 'do', 'not', 'even', 'want', 'to', 'save', 'the', 'picture', '.', 'for', 'me', 'a', 'great', 'camera', 'on', 'a', 'phone', 'is', 'very', 'important', 'i', 'take', 'pictures', 'of', 'my', 'craft', 'items', 'to', 'sell', 'now', 'i', 'am', 'going', 'to', 'have', 'to', 'buy', 'a', 'camera', 'where', 'i', 'did', 'not', 'have', 'to', 'do', 'that', 'before', '.', 'also', 'we', 'have', 'a', 'dead', 'zone', 'down', 'the', 'road', 'that', 'we', 'drive', 'through', 'my', 'daughter', 'has', 'had', 'issues', 'going', 'through', 'that', 'dead', 'zone', 'for', 'years', 'with', 'her', 'samsung', 'even', 'with', 'verizon', '.', 'i', 'never', 'had', 'a', 'problem', 'going', 'through', 'the', 'dead', 'zone', 'when', 'i', 'had', 'the', 'lg', '3', 'or', 'the', 'lg', '6', 'now', 'i', 'drop', 'calls', 'just', 'like', 'everybody', 'else', 'in', 'the', 'family', '.', 'also', 'i', 'have', 'issues', 'with', 'the', 'gps', 'i', 'did', 'a', 'trip', 'in', '2017', 'going', 'through', 'eight', 'states', 'and', 'depended', 'on', 'the', 'gps', 'system', 'and', 'never', 'had', 'a', 'problem', 'going', 'through', 'mountain', 'towns', 'and', 'areas', 'where', 'i', 'questioned', 'losing', 'service', 'but', 'never', 'did', 'with', 'the', 'lg', '6.', 'this', 'phone', 'loses', 'its', 'gps', 'tracking', 'system', 'on', 'a', 'regular', 'basis', 'staying', 'within', '50', 'miles', 'of', 'my', 'house', '.', 'i', 'would', 'never', 'chance', 'taking', 'a', 'trip', 'with', 'this', 'phone', '.', 'i', 'did', 'not', 'buy', 'this', 'off', 'of', 'amazon', 'this', 'was', 'a', 'free', 'phone', 'given', 'to', 'us', 'for', 'switching', 'to', 'at', '&', 't', '.', 'when', 'i', 'had', 'the', 'lg', 'g3', 'and', 'lg', 'g6', 'we', 'had', 'verizon', 'awesome', 'carrier', 'love', 'them', 'miss', 'them', '.', 'so', 'i', 'do', 'not', 'know', 'if', 'it', 'is', 'at', '&', 't', 'coverage', 'or', 'if', 'it', 'is', 'the', 'phone', 'but', 'i', 'need', 'to', 'write', 'a', 'review', 'on', 'it', 'so', 'if', 'these', 'things', 'that', 'i', 'have', 'dealt', 'with', 'are', 'important', 'to', 'someone', 'else', 'they', 'might', 'want', 'to', 'look', 'for', 'another', 'phone', '.'],
['lg', 'v35', 'is', 'the', 'best', 'lg', 'phone', 'i', 'have', 'purchased', 'without', 'paying', 'to', 'much', '.'],
['the', 'phone', 'was', 'in', 'fact', 'new', 'and', 'unlocked', '.', 'works', 'very', 'well', 'with', 'straight', 'talk', '.', 'remember', 'to', 'punch', 'out', 'the', 'nano-sized', 'card', 'and', 'place', 'it', 'in', 'the', 'slot', 'at', 'the', 'front', 'of', 'the', 'sim', 'holder', '.', 'after', 'you', 'get', 'set', 'up', 'with', 'the', 'carrier', 'you', 'will', 'need', 'to', 'google', 'the', 'apn', 'settings', 'for', 'that', 'carrier', 'and', 'manually', 'enter', 'them', 'into', 'the', 'phone', '.', 'a', 'high', 'quality', 'phone', 'at', 'a', 'super', 'price', '.'],
['i', 'bought', '2', 'of', 'these', 'for', 'me', 'and', 'my', 'wife', 'and', 'we', 'love', 'them', '.', 'upgraded', 'from', 'v20', 'and', 'the', 'battery', 'life', 'is', 'a', 'big', 'improvement', '.', 'works', 'great', 'on', 'tmobile', 'no', 'issues', 'at', 'all'],
['quiet', 'speaker', 'and', 'slow', 'camera'],
['tmobile', 'metro', 'by', 'tmobile', 'and', 'all', 'other', 'carriers', 'will', 'work', 'but', 'provide', 'terrible', 'and', 'horrible', 'signal', '.', 'love', 'the', 'phone', 'but', 'not', 'having', 'service', 'in', 'places', 'where', 'others', 'do', 'and', 'only'],
['i', 'looked', 'over', 'a', 'lot', 'of', 'phones', 'looking', 'for', 'a', 'replacement', 'aging', 'nexus', '6', ',', 'pocophone', 'looked', 'good', 'but', 'has', 'questionable', 'carrier', 'compatibility', 'and', 'a', 'lot', 'of', 'other', 'unlocked', 'phones', 'in', 'the', '>', '$', '300-400', 'range', '.', 'all', 'the', 'budget', 'phones', 'had', 'some', 'serious', 'down', 'side', ',', 'missing', 'some', 'key', 'feature', 'or', 'just', 'a', 'low', 'spec', 'components', '.', 'then', 'i', 'stumbled', 'on', 'to', 'the', 'lg', 'v35', 'and', 'specs', 'were', 'on', 'par', 'with', 'much', 'pricier', 'phones', ',', 'the', 'screen', 'is', 'oled', 'witch', 'i', 'prefer', 'and', 'better', 'than', '1080', ',', 'had', 'expandable', 'memory', ',', 'cameras', 'very', 'good', ',', 'battery', 'hold', 'charge', 'for', 'a', 'long', 'time', '.', 'i', 'was', 'a', 'little', 'worried', 'about', 'lg', 'as', 'had', 'bad', 'experience', 'with', 'nexus', '5x', 'in', 'the', 'past', ',', 'but', 'looking', 'at', 'the', 'reviews', 'those', 'issues', 'were', 'resolved', '.', 'i', 'also', 'looked', 'at', 'the', 'v40', ',', 'but', 'not', 'a', 'fan', 'of', 'the', 'notch', ',', 'and', 'it', 'is', 'more', 'money', 'with', 'similar', 'specs', '.', 'so', 'my', 'opinion', 'is', 'this', 'is', 'the', 'best', 'phone', 'for', 'the', 'money', 'right', 'now', ',', 'yes', 'its', 'been', 'released', 'a', 'year', 'ago', ',', 'but', 'compared', 'to', 'current', 'phones', 'in', 'the', 'price', 'range', 'v35', 'beats', 'them', 'no', 'question', '.', 'it', 'is', 'odd', 'that', 'this', 'phone', 'is', 'not', 'more', 'popular', ',', 'i', 'guess', 'at', 'release', '$', '900', 'price', 'tag', 'scared', 'people', 'and', 'then', 'it', 'faded', 'out', 'of', 'the', 'spotlight', '.', 'what', 'i', 'did', 'not', 'like', ':', 'i', 'am', 'coming', 'from', 'a', '6', 'inch', 'phone', 'the', 'older', 'wider', 'screen', ',', 'this', 'screen', 'is', 'a', 'little', 'narrower', '.', 'it', 'is', 'still', 'good', 'size', ',', 'length', 'wise', 'about', 'the', 'same', '.', 'when', 'watching', 'youtube', 'vertically', 'feels', 'like', 'a', 'smaller', 'screen', '.', 'it', 'is', 'a', 'little', 'less', 'bright', 'than', 'my', 'old', 'phone', ',', 'could', 'be', 'a', 'good', 'thing', 'as', 'nexus', 'was', 'too', 'bright', 'at', 'lowest', 'setting', 'when', 'using', 'at', 'night', '.', 'coming', 'off', 'of', 'stock', 'android', ',', 'i', 'do', 'not', 'like', 'lg', 'and', 'att', 'bloatware', 'and', 'skins', '.', 'the', 'shareware', 'is', 'not', 'a', 'deal', 'breaker', ',', 'nothing', 'that', 'can', 'not', 'be', 'worked', 'around', ',', 'but', 'thought', 'i', 'mention', 'it', '.', 'so', 'i', 'am', 'happy', 'with', 'the', 'purchase', 'and', 'with', 'the', 'better', 'components', 'this', 'phone', 'should', 'last', 'me', 'for', 'a', 'while', ',', 'highly', 'recommend', 'this', 'phone', '.'],
['great', 'phone', 'for', 'its', 'price'],
['i', 'am', 'not', 'a', 'techie', '.', 'i', 'had', 'my', 'lg', 'optimus', 'prog', 'for', 'about', '4', 'years', 'and', 'was', 'very', 'happy', 'with', 'it', '.', 'it', 'took', 'me', 'a', 'long', 'time', 'to', 'finally', 'settle', 'on', 'this', 'phone', 'and', 'i', 'love', 'it', '.', 'it', 'was', 'very', 'easy', 'to', 'set', 'up', 'and', 'use', '.', 'i', 'am', 'still', 'learning', 'all', 'the', 'things', 'this', 'phone', 'can', 'do', '.', 'i', 'am', 'happy', 'with', 'the', 'camera', 'and', 'the', 'music', 'player', 'and', 'speakers', '.'],
['this', 'phone', 'is', 'way', 'better', 'than', 'my', 'iphone', 'x', ',', 'the', 'camera', 'and', 'the', 'scree', 'is', 'what', 'makes', 'this', 'phone', 'shine', '.', 'thanks'],
['using', 'device', 'in', 'eu', 'and', 'everything', 'is', 'working', '!', 'phone', 'is', 'gsm', 'unlocked', ',', 'the', 'only', 'thing', 'you', 'will', 'need', 'is', 'to', 'set', 'up', 'apn', 'to', 'your', 'specific', 'mobile', 'network', 'provider', 'and', 'disable', 'the', 'at', '&', 't', 'bloatware', '.', 'flashing', 'the', 'phone', 'with', 'ulm', 'kdz', 'firmware', 'is', 'quite', 'easy', '(', 'tutorials', 'can', 'be', 'found', 'online', ')', 'and', 'has', 'an', 'option', 'to', 'keep', 'the', 'existing', 'files', '.', 'it', 'will', 'remove', 'all', 'the', 'bloatware', 'and', 'make', 'the', 'phone', 'eligible', 'to', 'the', 'upcoming', 'android', 'pie', 'update', '.', 'recommended', '!'],
['works', 'great', '.', 'very', 'fast', '.', 'i', 'get', 'a', 'lot', 'more', 'down', 'this', 'morning', 'than', 'any', 'other', 'i', 'have', 'used', 'before', '.'],
['got', 'this', 'through', 'at', '&', 't', 'last', 'november', '.', 'love', 'the', 'phone', '.', 'total', 'package', '.', 'lots', 'of', 'ram', 'and', 'storage', ',', 'nice', 'design', ',', 'good', 'screen', ',', 'good', 'battery', 'life', ',', 'good', 'performance', ',', 'good', 'cameras', ',', 'plenty', 'of', 'ram', 'and', 'storage', ',', 'water', 'resistence', ',', 'wireless', 'charging', ',', 'and', 'so', 'on', '.', 'great', 'value', 'especially', 'for', 'the', 'patient', 'ones', 'who', 'wait', 'at', 'least', '6', 'months', 'to', 'get', 'it', 'unlocked', '.', 'only', 'complaint', 'is', 'software', 'updates', 'but', 'beyond', 'that', 'you', 'can', 'not', 'go', 'wrong', 'here', '.', 'best', 'phone', 'from', 'lg', 'to', 'date', '.'],
['nice', 'cellphone', 'and', 'wonderful', 'condition', '.'],
