['is', 'this', 'phone', 'cheap', '?', 'no', '.', 'is', 'this', 'phone', 'overly', 'expensive', '?', 'also', 'no', '.', 'it', 'is', 'got', 'a', 'great', 'headphone', 'jack', 'with', 'a', 'custom', 'quad', 'dac', 'chip', 'built', 'into', 'the', 'phone', 'co-developed', 'between', 'ess', 'and', 'lg', '.', 'it', 'will', 'drive', 'your', 'higher', 'end', 'headphones', 'well', '.', 'it', 'has', 'google', 'assistant', 'built', 'in', '.', 'it', 'has', 'a', 'decent', 'size', 'battery', 'and', 'all', 'the', 'latest', 'doodads', 'to', 'charge', 'it', 'including', 'quick', 'charge', 'and', 'qi', 'wireless', 'charging', '.', 'the', 'processor', 'puts', 'it', 'on', 'equal', 'footing', 'with', 'the', 's9+', '.', 'also', 'it', 'has', 'this', 'nice', 'new', 'feature', 'where', 'you', 'can', 'use', 'it', 'to', 'place', 'telephone', 'calls', '.', 'crazy', 'what', 'they', 'can', 'do', 'with', 'technology', 'these', 'days', '.'],
['i', 'had', 'issues', 'with', 'delivery', '.', 'the', 'sellers', 'did', 'not', 'even', 'care', 'but', 'usps', 'was', 'quite', 'helpful', 'i', 'like', 'the', 'camera..', 'super', 'bright', '...', 'picks', 'out', 'every', 'pimple', 'and', 'the', 'battery', 'life', '?', 'awesome'],
['although', 'i', 'was', 'not', 'expecting', 'the', 'best', 'camera', 'out', 'there', ',', 'i', 'did', 'not', 'expect', 'such', 'a', 'low', 'quality', 'image', 'capture', '.', 'speed', 'is', 'extremely', 'slow', ',', 'making', 'any', 'slight', 'move', 'a', 'blur', '.', 'ai', 'seems', 'to', 'be', 'built', 'to', 'mess', 'your', 'photo', 'instead', 'of', 'helping', '.', 'go', 'manual', 'for', 'better', 'result', ',', 'but', 'remember', 'that', 'shutter', 'speed', 'will', 'limit', 'your', 'quality', 'due', 'to', 'extremely', 'low', 'processing', '.'],
[],
['was', 'my', 'first', 'android', 'phone', 'so', 'i', 'do', 'not', 'have', 'much', 'to', 'compare', 'it', 'to', '.', 'but', 'i', 'just', 'did', 'not', 'like', 'it', 'right', 'off', 'the', 'bat', '.', 'i', 'traded', 'it', 'in', 'for', 'a', 'galaxy', 's9+', 'and', 'i', 'love', 'it', '!'],
['phone', 'was', 'locked', 'to', 'claro', 'network', ',', 'could', 'not', 'use', 'on', 'my', 'current', 'network', '(', 'verizon', ')'],
['this', 'was', 'advertised', 'as', 'compatible', 'with', 'all', 'us', 'carriers', ',', 'but', 'the', 'phone', 'i', 'received', 'did', 'not', 'have', 'an', 'antenna', 'that', 'could', 'connect', 'to', 'verizon', 'is', 'network', '.'],
['i', 'have', 'been', 'using', 'the', 'g5', 'and', 'g6', 'is', 'because', 'of', 'the', 'wide', 'angle', 'selfie', '.', 'now', 'the', 'g7', 'has', 'quietly', 'removed', 'that', 'feature', '.', 'if', 'i', 'had', 'known', 'that', ',', 'i', 'would', 'not', 'order', 'the', 'product', '.', 'now', 'i', 'am', 'returning', 'it', 'and', 'might', 'get', 'the', 'upcoming', 'v40', 'instead', '.', 'lg', 'should', 'have', 'been', 'more', 'clear', 'about', 'this', 'on', 'their', 'website', 'and', 'product', 'promotion', '.'],
['i', 'got', 'this', 'phone', 'as', 'a', 'present', 'and', 'really', 'love', 'it', '.', 'was', 'able', 'to', 'try', 'this', 'and', 'some', 'of', 'it', 'is', 'competitors', 'in', 'a', 'store', 'to', 'see', 'how', 'each', 'felt', 'in', 'my', 'hand', ',', 'how', 'easy', 'was', 'it', 'to', 'handle', ',', 'how', 'good', 'was', 'the', 'display', 'and', 'i', 'took', 'photos', 'of', 'the', 'some', 'object', '(', 'my', 'husband', ')', 'at', 'the', 'same', 'distance', 'with', 'each', 'one', '.', 'i', 'take', 'quite', 'a', 'few', 'pictures', 'so', 'i', 'was', 'happy', 'so', 'the', 'final', 'determiner', 'for', 'me', 'was', 'the', 'clarity', 'of', 'the', 'pictures', 'and', 'quality', 'of', 'the', 'color', 'without', 'using', 'filters', '.', 'call', 'quality', 'is', 'splendid', '.', 'display', 'is', 'so', 'great', 'i', 'do', 'not', 'even', 'have', 'to', 'use', 'my', 'reading', 'glasses', '.', 'and', 'the', 'different', 'features', 'are', 'very', 'fun', 'and', 'easy', 'to', 'use', '.', 'great', 'processor', 'as', 'well', '.'],
['lte', 'does', 'not', 'supported', 'band', '3', 'used', 'in', 'europe', 'why', '?', 'this', 'does', 'not', 'suppose', 'to', 'be', 'cheap', 'smartphone'],
['this', 'phone', 'is', 'from', 'argentina', 'so', 'it', 'may', 'not', 'work', 'as', 'expected', '.'],
['before', 'i', 'start', 'my', 'review', ',', 'i', 'would', 'like', 'to', 'mention', 'that', 'my', 'previous', 'phones', 'were', 'the', 'iphone', '5', ',', 'samsung', 'galaxy', 's7', ',', 'and', 'a', 'samsung', 'galaxy', 's9', '.', 'i', 'will', 'use', 'the', 'galaxy', 's9', 'for', 'a', 'couple', 'of', 'examples', 'since', 'it', '’', 's', 'the', 'last', 'phone', 'i', 'had', '(', 'and', 'my', 'wife', 'still', 'has', 'hers', ')', '.', 'alright', ',', 'hold', 'on', 'tight', 'for', 'this', 'one', 'because', 'i', 'got', 'inspired', 'lol…', 'pros', ':', 'screen', '-', 'the', 'first', 'thing', 'that', 'with', 'catch', 'your', 'attention', 'is', 'the', 'screen', '.', 'this', 'screen', 'is', 'colorful', ',', 'sharp', ',', 'bright', ',', 'and', 'very', 'attractive', 'to', 'the', 'eye', '.', 'it', 'has', 'a', 'feature', 'i', '’', 've', 'never', 'seen', 'on', 'any', 'other', 'phone', 'where', 'it', 'can', 'boost', 'the', 'screen', 'brightness', 'at', 'a', 'very', 'high', 'level', 'so', 'its', 'easy', 'to', 'use', 'when', 'on', 'direct', 'sunlight', '.', 'also', ',', 'its', 'flat', 'which', 'means', 'no', 'weird', 'edge', 'screen', 'like', 'the', 'galaxy', 's9', '(', 'this', 'means', 'no', 'screen', 'glare', 'on', 'the', 'corners', 'and', 'tempered', 'glass', 'screen', 'protectors', 'are', 'compatible', ')', '.', 'camera', '–', 'the', 'camera', 'is', 'very', 'impressive', 'with', 'nice', 'color', 'enhancements', '.', 'the', 'coolest', 'feature', 'is', 'the', 'wide-angle', 'lens', '.', 'its', 'not', 'a', 'fisheye', 'like', 'the', 'gopro', ',', 'but', 'it', 'lets', 'you', 'take', 'incredible', 'photos', 'from', 'a', 'very', 'close', 'distance', '.', 'battery', '–', 'yeah', ',', 'i', 'have', 'no', 'idea', 'why', 'people', 'complain', 'about', 'the', 'battery', 'of', 'this', 'phone', '.', 'maybe', 'is', 'because', 'they', 'pay', 'too', 'much', 'attention', 'to', 'the', 'hardware', '.', 'the', 'truth', 'is', 'the', 'phone', 'lasts', 'the', 'entire', 'day', 'with', 'absolutely', 'no', 'problem', '.', 'i', 'feel', 'the', 'battery', 'performance', 'is', 'as', 'good', '(', 'if', 'not', 'better', ')', 'than', 'the', 'galaxy', 's9', '.', 'face', 'recognition', '–', 'the', 'face', 'recognition', 'is', 'fast…very', 'fast', '.', 'you', 'don', '’', 't', 'have', 'to', 'find', 'the', 'perfect', 'angle', 'or', 'wait', 'for', 'it', 'to', 'unlock', '.', 'i', 'find', 'it', 'to', 'unlock', 'in', '1', 'second', 'or', 'less', '.', 'sound', '–', 'the', 'sound', 'its', 'loud', ',', 'clear', ',', 'but', 'when', 'placed', 'on', 'a', 'table', 'it', 'has', 'no', 'competition', '.', 'it', 'really', 'beats', 'the', 'phones', 'out', 'there', '.', 'cons', ':', 'camera', '–', 'although', 'the', 'camera', 'in', 'general', 'way', 'better', 'than', 'the', 'samsung', 'galaxy', 's9', ',', 'night', 'photography', '(', 'front', 'camera', ')', 'with', 'the', 's9', 'turns', 'out', 'to', 'be', 'slightly', 'better', '.', 'this', 'is', 'because', 'the', 's9', 'has', 'double', 'aperture', '.', 'side', 'button', '–', 'this', 'phone', 'includes', 'an', 'extra', 'button', 'that', 'activates', 'google', 'now', '.', 'i', 'do', 'not', 'use', 'google', 'now', 'so', 'it', 'would', 'be', 'nice', 'to', 'be', 'able', 'to', 'use', 'this', 'button', 'as', 'another', 'shortcut', 'such', 'as', 'camera', ',', 'email', ',', 'or', 'any', 'other', 'thing', '.'],
['purchased', 'through', 'verizon', 'not', 'amazon', ',', 'but', 'am', 'very', 'happy', 'with', 'this', 'phone', '.', 'it', 'replaced', 'my', 'droid', 'turbo', '2.', 'i', 'did', 'a', 'lot', 'of', 'research', 'first', 'and', 'am', 'happy', 'i', 'did', '.', 'it', 'is', 'quick', ',', 'has', 'a', 'great', 'quality', 'screen', ',', 'takes', 'nice', 'pics', '(', 'even', 'in', 'low', 'light', ')', ',', 'and', 'is', 'very', 'customizable', 'and', 'user', 'friendly', '.', 'glad', 'it', 'still', 'has', 'a', 'headphone', 'jack', 'and', 'sd', 'slot', '.', 'battery', 'life', 'is', 'not', 'unbelievable', ',', 'but', 'it', 'seems', 'comparable', 'with', 'all', 'the', 'other', 'major', 'models', 'out', 'there', 'now', '.', 'also', ',', 'sound', 'quality', 'is', 'a', 'little', 'disappointing', '-', 'the', 'loud', 'end', 'really', 'loses', 'quality', 'and', 'sounds', 'tinny', '.', 'but', 'overall', ',', 'i', 'would', 'recommend', 'to', 'a', 'friend', 'and', 'would', 'purchase', 'again', 'myself', '.'],
['returned', 'phone', 'with', 'in', 'few', 'days', '!', 'camera', 'locks', 'up', 'when', 'taking', 'pictures', '.', 'have', 'completely', 'go', 'out', 'of', 'camera', 'mode', 'then', 'return', '.', 'by', 'then', 'subject', 'is', 'missed', '.', 'freezes', 'when', 'typing', '.', 'people', 'cant', 'hear', 'me', 'alot', 'or', 'me', 'hear', '.', 'have', 'to', 'turn', 'phone', 'practically', 'up', 'your', 'nose', 'and', 'cover', 'face', '.', 'things', 'seem', 'to', 'just', 'dissappear', 'like', 'icons', 'and', 'pictures', 'go', 'to', 'different', 'places', '.', 'touch', 'screen', 'is', 'good', '.', 'alot', 'probs', 'and', 'impatient', 'to', 'use', 'and', 'figure', 'out', '.', 'went', 'back', 'to', 'store', 'several', 'times', '.', 'they', 'already', 'to', 'redo', 'and', 'reset', 'things', '.', 'they', 'asked', 'if', 'i', 'wanted', 'to', 'new', '1.', 'no', '!', 'now', 'getting', 'the', 'g6', 'wich', 'i', 'should', 'have', 'gotten', '!', '!', '!', 'now', 'i', 'have', 'to', 'pay', 'restock', 'fee', 'and', 'tax', 'again', '!', '!', '!', 'hate', 'this', 'phone', '.', 'had', 'my', 'daughter', 'try', 'it', '.', 'she', 'hates', 'it', 'to', '.', 'she', 'has', 'the', '6.', 'for', 'the', 'price', '...', '.no', '!', '!', '!', 'features', 'not', 'much', 'different', 'but', 'dont', 'work', 'as', 'should', 'or', 'when', 'they', 'want', '.', 'no', 'again', 'to', 'suggest', 'this', 'phone', '!', '!', 'company', 'just', 'pushed', 'purchase', 'because', 'it', 'was', 'more', '$', '.', 'my', 'opinion', '.', 'if', 'this', 'works', 'out', 'for', 'others', 'good', 'for', 'you', '.', 'i', 'must', 'have', 'gotten', 'the', 'bad', '1', '.'],
['last', 'year', 'lg', 'made', 'a', 'big', 'deal', 'about', 'how', 'they', 'were', 'going', 'to', 'update', 'their', 'phones', 'in', 'a', 'timely', 'manner', '.', 'this', 'could', 'not', 'be', 'further', 'from', 'the', 'truth', '.', 'here', 'we', 'are', 'in', 'q2', 'of', '2019', 'and', 'this', 'phone', 'is', 'still', 'on', 'android', '8', '(', 'not', 'even', '8.1', ')', '.', 'coming', 'from', 'a', 'pure', 'android', 'before', 'that', 'got', 'updates', 'within', 'a', 'few', 'months', ',', 'this', 'is', 'a', 'huge', 'disappointment', '.', 'lg', 'android', 'customizations', 'are', 'more', 'annoying', 'than', 'useful', 'and', 'hardly', 'outweigh', 'the', 'new', 'features', 'that', 'android', '9', 'has', '.', 'i', 'would', 'gladly', 'go', 'to', 'a', 'stock', 'android', 'os', 'if', 'it', 'meant', 'they', 'could', 'roll', 'out', 'an', 'update', 'in', 'a', 'timely', 'manner', '.', 'lg', 'spends', 'all', 'of', 'their', 'resources', 'making', 'new', 'phones', '(', 'who', 'else', 'has', '2', '``', 'flagship', "''", 'phones', 'at', 'the', 'same', 'time', 'that', 'are', 'so', 'similar', 'it', 'is', 'difficult', 'to', 'tell', 'them', 'apart', '?', ')', 'instead', 'of', 'updating', 'the', 'phones', 'they', 'have', 'and', 'wonders', 'why', 'their', 'mobile', 'devision', 'is', 'failing', '.'],
['everything', 'was', 'perfect', '.', 'phone', 'was', 'as', 'new', '.', 'three', 'weeks', 'so', 'far', 'and', 'no', 'issues'],
['i', 'bought', 'this', 'for', 'the', 'following', 'to', 'replace', 'my', 'old', 'sony', 'xz', '.', '1.', 'radio', '--', 'yes', ',', 'some', 'of', 'us', 'listen', 'to', 'the', 'radio', ',', 'but', 'it', 'was', 'not', 'a', 'major', 'factor', '.', '2.', 'audio', 'jack', '--', 'bad', 'experience', 'with', 'dongles', '.', 'bluetooth', 'do', 'not', 'last', 'if', 'you', 'are', 'on', 'the', 'phone', 'for', 'hours', 'for', 'work', '.', 'this', 'was', 'a', 'key', 'factor', '.', '3', '.', '2', 'year', 'limited', 'warranty', '.', 'this', 'kind', 'of', 'sweetened', 'the', 'deal', '.', 'other', 'reasons', 'to', 'like', 'this', ':', '1.', 'music', '.', 'i', 'heard', 'about', 'the', 'audio', 'feature', 'and', 'was', 'majorly', 'impressed', 'compared', 'to', 'my', 'sony', 'xz', 'which', 'i', 'replaced', 'this', 'with', '.', 'some', 'things', 'to', 'get', 'used', 'to', ':', '1.', 'getting', 'used', 'to', 'the', 'new', 'interface', 'coming', 'from', 'a', 'different', 'brand', '.', 'not', 'a', 'major', 'issue', '.', '2.', 'slightly', 'larger', 'than', 'i', 'expected', '.', 'can', 'not', 'simply', 'use', 'my', 'thumb', 'to', 'do', 'one', 'finger', 'typing', 'as', 'much', 'anymore', '.', 'oh', 'well', '.', 'overall', ',', 'i', 'was', 'deciding', 'between', 'the', 'samsung', 's9', 'and', 'the', 'lg', 'g7', 'thinq', '.', 'i', 'first', 'came', 'across', 'the', 'lg', 'g7', 'while', 'browsing', 'at', 'best', 'buy', 'and', 'noticed', 'the', 'lg', 'g6', 'on', 'display', '.', 'after', 'researching', 'more', 'online', ',', 'i', 'decided', 'on', 'the', 'lg', 'g7', 'and', 'purchased', 'it', 'online', '.', 'i', 'have', 'not', 'regretted', 'this', 'purchase', 'yet', '!'],
['having', 'issues', 'connecting', 'to', 'at', '&', 't', '4glte', '.', 'i', 'was', 'finally', 'able', 'to', 'get', 'connected', 'to', 'at', '&', 't', '3g', 'network', 'after', 'being', 'at', 'the', 'at', '&', 't', 'store', 'and', 'on', 'the', 'phone', 'for', '2', 'hours', '.', 'this', 'phone', 'is', 'from', 'the', 'latin', 'american', 'network', 'provider', 'claro', 'and', 'the', 'box', 'instructions', '(', 'all', 'in', 'spanish', ')', 'said', 'lg', 'panama', '.', 'this', 'is', 'my', '3rd', 'lg', 'g', 'series', 'phone', '.', 'i', 'like', 'the', 'fit', ',', 'simplicity', ',', 'and', 'performance', 'but', 'i', 'dont', 'think', 'i', 'will', 'buy', 'another', 'phone', 'from', 'amazon', '.'],
['i', 'love', 'the', 'ips', 'screen', '.', 'it', 'is', 'very', 'pleasing', 'and', 'easy', 'on', 'the', 'eyes', '.', 'the', 'phone', 'is', 'slightly', 'narrow', 'which', 'is', 'nice', '.', 'less', 'wide', 'makes', 'it', 'easier', 'to', 'use', '.', 'headphone', 'jack', 'is', 'nice', 'to', 'have', '.'],
['so', 'i', 'bought', 'this', 'at', 'b', '&', 'h', 'with', 'a', 'big', 'discount', '.', 'it', 'lists', '$', '120', 'less', 'than', 'this', 'one', ',', 'but', 'it', 'comes', 'with', 'several', 'freebies', 'that', 'make', 'the', 'phone', 'cost', 'around', '$', '530ish', '.', 'tx', '&', 'sh', 'are', 'included', '.', 'you', 'get', 'a', 'tempered', 'glass', 'screen', 'protector', '.', 'and', 'you', 'get', 'a', 'pair', 'of', 'earbuds', 'with', 'mic', '.', 'now', 'the', 'phone', '.', 'i', 'checked', 'this', 'out', 'at', 't', 'mobile', 'and', 'was', 'stunned', 'by', 'the', 'screen', '.', 'loved', 'the', '19.5:9', 'ratio', '.', 'it', 'makes', 'the', 'phone', 'bigger', 'than', 'my', 'old', 'one', 'without', 'making', 'it', 'too', 'big', '.', 'it', 'still', 'has', 'to', 'fit', 'in', 'my', 'front', 'pocket', '.', 'screen', 'is', 'so', 'nice', 'and', 'android', '8', 'is', 'nice', '.', 'the', 'two', 'things', 'i', 'look', 'for', 'in', 'a', 'phone', 'besides', 'calls', ',', 'text', 'and', 'email', 'is', 'for', 'photos', 'and', 'music', '.', 'camera', 'is', 'very', 'good', '.', '(', 'with', 'latest', 'updates', 'it', 'is', 'better', 'than', 'the', 'iphone', '7+', ')', 'maybe', 'not', 'the', 'very', 'best', ',', 'but', 'if', 'you', 'aren', '’', 't', 'a', 'youtube', 'reviewer', 'you', 'won', '’', 't', 'be', 'comparing', 'it', 'to', '10', 'other', 'phones', '.', 'took', 'some', 'videos', 'and', 'really', 'liked', 'them', '.', 'cool', 'feature', 'is', 'you', 'can', 'pause', 'the', 'video', ',', 'but', 'keep', 'it', 'as', 'one', 'video', 'file', ',', 'just', 'with', 'breaks', '.', 'it', 'also', 'has', 'separate', 'camera', 'and', 'video', 'record', 'buttons', ',', 'just', 'like', 'my', 'digital', 'camera', '.', 'no', 'fumbling', 'with', 'a', 'menu', 'to', 'switch', 'between', 'photo', 'and', 'video', '.', 'low', 'light', 'is', 'good', '.', 'wide', 'angle', 'is', 'really', 'nice', 'for', 'indoor', 'shots', '.', 'music', 'is', 'a', 'priority', 'to', 'me', '.', 'i', 'listen', 'to', 'music', 'thru', 'my', 'car', 'speakers', 'all', 'the', 'time', '.', 'i', 'also', 'need', 'a', 'headphone', 'jack', 'to', 'do', 'this', ',', 'so', 'that', 'really', 'limited', 'my', 'choices', '.', 'i', '’', 'm', 'so', 'glad', 'lg', 'kept', 'the', 'jack', '.', 'the', 'quad', 'dac', 'is', 'awesome', '!', 'it', 'does', 'make', 'the', 'music', 'sound', 'better', 'even', 'my', 'car', 'speakers', '.', 'boom', 'box', 'is', 'nice', ',', 'the', 'speaker', 'is', 'very', 'loud', ',', 'probably', 'the', 'loudest', 'you', 'can', 'get', '.', 'bass', 'is', 'absent', 'until', 'you', 'place', 'it', 'on', 'a', 'table', '.', 'mids', 'and', 'highs', 'are', 'just', 'fine', '.', 'overall', 'this', 'is', 'perfect', 'for', 'me', '.', 'no', 'messing', 'with', 'itunes', '.', 'i', 'hate', 'itunes', 'so', 'much', 'i', 'will', 'never', 'buy', 'an', 'iphone', '.', 'all', 'i', 'want', 'to', 'do', 'is', 'add', 'music', 'effortlessly', '.', 'really', 'just', 'love', 'everything', 'about', 'the', 'phone', '.', '2', 'month', 'update', ':', 'the', 'extended', 'battery', 'option', 'definitely', 'helps', 'with', 'battery', 'life', '.', 'i', '’', 'm', 'a', 'light', 'to', 'medium', 'user', ',', 'so', 'i', 'often', 'go', 'two', '+', 'days', 'before', 'charging', '.', 'fast', 'charge', 'really', 'is', 'fast', '.', 'it', 'charges', '1', '%', 'per', 'minute', '.', 'google', 'assistant', 'is', 'actually', 'really', 'cool', ',', 'when', 'it', 'works', '.', 'i', 'really', 'didn', '’', 't', 'know', 'what', 'this', 'was', 'all', 'about', ',', 'but', 'am', 'finding', 'that', 'i', 'use', 'it', 'a', 'lot', 'now', '.', 'it', '’', 's', 'just', 'like', 'alexa', ',', 'which', 'i', 'use', 'all', 'the', 'time', 'at', 'home', '.', 'so', 'using', 'this', 'isn', '’', 't', 'hard', 'to', 'get', 'use', 'to', '.', 'the', 'lg', 'g7', 'has', 'an', 'always', 'on', 'listening', 'mic', 'so', 'you', 'just', 'say', '‘', 'hey', 'google', '’', '.', 'most', 'will', 'complain', 'about', 'the', 'lg', 'skin', 'on', 'top', 'of', 'android', '.', 'i', 'actually', 'like', 'some', 'of', 'the', 'features', '.', 'the', 'floating', 'bar', 'is', 'useful', 'and', 'i', 'use', 'it', 'everyday', '.', 'i', 'use', 'the', 'lg', 'music', 'player', 'because', 'googles', 'music', 'player', 'is', 'just', 'an', 'ad', 'machine', '.', 'no', 'matter', 'what', 'setting', 'i', 'set', ',', 'google', 'music', 'will', 'eventually', 'start', 'pushing', 'its', 'paid', 'services', 'and', 'music', 'i', 'have', 'no', 'interest', 'in', '.', 'super', 'bright', 'boost', 'screen', 'is', 'actually', 'useful', '.', 'in', 'broad', 'daylight', 'while', 'wearing', 'sunglasses', ',', 'i', 'can', 'keep', 'my', 'sunglasses', 'on', 'and', 'still', 'see', 'my', 'screen', '.', 'i', '’', 've', 'used', 'boost', 'more', 'often', 'than', 'i', 'thought', 'i', 'ever', 'would', '.', 'so', 'many', 'unlock', 'methods', 'it', '’', 's', 'ridiculous', '.', 'i', 'use', 'in', 'this', 'order', ',', 'face', 'unlock', ',', 'fingerprint', 'unlock', ',', 'knock', 'code', ',', 'voice', 'unlock', '.', 'i', 'am', 'finding', 'that', 'i', 'wish', 'the', 'fingerprint', 'unlock', 'was', 'in', 'the', 'screen', 'instead', 'of', 'behind', '.', 'as', 'a', 'phone', 'the', 'size', 'is', 'really', 'nice', '.', 'thin', ',', 'kind', 'of', 'heavy', 'and', 'long', '.', 'it', 'reminds', 'me', 'of', 'holding', 'a', 'home', 'phone', '.', 'when', 'holding', 'it', 'up', 'to', 'my', 'ear', ',', 'the', 'mic', 'extends', 'all', 'the', 'way', 'to', 'my', 'mouth', ',', 'it', 'feels', 'natural', 'and', 'not', 'like', 'a', 'small', 'toy', 'the', 'way', 'most', 'phones', 'feel', '.', 'after', 'several', 'updates', 'the', 'camera', 'is', 'amazing', '!', 'some', 'of', 'the', 'best', 'photos', 'i', '’', 've', 'seen', '.', 'with', 'latest', 'updates', 'photos', 'are', 'now', 'better', 'than', 'the', 'iphone', '7+', '.', 'i', 'now', 'use', 'my', 'phone', 'for', 'all', 'photos', 'and', 'videos', 'and', 'no', 'longer', 'use', 'my', 'digital', 'camera', ',', 'the', 'quality', 'is', 'better', 'and', 'overall', 'experience', 'is', 'better', ',', 'faster', 'and', 'easier', 'than', 'my', 'canon', '.', 'loving', 'this', 'phone', '!'],
['i', 'have', 'now', 'had', 'two', 'experiences', 'with', 'them', 'that', 'were', 'both', 'around', 'their', 'horrible', 'design', 'for', 'sim', 'card', 'handling', '.', 'on', 'the', 'g6', ',', 'they', 'have', 'such', 'a', 'flimsy', 'sim', 'card', 'tray', 'that', 'they', 'routinely', 'break', 'and', 'often', 'that', 'is', 'inside', 'the', 'phone', '...', 'damaging', 'contacts', 'as', 'you', 'try', 'to', 'pull', 'the', 'mangled', 'tray', 'out', '.', 'do', 'a', 'quick', 'search', 'and', 'you', 'will', 'see', 'how', 'many', 'vendors', 'offer', 'replacement', 'trays', ',', 'and', 'how', 'many', 'users', 'are', 'screwed', 'by', 'the', 'thing', 'breaking', 'inside', 'the', 'phone', '.', 'that', 'is', 'then', 'your', 'problem', ',', 'because', 'it', 'is', '``', 'physical', 'damage', "''", ',', 'and', 'is', 'not', 'covered', 'by', 'their', 'warranty', 'program', '.', 'add', 'to', 'that', 'the', 'repair', 'policy', 'of', 'it', 'taking', '2', 'weeks', 'to', 'turn', 'your', 'repair', 'around', '(', 'so', 'yu', 'have', 'no', 'phone', ')', 'and', 'the', 'result', 'is', ':', 'i', 'will', 'never', 'buy', 'another', 'lg', 'phone', ',', 'and', 'i', 'strongly', 'suggest', 'you', 'also', 'avoid', 'their', 'products', '!', '!', '!', '!'],
['really', 'love', 'the', 'size', 'and', 'build', 'of', 'this', 'device', '.', 'the', 'audio', 'was', 'great', ',', 'the', 'screen', 'was', 'great', '.', 'performance', 'really', 'suffered', 'in', 'that', 'the', 'os', 'did', 'not', 'seem', 'optimized', 'for', 'the', 'hardware', '(', 'stutters', 'and', 'lags', ')', 'but', 'this', 'was', 'most', 'evident', 'in', 'the', 'camera', 'software', 'which', 'would', 'lock', 'up', 'during', 'launch', 'or', 'during', 'a', 'photo', 'capture', ',', 'sometimes', 'not', 'even', 'taking', 'a', 'photo', '.', 'this', 'was', 'also', 'reflecting', 'in', 'the', 'poor', 'battery', 'life', ',', 'very', 'moderate', 'use', 'in', 'good', 'signal', 'area', 'resulted', 'in', '50', '%', 'drain', 'with', 'only', 'a', 'few', 'hours', '(', 'mostly', 'in', 'standby', ')', '.', 'wanted', 'to', 'really', 'like', 'this', 'device', 'but', 'it', 'did', 'not', 'work', 'out', '.'],
['works', 'perfectly', 'on', 'at', '&', 't', ',', 'very', 'snappy', 'phone', ',', 'extremely', 'loud', 'audio', ',', 'would', 'buy', 'again', '!'],
['bought', 'this', 'phone', 'to', 'use', 'on', 'at', '&', 't', 'and', 'it', 'works', 'fine', '.', 'wifi', 'calling', 'does', 'not', 'work', 'with', 'at', '&', 't', 'and', 'that', 'is', 'what', 'i', 'need', 'to', 'be', 'able', 'to', 'use', 'it', 'in', 'my', 'house', '.'],
['i', 'actually', 'read', 'privacy', 'policies', ',', 'and', 'this', 'is', 'the', 'scariest', 'one', 'i', 'have', 'ever', 'seen', '.', 'not', 'only', 'does', 'lg', 'reserve', 'the', 'right', 'to', 'take', 'all', 'your', 'information', '(', 'location', ',', 'contacts', ',', 'pictures', ',', 'videos', ',', 'email', ',', 'etc', ')', 'for', 'their', 'thinq', 'ai', 'and', 'for', 'google', 'assistant', ',', 'they', 'also', 'reserve', 'the', 'right', 'to', 'force', 'over-the-air', 'updates', 'which', 'remove', 'features', 'from', 'the', 'phone', 'and', 'can', 'not', 'be', 'rolled', 'back', '.', 'you', 'are', 'paying', '$', '730', 'for', 'lg', 'to', 'potentially', 'spy', 'on', 'you', ',', 'sell', 'your', 'personal', 'data', 'to', 'everyone', 'else', ',', 'brick', 'your', 'phone', 'and', 'make', 'you', 'pay', 'more', 'to', 'get', 'it', 'working', 'again', '.', 'pretty', 'much', 'no', 'phone', 'has', 'privacy', 'anymore', ',', 'but', 'this', 'is', 'the', 'most', 'eggregious', 'violation', 'of', 'decency', 'i', 'have', 'seen', 'yet', '.', 'it', 'is', 'pretty', 'though', '...', 'i', 'wish', 'i', 'could', 'have', 'made', 'it', 'past', 'the', '``', 'agree', 'to', 'this', 'privacy', 'policy', "''", 'screen', 'to', 'see', 'what', 'else', 'it', 'could', 'have', 'done', '.'],
['i', 'like', 'this', 'phone'],
['this', 'is', 'a', 'steal', 'right', 'now', 'at', 'the', 'price', 'it', 'is', '(', 'grey', ')', '.', '$', '430', 'for', 'the', 'outgoing', 'flagship', 'level', 'phone', '.', 'i', 'got', 'a', 'factory', 'sealed', 'new', 'lm-g710ulm', 'from', 'amazon', ',', 'not', 'a', 'third', 'party', '.', 'unlocked', 'g7', 'gsm', '.', 'i', 'bought', 'a', 'nano', 'sim', 'since', 'my', 'old', 'phone', 'had', 'a', 'micro', 'and', 'i', 'did', 'not', 'want', 'to', 'cut', 'it', 'down', '.', 'straight', 'talk', 'wireless', '.', 'service', 'transferred', 'right', 'over', 'in', 'a', 'couple', 'of', 'minutes', '.', 'i', 'had', 'a', 'g3', 'and', 'the', 'backup', '&', 'restore', 'worked', 'like', 'a', 'champ', '.', 'toss', 'in', 'the', '2nd', 'year', 'of', 'warranty', 'from', 'lg', 'and', 'what', 'is', 'not', 'to', 'like', '?'],
['i', 'wish', 'i', 'would', 'have', 'purchased', 'my', 'other', 'phone', 'from', 'here', '.', 'the', 'product', 'arrived', 'as', 'described', 'no', 'issues', 'so', 'far', '!'],
['its', 'a', 'cheap', 'product', 'with', 'cheap', 'camera', '.', 'even', 'phones', 'costing', '100', '$', 'will', 'give', 'same', 'quality', 'pics', '.', 'both', 'front', 'and', 'back', 'are', 'worst', '.', '0/5', 'sound', 'is', 'not', 'to', 'the', 'expectation', 'bass', 'however', 'is', 'good', 'but', 'do', 'not', 'expect', 'much', '.', '1/5', 'display', 'i', 'would', 'give', 'negative', 'rating', '.', 'dont', 'expect', 'seeing', 'the', 'q', 'hd', 'or', 'other', 'things', '.', 'its', 'so', 'dull', '0/5', 'after', 'an', 'update', 'display', 'is', 'stunning', 'awesome', '.', '5/5', 'charging', 'is', 'in', 'reverse', 'way', 'lol', '.', 'it', 'went', 'down', 'from', '50', '%', 'to', '15', '%', 'in', '15', 'minutes', '.', 'but', 'from', '15', '%', 'to', '0', '%', 'in', '45minutes', '.', 'something', 'goes', 'wrong', 'here', '0/5', 'after', 'the', 'update', '4/5', 'dont', 'know', 'why', 'lg', 'is', 'feeling', 'high', 'in', 'pricing', 'the', 'phones', 'more', 'than', '600', '$', 'including', 'taxes', '.', 'i', 'would', 'tag', '150', '$', 'worth', 'for', 'lg', 'g7', 'thinq', '.', '(', 'negative', 'rating', '-5/5', ')', 'after', 'the', 'update', 'i', 'would', 'tag', '450', '$', 'phone', 'was', 'also', 'super', 'heat', 'sometimes', 'no', 'overheating', 'after', 'the', 'update', 'out', 'of', 'the', 'box', 'is', 'display', '(', 'super', 'bright', ')', 'and', 'camera', 'is', 'the', 'best', 'for', 'low', 'light', 'pics', '.', 'sound', 'or', 'gesture', 'vibration', 'patterns', 'are', 'so', 'good'],
['good', 'looking', 'phone', 'but', 'it', 'is', 'a', 'spanish', 'version', 'of', 'the', 'phone', 'and', 'is', 'also', 'not', 'compatible', 'with', 'verizon', '.', 'even', 'though', 'they', 'said', 'it', 'was', 'compatible', 'with', 'verizon', '.', 'not', 'lgs', 'fault', 'that', 'the', 'phone', 'was', 'not', 'as', 'advertised', '.', 'am', 'returning', 'it', 'in', 'the', 'morning', '.'],
['there', 'is', 'nothing', 'this', 'phone', 'does', 'not', 'do', 'well', '.', 'fast', 'and', 'good', 'battery', 'life', '.', 'the', 'display', 'really', 'is', 'readable', 'in', 'bright', 'sunlight', ',', 'and', 'the', 'sound', 'is', 'very', 'loud', 'and', 'clear', '.'],
['while', 'i', 'have', 'no', 'complaints', 'about', 'the', 'overall', 'performance', 'of', 'the', 'phone', ',', 'it', 'is', 'not', 'as', 'advertised', '.', 'it', 'is', 'on', 'a', 'network', 'called', 'claro', 'and', 'is', 'third', 'party', 'unlocked', '.', 'not', 'factory', 'unlocked', 'as', 'seller', 'claims', '.'],
['got', 'mine', 'used', ',', 'it', 'did', 'not', 'come', 'with', 'any', 'accessories', 'but', 'i', 'have', 'found', 'no', 'blemishes', '...', 'i', 'can', 'buy', 'accessories', 'xd', 'anyway', 'my', 'biggest', 'complaint', 'is', 'it', 'is', 'still', 'on', 'android', '8', 'oreo', '!', 'c', 'amon', 'lg', 'and', 'this', 'is', 'on', 'google', 'fi', 'it', 'is', 'fully', 'endorsed', 'by', 'google', 'i', 'did', 'not', 'expect', 'that', ':', '/', '.', 'android', '9', 'should', 'come', 'but', 'android', '10', 'is', 'out', 'so', '...', 'c', 'amon', 'lg', 'worst', 'support', 'ever', '(', 'for', 'a', 'flagship', 'device', ')', '.', '16:9', 'videos', 'understandably', 'do', 'not', 'fill', 'the', '18:9', 'screen', '(', 'i', 'do', 'not', 'know', 'what', 'i', 'was', 'expecting', '...', ')', '.', 'the', 'camera', '(', 'though', 'not', 'something', 'i', 'know', 'much', 'about', ')', 'is', 'really', 'not', 'that', 'great', '...', 'word', 'is', 'due', 'to', 'software', 'overhead', '(', 'android', '9', 'where', 'are', 'you', '?', '?', ')', '...', 'but', 'the', 'one', 'shot', 'i', 'took', 'was', 'so', 'blurry', ',', 'if', 'i', 'really', 'cared', 'though', 'i', 'could', 'find', 'a', 'better', 'app', 'to', 'use', 'and', 'so', 'on', 'but', 'default', 'it', 'sucks', '(', 'i', 'hear', 'it', 'gets', 'pretty', 'good', 'though', '...', ')', '.', 'ok', 'it', 'might', 'be', 'a', 'little', 'unresponsive', 'of', 'a', 'touchscreen', 'too-', 'i', 'have', 'noticed', 'on', 'my', 'tappy', 'tap', 'tap', 'game', 'it', 'sometimes', 'takes', '3', 'or', '4', 'taps', 'to', 'find', 'the', "'hotspot", "'", '...', 'i', 'mean', 'maybe', 'it', 'is', 'me', 'but', '...', 'my', 'history', 'with', 'lg', 'is', 'like', 'this', 'so', '...', 'it', 'could', 'be', 'the', 'software', '?', 'i', 'will', 'update', 'when', 'i', 'mod', 'the', 'phone', 'if', 'it', 'is', 'actually', 'a', 'thing', '...', 'also', 'part', 'is', 'cuz', 'i', 'am', 'not', 'used', 'to', 'such', 'a', 'small', 'bezel', 'like', 'where', 'does', 'the', 'screen', 'end', '?', 'so', 'i', 'could', 'be', 'touching', 'the', 'bezel', '.', 'that', 'is', 'a', 'short', 'set', 'of', 'negatives', 'on', 'a', '300', 'dollar', '(', '400', 'new', ')', 'phone', 'though', ',', 'pluses', 'include', 'widescreen', 'camera-', 'not', 'that', 'i', 'care', 'about', 'that', 'but', 'it', 'seems', 'to', 'be', 'all', 'the', 'rage', ',', 'a', 'boomin', 'speaker', '(', 'just', '1', 'speaker', 'mind', 'you', '...', 'but', 'i', 'can', 'hear', 'it', 'in', 'the', 'shower', 'without', 'bringing', 'it', 'into', 'the', 'actual', 'shower', 'that', 'is', 'loud', ')', 'that', 'is', 'basically', 'a', 'bluetooth', 'speaker', ',', 'quad', 'dac', 'that', 'makes', 'my', '$', '50', '100', 'ohm', 'yamahas', 'sound', 'like', '$', '500', 'bose', '(', 'overpriced', 'but', 'hey', '!', 'you', 'get', 'the', 'idea-', 'bose', 'headphones', 'are', 'better', 'quality', 'than', 'their', 'speakers', 'though', ')', ',', 'super', 'bright', 'screen', 'i', 'can', 'see', 'outside', 'and', 'a', 'great', '5+', 'hour', 'screen', 'on', 'time', '(', 'basically', 'all', 'day', 'battery', ')', '.', 'so', 'with', 'it', 'being', 'super', 'affordable', 'with', 'plus', 'specs', 'and', 'google', 'certified', '(', 'though', 'slow', 'updates', ':', '/', 'i', 'believe', 'they', 'will', 'come', 'eventually', ')', 'i', 'count', '3', 'negs', '(', 'not', 'counting', 'the', 'aspect', 'ratio', 'one', '...', 'that', 'is', 'an', 'android', 'issue', 'really', ')', 'to', '5', 'positives', 'highly', 'recomended', '!'],
['phone', 'works', 'great', '.', 'after', 'i', 'got', 'the', 'phone', 'i', 'called', 'verizon', 'and', 'they', 'said', 'the', 'phone', 'is', 'not', 'compatible', 'with', 'their', 'network', '.', 'i', 'said', 'ok.', 'after', 'the', 'call', 'i', 'took', 'the', 'sim', 'card', 'out', 'of', 'my', 'old', 'phone', 'placed', 'it', 'in', 'this', 'phone', 'and', 'everything', 'started', 'working', 'properly', '.', 'calls', 'are', 'crystal', 'clear', ',', 'text', 'video', 'and', 'pictures', 'messaging', 'works', 'fine', ',', 'and', 'no', 'problems', 'with', 'data', '.', 'this', 'phone', 'is', 'super', 'nice', 'great', 'screen', 'resolution', 'great', 'picture', 'quality', '.', 'excellent', 'phone'],
['i', 'needed', 'an', 'unlocked', 'phone', 'and', 'had', 'not', 'a', 'clue', 'what', 'to', 'get', '.', 'spent', 'a', 'great', 'deal', 'of', 'time', 'reading', 'reviews', 'and', 'comparing', 'stats', '.', 'narrowed', 'it', 'down', 'to', '4', 'and', 'went', 'to', 'see', 'them', 'locally', 'where', 'i', 'could', 'see', 'them', 'in', 'person', 'side', 'by', 'side', '.', 'took', 'a', 'photo', 'of', 'the', 'same', 'object', 'and', 'it', 'made', 'the', 'choice', 'easy', '.', 'all', 'things', 'being', 'equal', ',', 'this', 'phone', 'had', 'the', 'better', 'processor', 'and', 'quality', 'of', 'photographs', '.', 'the', 'display', ',', 'it', 'is', 'so', 'clear', '.', 'calls', 'are', 'perfections', '.'],
['we', 'replaced', 'our', 'old', 'samsung', 'with', 'this', 'lg', 'g7', 'thinq', '.', 'what', 'a', 'difference', '.', 'better', 'quality', 'overall', '.'],
['first', 'of', 'all', ',', 'my', 'last', '2', 'phones', 'were', 'both', 'iphones', 'and', 'i', 'chose', 'android', 'this', 'time', 'because', 'of', 'the', 'compatiblity', 'with', 'other', 'devices', '.', 'why', 'lg', 'g7', '?', 'every', 'flagship', 'has', 'the', 'same', 'specs', ',', 'but', 'the', 'sound', 'on', 'this', 'one', '...', 'perfection', '!', 'pros', ':', '-', 'sound', 'with', 'and', 'without', 'headphones', 'is', 'great', ',', 'i', 'do', 'not', 'think', 'if', 'anyone', 'could', 'improve', 'this', '.', '-', 'o.s', '.', 'dont', 'freezes', ',', 'actually', 'is', 'the', 'best', 'lg', '(', 'i', 'repair', 'phones', ',', 'so', 'i', 'tested', 'every', 'lg', 'that', 'exists', ',', 'except', 'for', 'the', 'v30', ')', '.', '-', 'ai', 'cam', 'is', 'great', ',', 'but', 'it', 'can', 'improve', 'like', 'everything', 'new', '.', 'cons', ':', '-', 'facial', 'recognition', 'is', 'a', 'little', 'bit', 'slower', '.', 'great', 'phone', '!', '9.5/10'],
['the', 'phone', 'in', 'and', 'of', 'it', 'self', 'is', 'a', 'good', 'phone', ',', 'however', ',', 'it', 'is', 'not', 'the', 'us', 'version', '(', 'g710ulm', ')', 'with', 'a', 'us', 'warranty', 'as', 'advertised', '(', '3/8/19', ')', ';', 'it', 'is', 'the', 'international', 'version', '(', 'g710em', ')', 'with', 'no', 'available', 'us', 'warranty', '.', 'one', 'way', 'to', 'tell', 'if', 'you', 'have', 'been', 'ripped', 'off', 'is', 'to', 'check', 'the', 'model', 'number', 'in', '``', 'settings/about', 'phone', "''", '.', 'if', 'you', 'have', 'any', 'other', 'number', 'other', 'than', 'g710ulm', ',', 'you', 'do', 'not', 'have', 'the', 'us', 'version', 'with', 'a', 'warranty', '.', 'if', 'a', 'time', 'comes', 'when', 'you', 'need', 'warranty', 'service', ',', 'you', 'are', 'sorry', 'out', 'of', 'luck', '.', 'i', 'contacted', 'lg', 'directly', ',', 'provided', 'lg', 'with', 'the', 'imei', 'number', 'for', 'the', 'phone', ',', 'and', 'they', 'confirmed', 'the', 'phone', 'was', 'intended', 'only', 'for', 'in', 'the', 'uk', ',', 'not', 'for', 'in', 'the', 'usa', '.', 'lg', 'also', 'confirmed', 'you', 'can', 'not', 'get', 'a', 'us', 'warranty', 'for', 'it', '.', 'another', 'way', 'to', 'tell', 'if', 'you', 'have', 'been', 'ripped', 'off', 'is', 'to', 'power', 'off', 'the', 'phone', 'and', 'power', 'it', 'back', 'on', '.', 'if', 'you', 'see', '``', 'claro', "''", ',', 'and', 'words', 'in', 'another', 'language', ',', 'you', 'have', 'been', 'ripped', 'off', '.', '``', 'claro', "''", 'is', 'a', 'carrier', 'in', 'guatemala', ',', 'and', 'is', 'what', 'the', 'phone', 'i', 'received', 'booted', 'up', 'with', '.', 'additionally', ',', 'the', 'phone', 'had', '``', 'claro', "''", 'bloatware', 'installed', 'on', 'it', ',', 'of', 'which', 'could', 'not', 'be', 'uninstalled', '.', 'additionally', ',', 'there', 'are', 'compatibility', 'issues', 'with', 'this', 'phone', 'for', 'us', 'carriers', 'because', 'it', 'is', 'an', 'international', 'version', ',', 'not', 'a', 'us', 'version', '.', 'i', 'have', 'at', '&', 't', ',', 'and', 'they', 'have', 'informed', 'me', 'phone', 'calls', 'should', 'work', ',', 'but', 'there', 'may', 'be', 'very', 'slow', 'data', 'speeds', 'because', 'of', 'network', 'conflicts', 'with', 'the', 'international', 'version', '.', 'i', 'confirmed', 'this', 'with', 'a', 'data', 'speed', 'tests', ',', 'and', 'my', 'data', 'speeds', 'were', 'very', 'inconsistant', 'and', 'very', 'slow', '.'],
['did', 'tons', 'of', 'research', 'on', 'what', 'phone', 'to', 'get', 'and', 'after', 'several', 'weeks', ',', 'decided', 'to', 'go', 'with', 'the', 'g7', 'because', 'i', 'like', 'the', 'lg', 'format', '.', 'i', 'double-', 'and', 'triple-checked', 'every', 'phone', 'i', 'looked', 'at', 'to', 'make', 'sure', 'that', 'they', 'were', 'compatible', 'with', 'verizon', 'as', 'i', 'know', 'ordering', 'any', 'unlocked', 'phone', 'online', 'can', 'be', 'very', 'finicky', 'because', 'of', 'this', '.', 'the', 'manufacturer', 'and', 'seller', 'both', 'specifically', 'stated', 'in', 'the', 'q', '&', 'a', 'section', 'that', 'the', 'phone', 'is', 'compatible', 'with', 'verizon', ',', 'so', 'it', 'seems', 'to', 'me', 'that', 'they', 'either', 'do', 'not', 'know', 'their', 'own', 'product', 'or', 'that', 'they', 'just', 'flat-out', 'lied', '.', 'such', 'a', 'bummer', 'because', 'i', 'was', 'so', 'excited', 'to', 'set', 'up', 'this', 'phone', 'when', 'i', 'got', 'it', '.', 'hopefully', 'this', 'review', 'will', 'be', 'more', 'helpful', 'than', 'the', 'false', 'information', 'i', 'received', '.', 'will', 'not', 'be', 'ordering', 'from', 'this', 'seller', 'again', '.'],
['i', 'bought', 'this', 'phone', 'to', 'replace', 'my', 'broken', 'lg', 'g5', '.', 'all', 'apps', 'work', 'fine', 'except', 'those', 'for', 'basic', 'and', 'premium', 'visual', 'voicemail', '.', 'i', 'spent', '2+', 'hours', 'on', 'phone', 'with', 'verizon', 'to', 'try', 'to', 'resolve', 'the', 'problem', '.', 'no', 'luck', 'because', 'this', 'phone', 'is', 'not', 'configured', 'to', 'allow', 'those', 'apps', 'to', 'work', '.', 'i', 'am', 'back', 'to', 'dialing', '*86', 'to', 'access', 'voice', 'messages', '.', 'pain', 'in', 'the', 'neck', '!'],
['crazy', 'good', 'deal', 'for', '$', '400', '.', 'this', 'display', 'on', 'this', 'phone', 'is', 'beautiful', '.', 'i', 'am', 'super', 'happy', 'with', 'it', 'and', 'it', 'is', 'crazy', 'how', 'fast', 'the', 'prices', 'on', 'last', 'year', 'is', 'flagship', 'phones', 'have', 'dropped', '.', 'updates', 'on', 'this', 'phone', 'will', 'be', 'below', 'average', '(', 'feb', '2019', 'patch', 'at', 'the', 'time', 'of', 'this', 'review', ')', ',', 'but', 'i', 'knew', 'that', 'going', 'into', 'this', 'purchase', 'and', 'felt', 'that', 'it', 'was', 'worth', 'it', 'to', 'get', 'such', 'good', 'hardware', 'at', 'a', 'mid', 'range', 'price', '.', 'this', 'phone', 'should', 'get', 'android', '9', 'pie', ',', 'probably', 'not', 'q', 'though', '.', 'i', 'wish', 'lg', 'was', 'better', 'with', 'the', 'updates', 'and', 'patches', 'but', 'just', 'about', 'any', 'android', 'phone', 'is', 'gon', 'na', 'be', 'some', 'type', 'of', 'compromise', '.', 'performance', 'on', 'this', 'phone', 'is', 'top', 'notch', ',', 'it', 'has', 'everything', 'you', 'could', 'want-', 'ip68', ',', 'wireless', 'charging', ',', 'usb', '3.1', 'data', 'transfer', 'speeds', ',', 'snapdragon', '845', ',', '3120x1440p', 'display', ',', 'dual', 'cameras', 'with', 'video', 'recording', 'on', 'the', 'ultra', 'wide', 'angle', 'lens', ',', 'ufs', '2.1', 'flash', 'storage', ',', 'super', 'loud', 'speaker', ',', '32', 'bit', 'quad', 'dac', '.', 'if', 'you', 'are', 'into', 'photography', 'then', 'you', 'should', 'side-load', 'the', 'google', 'camera', 'app', 'with', 'night', 'sight', 'because', 'then', 'you', 'can', 'really', 'maximize', 'the', 'hardwares', 'ability', 'to', 'capture', 'images', '.', 'all', 'and', 'all', ',', 'i', 'think', 'this', 'is', 'a', 'solid', 'choice', 'for', 'anyone', 'who', 'wants', 'a', 'solid', 'phone', 'that', 'will', 'last', 'a', 'couple', 'of', 'years', 'but', 'does', 'not', 'have', '800-1000', 'to', 'spend', 'on', 'an', 'iphone', 'xs', 'or', 'galaxy', 's10', '.', 'and', 'once', 'again', ',', 'this', 'item', 'is', 'a', 'new', 'unlocked', 'lg', 'g7', '(', 'g710ulm', ')', '.'],
['love', 'this', 'phone', 'its', 'way', 'better', 'than', 'iphone', 'x'],
['it', 'is', 'not', 'a', 'factory', 'unlocked', 'phone', '.', 'it', 'is', 'a', 'claro', 'wireless', 'phone', 'that', 'someone', 'unlocked', '.', 'software', 'and', 'updates', 'come', 'from', 'claro', '.'],
['as', 'good', 'or', 'better', 'than', 'advertised', '.', 'was', 'unable', 'to', 'get', 'everything', 'transferred', 'with', 'verizon', '.', 'verizon', 'pouty', 'about', 'buying', 'online', 'and', 'not', 'signing', 'another', 'worthless', 'contract', 'with', 'them', ':', '-', ')', 'battery', 'lif', 'is', 'unbelievable', 'compared', 'to', 'the', 'motorla', 'razr', 'that', 'i', 'had', '.', 'great', 'pictures', 'too', '.'],
['excellent', 'cellphone', ',', 'works', 'perfectly', 'and', 'it', 'is', 'very', 'beautiful'],
['i', 'received', 'my', 'platinum', 'grey', 'lg', 'g7', 'thinq', 'in', 'the', 'mail', 'yesterday', '.', 'i', 'bought', 'a', 'case', 'and', 'screen', 'protector', 'and', 'everything', ',', 'set', 'up', 'all', 'my', 'information', 'and', 'transferred', 'my', 'contacts', '...', 'then', 'i', 'went', 'to', 'the', 'store', 'today', 'to', 'put', 'it', 'on', 'a', 'data', 'plan', 'and', 'the', 'verizon', 'gentleman', 'told', 'me', 'it', 'is', 'not', 'compatible', '.', 'do', 'not', 'believe', 'the', 'answered', 'questions', 'by', 'the', 'manufacturer', 'that', 'says', 'it', 'is', 'compatible', 'with', 'verizon', '.', 'it', 'is', 'not', '!', 'i', 'repeat', ':', 'it', 'is', 'not', 'compatible', 'with', 'verizon', '.', 'also', ',', 'i', 'was', 'playing', 'around', 'with', 'the', 'camera', 'last', 'night', ',', 'and', 'the', 'pictures', 'really', 'leave', 'more', 'to', 'be', 'desired', '.', 'for', 'having', 'one', 'of', 'the', 'highest', 'mp', 'cameras', 'on', 'a', 'phone', ',', 'the', 'quality', 'is', 'sub-par', '.', 'if', 'a', 'great', 'camera', 'is', 'something', 'that', 'you', 'want', ',', 'try', 'a', 'different', 'phone', '.', 'my', 'friend', 'has', 'a', 'google', 'pixel', '3', ',', 'and', 'it', 'takes', 'amazing', 'pictures', 'effortlessly', '.', 'other', 'than', 'that', ',', 'the', 'phone', 'met', 'functionality', 'expectations', 'which', 'is', 'the', 'only', 'reason', 'why', 'it', 'did', 'not', 'get', 'a', '1.', 'i', 'am', 'mostly', 'rating', 'it', 'low', 'because', 'this', 'seller', 'is', 'bs', ',', 'and', 'i', 'do', 'not', 'want', 'them', 'to', 'lie', 'anymore', 'on', 'their', 'description', 'and', 'questions', 'when', 'they', 'are', 'asked', 'which', 'networks', 'this', 'phone', 'is', 'compatible', 'with', '.'],
['-', 'lg', 'must', 'be', 'falling', 'short', 'in', 'their', 'marketing', 'department', 'because', 'this', 'phone', 'flew', 'under', 'the', 'radar..', '-', 'this', 'is', 'a', 'great', 'product..', 'there', 'is', 'nothing', 'legitimately', 'negative', 'you', 'can', 'say', 'about', 'this', 'phone', '-', 'hot', 'take', ',', '...', 'this', 'phone', 'looks', 'better', 'in', 'hand', 'than', 'the', 'new', 'iphone', 'models', 'in', 'my', 'opinion', '.', 'quote', 'me', 'tim', '-', 'graphic', 'designer'],
['use', 'my', 'whife'],
['other', 'than', 'defects', ',', 'which', 'can', 'happen', 'in', 'any', 'brand', 'and', 'model', ',', 'once', 'we', 'ordered', 'a', 'replacement', 'this', 'product', 'seems', 'to', 'operate', 'fine', '.', 'note', 'that', 'the', 'g7', 'thinq', 'does', 'not', 'have', 'an', 'identical', 'user', 'interface', 'to', 'the', 'lg', 'v35', '.', 'g7', 'is', 'much', 'less', 'intuitive', 'to', 'use', 'or', 'find', 'desired', 'settings', 'and', 'appears', 'to', 'be', 'missing', 'some', 'useful', 'settings', 'or', 'options', 'found', 'on', 'the', 'v35', 'model', '.', 'quality', 'of', 'materials', 'is', 'excellent', 'and', 'sound', 'quality', 'is', 'above', 'average', ',', 'though', 'not', 'as', 'good', 'as', 'as', 'the', 'moto', 'droid', 'turbo', '2', 'it', 'replaced', '(', 'the', 't2', 'had', 'dual', 'sizable', 'front-facing', 'stereo', 'speakers', ')', '.', 'given', 'the', 'choice', 'again', ',', 'now', 'that', 'we', 'know', 'the', 'user', 'interface', 'difference', ',', 'we', 'would', 'choose', 'the', 'v-series', 'rather', 'than', 'g-series', 'phone', '.'],
['love', 'this', 'phone', '.', 'worked', 'perfectly', 'out', 'of', 'the', 'box', 'with', 'my', 'straight', 'talk', 'sim', 'that', 'uses', 'verizon', 'is', 'towers', '.', 'enabled', 'google', 'is', 'phone', 'app', 'and', 'visual', 'voice', 'mail', 'works', 'without', 'a', 'hitch', '.', 'wish', 'they', 'would', 'hurry', 'up', 'and', 'push', 'the', 'android', '9', 'update', 'they', 'promised', '.', 'make', 'sure', 'you', 'buy', 'the', 'one', 'sold', 'and', 'shipped', 'by', 'amazon', 'instead', 'of', 'the', '3rd', 'party', 'sellers', 'if', 'your', 'worried', 'you', 'will', 'not', 'get', 'the', 'correct', 'model', 'like', 'others', 'have', 'claimed', '.', 'amazon', 'for', 'sure', 'ships', 'you', 'the', 'carrier', 'unlocked', 'model', 'listed', 'here', '.', 'and', 'not', 'the', 'sprint', 'variant', 'some', 'people', 'are', 'getting', '.'],
['i', 'am', 'fairly', 'certain', 'my', 'husband', 'is', 'absolutely', 'in', 'love', 'with', 'this', 'phone', '!', '!'],
['hugely', 'disappointed', 'with', 'phone', 'imei', 'not', 'in', 'sprint', 'database', 'and', 'i', 'have', 'even', 'contacted', 'lg', '.', 'wastedlot', 'of', 'hours', 'with', 'calls/chats', 'made', 'to', 'am', 'a', 'zon', ',', 'lg', 'customer', 'support', ',', 'but', 'eventuy', 'have', 'to', 'return', 'the', 'device', '.'],
['i', 'recently', 'secured', 'a', 'new', 'job', 'and', 'after', 'accepting', 'it', ',', 'realized', 'rather', 'suddenly', 'that', 'i', 'am', 'going', 'to', 'have', 'to', 'return', 'my', 'current', 'samsung', 's8+', 'and', 'i', 'will', 'need', 'another', 'device', '.', 'i', 'was', 'not', 'able', 'to', 'get', 'into', 'what', 'i', 'really', 'wanted', '(', 'the', 'note', '9', ')', 'but', 'i', 'did', 'some', 'research', 'and', 'decided', 'to', 'go', 'with', 'the', 'g7', '.', 'the', 'name', ',', ' nothinq', "'", 'is', 'a', 'bit', 'of', 'silly', 'name', 'if', 'you', 'ask', 'me', ',', 'but', 'oh', 'well', '.', 'my', 'last', 'lg', 'phone', 'was', 'the', 'g3', ',', 'which', 'i', 'genuinely', 'liked', '.', 'i', 'was', 'not', 'eligible', 'for', 'the', 'g4', 'upgrade', ',', 'and', 'when', 'the', 'g5', 'modular', 'phone', 'came', 'out', ',', 'i', 'had', 'made', 'a', 'firm', 'decision', 'not', 'to', 'get', 'it', 'at', 'all', '(', 'as', 'did', 'most', 'of', 'you', ')', '.', 'i', 'went', 'with', 'the', 'galaxy', 's6+', ',', 'then', 'the', 's7', 'edge', ',', 'the', 's8+', 'and', 'i', 'was', 'firmly', 'entrenched', 'within', 'the', 'samsung', 'eco-verse', ',', 'and', 'fully', 'expected', 'another', 'one', 'was', 'in', 'my', 'future', '.', 'but', 'that', 'was', 'not', 'to', 'be', '.', 'as', 'i', 'mentioned', ',', 'i', 'did', 'my', 'research', 'and', 'decided', 'to', 'go', 'with', 'the', 'g7', '.', 'for', 'my', 'budget', ',', 'it', 'was', 'not', 'just', 'the', 'best', 'phone', 'option', ',', 'but', 'also', ',', 'probably', 'the', 'best', 'phone', 'available', 'for', 'that', 'price', '.', 'it', 'has', 'the', 'internals', 'of', 'the', 'more', 'expensive', 'samsung', 'rivals', ',', '(', 'except', 'only', '4gb', 'ram', 'instead', 'of', '6', 'in', 'the', 's9+', ')', '.', 'the', 'screen', 'is', 'almost', 'the', 'exact', 'same', 'size', 'and', 'that', 'within', 'a', 'smaller', 'frame', ',', 'not', 'a', 'bad', 'trade-off', 'if', 'you', 'ask', 'me', '.', 'i', 'was', 'a', 'bit', 'disappointed', 'that', 'lg', 'had', 'not', 'fallen', 'in', 'line', 'and', 'upgraded', 'to', 'an', 'oled', 'screen', 'like', 'even', 'apple', 'has', ',', 'but', 'i', 'must', 'say', ',', 'that', 'whatever', 'lg', 'is', 'doing', ',', 'well', 'keep', 'doing', 'it', 'because', 'the', 'screen', 'is', 'genuinely', 'fantastic', '.', 'lcd', 'or', 'oled', ',', 'this', 'screen', 'is', 'vivid', ',', 'and', 'amazing', '.', 'it', 'can', 'get', 'ridiculously', 'bright', 'which', 'makes', 'the', 'screen', 'easily', 'readable', 'in', 'virtually', 'any', 'light', '.', 'honestly', ',', 'i', 'can', 'not', 'see', 'the', 'difference', 'between', 'it', 'and', 'the', 'super', 'amoled', 'screen', 'on', 'my', 's8+', 'if', 'i', 'am', 'being', 'honest', '.', 'i', 'almost', 'decided', 'not', 'to', 'go', 'with', 'the', 'lg', 'for', 'the', 'lcd', 'screen', 'alone', ',', 'but', 'i', 'am', 'glad', 'i', 'chose', 'to', 'give', 'it', 'a', 'shot', 'anyway', '.', 'lg', 'hits', 'a', 'home', 'run', 'with', 'the', 'g7', 'screen', '.', 'stunning', 'and', 'beautiful', '.', 'the', 'one', 'place', 'where', 'oled', 'beats', 'the', 'lg', 'however', 'is', 'in', 'the', 'deep', 'blacks', 'and', 'how', 'easily', 'it', 'is', 'to', 'save', 'battery', 'life', 'by', 'switching', 'to', 'a', 'screen', 'with', 'more', 'solid', 'blacks', '.', 'not', 'an', 'option', 'here', ',', 'but', 'dang', ',', 'this', 'screen', 'should', 'not', 'stop', 'you', 'from', 'considering', 'getting', 'the', 'g7', 'like', 'it', 'did', 'me', 'initially', '.', 'the', 'build', 'is', 'top', 'notch', '...', 'but', 'that', 'only', 'means', 'in', 'order', 'to', 'support', 'wireless', 'charging', ',', 'it', 'will', 'have', 'to', 'be', 'a', 'bit', 'more', 'vulnerable', 'than', 'phones', 'with', 'all', 'metal', 'backs', '.', 'it', 'is', 'a', 'trade-off', ',', 'but', 'worth', 'it', 'if', 'you', 'know', 'the', 'convenience', 'of', 'wireless', 'charging', ',', 'trust', 'me', '.', 'solve', 'this', 'issue', 'by', 'getting', 'a', 'good', 'case', 'that', 'allows', 'for', 'wireless', 'charging', 'and', 'you', 'will', 'be', 'set', '.', 'an', 'honest-to-goodness', '3.5mm', 'headphone', 'jack', '?', 'right', 'when', 'many', 'are', 'getting', 'rid', 'of', 'them', '...', 'its', 'a', 'bold', 'move', 'but', 'one', 'i', 'certainly', 'appreciated', '.', 'the', 'quad', 'dac', 'audio', 'player', 'is', ',', 'especially', 'for', 'a', 'mobile', 'phone', ',', 'just', 'plain', 'amazing', '.', 'you', 'are', 'going', 'to', 'hear', 'better', 'audio', 'with', 'this', 'phone', ',', 'especially', 'with', 'earbuds', 'and', 'headphones', 'than', 'you', 'will', 'with', 'arguably', 'any', 'mobile', 'device', 'out', 'there', '.', 'i', 'love', 'mine', '.', 'it', 'is', 'almost', 'worth', 'buying', 'for', 'this', 'alone', '.', 'a', 'lot', 'has', 'been', 'made', 'of', 'the', 'cameras', ',', 'and', 'i', 'found', 'them', 'to', 'be', 'pretty', 'dang', 'good', '.', 'i', 'do', 'not', 'think', 'you', 'are', 'going', 'to', 'find', 'much', 'to', 'scream', 'about', ',', 'but', 'in', 'my', 'opinion', ',', 'i', 'found', 'them', 'to', 'be', 'on', 'par', 'with', 'my', 'samsung', '.', 'i', 'have', 'not', 'experimented', 'much', 'with', 'it', 'yet', ',', 'but', 'i', 'will', 'and', 'may', 'do', 'a', 'quick', 'update', 'here', 'before', 'too', 'long', '.', 'the', 'boom', 'speaker', '...', 'hmmm', '.', 'a', 'bit', 'more', 'underwhelming', 'than', 'i', 'expected', ',', 'especially', 'considering', 'how', 'much', 'lg', 'brags', 'about', 'it', '.', 'while', 'it', 'certainly', 'gets', 'much', 'louder', 'than', 'my', 's8+', 'and', 'i', 'truly', 'appreciated', 'that', ',', 'is', 'it', 'loud', 'enough', 'that', 'you', 'would', 'consider', 'using', 'it', 'to', 'watch', 'a', 'movie', '?', 'uhhh', ',', 'no', '.', 'at', 'least', 'i', 'sure', 'would', 'not', '.', 'music', 'sounds', 'better', ',', 'but', 'just', 'not', 'anywhere', 'as', 'good', 'as', 'i', 'expected', 'considering', 'what', 'i', 'read', 'and', 'saw', 'for', 'the', 'g7', 'marketing', '.', 'usb-c', 'charging', ',', 'another', 'welcome', 'addition', ',', 'along', 'with', 'fast', 'charging', 'and', 'wireless', 'charging', ',', 'too', '.', 'once', 'i', 'got', 'used', 'to', 'both', 'of', 'these', 'features', ',', 'i', 'am', 'telling', 'you', 'it', 'is', 'quite', 'difficult', 'to', 'go', 'back', 'to', 'something', 'that', 'does', 'not', 'offer', 'this', 'as', 'a', 'standard', 'feature', '.', 'the', 'multiple', 'ways', 'to', 'unlock', 'the', 'phone', 'is', 'pretty', 'impressive', '.', 'you', 'have', 'your', 'standard', 'fingerprint', 'sensor', ',', 'which', 'is', 'just', 'about', 'a', 'perfect', 'placement', 'since', 'that', 'is', 'where', 'your', 'finger', 'rests', 'naturally', 'most', 'of', 'the', 'time', 'anyway', 'and', 'was', 'not', 'lg', 'the', 'first', 'to', 'employ', 'this', 'feature', 'in', 'the', 'first', 'place', '?', 'you', 'can', 'opt', 'for', 'using', 'a', 'pattern', 'or', 'code', 'or', 'even', 'facial', 'recognition', ',', 'which', 'i', 'found', 'to', 'be', 'much', 'better', 'than', 'my', 's8+', 'and', 'along', 'with', 'that', ',', 'much', 'faster', '.', 'it', 'was', 'so', 'unreliable', ',', 'that', 'i', 'turned', 'it', 'off', 'entirely', 'on', 'the', 's8', '.', 'gorilla', 'glass', '5', 'on', 'front', 'and', 'back', '(', 'i', 'read', 'elsewhere', 'that', 'they', 'used', 'gg', '4', 'on', 'back', 'and', '3', 'on', 'front', ',', 'but', 'i', 'just', 'confirmed', 'at', 'lg', 'is', 'own', 'site', ',', 'that', 'was', 'incorrect', ')', 'help', 'make', 'this', 'very', 'vulnerable', 'looking', 'phone', 'more', 'protected', 'than', 'it', 'looks', '...', 'but', 'with', 'that', 'said', ',', 'i', 'still', 'recommend', 'a', 'good', 'case', 'and', 'screen', 'protector', '(', 'i', 'much', 'prefer', 'glass', 'over', 'the', 'older', 'silicone', 'ones', ')', '.', 'regardless', 'of', 'how', 'careful', 'you', 'may', 'be', ',', 'it', 'is', 'not', 'a', 'question', 'of', 'if', ',', 'but', 'when', 'you', 'will', 'accidentally', 'drop', 'it', 'and', 'then', 'you', 'will', 'find', 'out', 'just', 'how', 'accurate', 'their', 'claims', 'are', 'regarding', 'how', 'tough', 'it', 'may', 'be', '.', 'why', 'take', 'that', 'chance', '?', 'even', 'if', 'you', 'are', 'super', 'careful', ',', 'it', 'may', 'be', 'someone', 'else', 'handling', 'your', 'device', 'who', 'drops', 'it', '--', 'the', 'point', 'is', ',', 'do', 'yourself', 'a', 'favor', 'and', 'take', 'care', 'of', 'it', '.', 'speed', '...', 'while', 'it', 'was', 'not', 'a', 'huge', 'step', 'up', 'from', 'what', 'i', 'noticed', 'with', 'my', 's8+', ',', 'i', 'did', 'notice', 'how', 'smooth', 'it', 'seemed', 'to', 'be', 'and', 'how', 'much', 'less', 'lg', 'is', 'skin', 'seemed', 'intrusive', 'than', 'it', 'did', 'back', 'when', 'i', 'had', 'the', 'g3', '.', 'i', 'think', 'this', 'is', 'a', 'move', 'in', 'the', 'right', 'direction', '.', 'any', 'time', 'you', 'can', 'bring', 'a', 'device', 'closer', 'to', 'stock', 'android', ',', 'is', 'a', 'better', 'move', '.', 'lg', 'seems', 'to', 'always', 'be', 'in', 'samsung', 'is', 'shadow', 'and', 'therefore', 'tries', 'to', 'take', 'its', 'own', 'spin', 'on', 'things', 'and', 'the', 'g7', 'is', 'no', 'exception', '.', 'samsung', 'had', 'some', 'fantastic', 'themes', 'that', 'were', 'exclusive', 'to', 'their', 'devices', 'and', 'i', 'found', 'out', 'the', 'other', 'day', ',', 'the', 'g7', 'has', 'some', 'to', 'choose', 'from', 'as', 'well', '.', 'nowhere', 'near', 'as', 'many', ',', 'mind', 'you', ',', 'but', 'some', 'were', 'actually', 'pretty', 'decent', '...', 'but', 'i', 'would', 'sacrifice', 'it', 'all', 'for', 'stock', 'android', '.', 'and', 'finally', '...', 'that', 'notch', '.', 'ever', 'since', 'the', 'iphone', 'x', 'came', 'out', 'with', 'that', 'notch', ',', 'it', 'seemed', 'that', 'you', 'either', 'were', 'okay', 'with', 'it', ',', 'or', 'you', 'hated', 'it', '.', 'not', 'many', 'in', 'betweeners', '.', 'say', 'what', 'you', 'want', 'about', 'it', ',', 'but', 'if', 'you', 'want', 'more', 'screen', 'real', 'estate', ',', 'you', 'have', '2', 'options', ',', 'either', 'place', 'the', 'camera', 'somewhere', 'other', 'than', 'on', 'the', 'front', 'of', 'the', 'screen', '(', 'some', 'have', 'a', 'novel', ',', 'mechanical', 'pop-up', 'camera', ')', 'or', 'you', 'place', 'it', 'on', 'front', 'and', 'work', 'around', 'it', 'somehow', '.', 'lg', 'embraced', 'this', 'and', 'you', 'have', 'the', 'option', 'of', 'getting', 'rid', 'of', 'it', ',', 'or', 'keeping', 'it', '.', 'i', 'find', 'that', 'for', 'most', 'things', ',', 'it', 'simply', 'does', 'not', 'bother', 'me', ',', 'which', 'i', 'found', 'to', 'be', 'a', 'surprise', 'considering', 'before', 'i', 'got', 'it', ',', 'i', 'really', 'thought', 'it', 'would', 'bug', 'me', 'silly', '.', 'but', 'nope', '.', 'you', 'may', 'be', 'different', 'however', ',', 'which', 'is', 'why', 'the', 'option', 'to', 'remove', 'it', 'entirely', 'is', 'a', 'nice', 'touch', '.', 'the', 'dedicated', 'google', 'now', 'button', 'is', 'an', 'almost', 'direct', 'ripoff', 'of', 'samsung', 'is', 'bixby', 'button', '...', 'except', 'that', 'google', 'now', 'is', 'actually', 'useful', 'unlike', 'bixby', ',', 'which', 'most', 'users', 'simply', 'turn', 'off', '.', 'it', 'can', 'do', 'almost', 'anything', 'google', 'can', 'do', '--', 'just', 'a', 'whole', 'lot', 'slower', '.', 'sure', ',', 'it', 'has', 'a', 'few', 'features', 'that', 'google', 'now', 'and', 'siri', 'can', 'not', 'do', ',', 'but', 'they', 'are', 'so', 'slow', ',', 'you', 'may', 'as', 'well', 'just', 'do', 'it', 'by', 'hand', 'yourself', '.', 'the', 'other', 'issue', 'is', 'that', 'like', 'bixby', ',', 'this', 'button', 'activates', 'google', 'and', 'nothing', 'else', '.', 'you', 'can', 'not', 'remap', 'it', 'to', 'open', 'other', 'things', 'that', 'may', 'also', 'be', 'super', 'convenient', 'for', 'you', 'like', 'say', 'the', 'camera', ',', 'or', 'the', 'phone', 'etc', '.', 'lg', ',', 'if', 'you', 'want', 'to', 'take', 'a', 'leap', 'ahead', 'of', 'samsung', ',', 'you', 'are', 'going', 'to', 'need', 'to', 'have', 'the', 'courage', 'to', 'make', 'the', 'decisions', 'that', 'samsung', 'refuses', 'to', 'do', '.', 'just', 'sayin', "'", '.', 'all', 'in', 'all', ',', 'a', 'very', 'underrated', 'phone', 'that', 'may', 'be', 'hampered', 'a', 'bit', 'due', 'to', 'lg', 'is', 'inability', 'to', 'market', 'their', 'devices', 'with', 'any', 'kind', 'of', 'genuine', 'success', '...', 'which', 'is', 'too', 'bad', '.', 'this', 'phone', 'is', 'exceptional', 'and', 'the', 'equal', 'to', 'almost', 'any', 'device', 'out', 'there', 'today', '.'],
['been', 'a', 'samsung', 'owner', 'for', 'years', 'but', 'love', 'my', 'g7', '.', 'had', 'a', 'few', 'months', 'and', 'its', 'still', 'problem', 'free', '!'],
['the', 'phone', 'stopped', 'working.for', 'a', 'minute', 'or', '2', 'when', 'open', 'or', 'freezes.it', 'was', 'nothing', 'as', 'advertised.so', 'i', 'decided', '2', 'send', 'it', 'back.and', 'wait', 'on', 'something', 'else', '.'],
['well', 'i', 'honestly', 'am', 'glad', 'i', 'got', 'this', 'phone', 'it', 'is', 'fast', 'i', 'have', 'seen', 'no', 'lag', 'in', 'anything', 'i', 'do', 'i', 'watch', 'alot', 'of', 'movies', 'just', 'wish', 'i', 'could', 'make', 'the', 'videos', 'play', 'a', 'little', 'larger', 'than', 'it', 'allows', 'me', 'to', 'do', 'but', 'great', 'video', 'quality', '...', 'picks', 'up', 'service', 'better', 'than', 'my', 'lg', 'stylo', '4', 'that', 'was', 'branded', 'for', 'metro', 'by', 't-mobile', 'shows', 'a', 'lower', 'connection', 'but', 'is', 'not', 'giving', 'as', 'much', 'buffering', 'in', 'my', 'videos', 'even', 'at', '1080p', 'quality', 'would', 'suggest', 'making', 'sure', 'you', 'have', 'either', 'a', 'charger', 'or', 'a', 'battery', 'pack', 'with', 'you', 'the', 'battery', 'is', 'not', 'as', 'strong', 'as', 'it', 'could', 'be', 'but', 'lasts', 'well', 'enough', 'to', 'get', 'by', 'on', 'most', 'days'],
