phone,phone,phone,battery
phone,phone
size
phone,phone,verizon,network,verizon,sony,phone,sony,phone,feature,size,picture,sound,quality,phone
battery,performance,price,camera,button,camera,photo,headphone,headphone
performance,phone,phone,phone,size,performance,size,screen,body,camera,button
sony,glass,sony,product
phone,screen
-
phone,sony,screen,size,picture,shape,case,case,glass
phone
phone,verizon,phone
phone,phone,phone,phone,fingerprint,purchase,button
phone,sony,screen,phone,verizon,phone
phone,battery,day,picture,phone,phone,phone
phone,phone,time,phone,phone,phone
phone,sony,phone,sony,processor,camera,feature,jack,connection,fingerprint,sony,xperia,sony
phone,phone,phone,phone,phone,size,phone
phone,phone,phone,phone,phone,phone,phone,performance,photo,video,phone,sony,camera,battery,phone,phone,phone,sony,phone,phone,fingerprint,fingerprint,fingerprint,fingerprint,phone,speaker,phone,performance,camera,sony,phone,size,headphone
phone,screen,sony,phone,service
sony,phone,phone
color,phone,phone,phone,camera,button,camera,button,camera,button,button,button,phone,phone,phone,phone,phone
phone,phone,phone,phone,sony,phone,sony,phone
phone,phone,phone,battery,fingerprint,phone,frame,glass,phone,headphone,headphone,headphone,headphone,sony,phone,sony,-
verizon,verizon,verizon,size,phone,headphone,phone,headphone,headphone,phone
phone,energy
time
phone,picture,battery,battery
phone,phone,sony,power,phone
product
phone,phone,phone,sony,phone,battery,size,phone,size,size
verizon,verizon,phone,phone
product
phone,camera,fingerprint,phone,fingerprint
phone,phone,phone,phone,phone,phone,phone
phone,phone,spec
phone,size,camera,button
sony,phone,performance,memory,phone,memory,memory,performance
phone,sony,sony,camera,button,storage,storage,display,battery,speaker,camera,build,button,sony,camera,design,phone,sony,design,phone,phone,phone,button,sony,phone,fingerprint,feature,speaker,sony,phone,quality,phone,phone,case,sony,performance,case,time,sony,performance,phone,phone,manufacture,sony,performance,chip,display,quality,camera,camera,camera,battery,battery,display,battery,camera
phone,display,phone,camera,picture,phone,phone
phone,phone,performance,camera,phone,camera,battery,fingerprint
phone,sony,warranty,warranty,service,support,support,phone,phone,phone,support,sony,support,sony,sony,phone,sony,warranty,support,phone,phone
sony,sound,quality,connection,phone
phone,sony,camera,sony
sony,picture
sony,design,team,device,screen,sony,case,phone,battery,phone,phone
smartphone,feature,performance,size
phone,screen,size,phone
phone
phone
phone,phone,phone,screen,phone,phone
sony,phone,price,design,camera,photo,photo,video,phone,camera,cpu
phone,camera,photo,hand
phone,screen,phone,body,button,button
feature,sony,phone,camera
phone,phone,hand,phone
phone,hardware,hand
phone,phone
phone,resolution,hand,case,image,sony,camera
phone,phone,phone
size,hand
phone,fingerprint,phone
size,phone,performance,phone,camera,fingerprint,fingerprint,button,fingerprint,phone
phone,phone,battery,phone,phone,phone,phone
time,phone
service,phone
screen,sony
-
phone,seal
form
headphone,quality,fingerprint,button,button,button
sony,sony
phone,battery,phone,screen,battery,camera
phone,screen,headphone
phone,sound,phone,phone,phone,phone
phone,quality
phone
phone,phone,phone,phone,battery,phone,phone
phone,phone,phone,battery,phone
size,phone,sony,camera,phone,picture,phone,camera,button,phone,phone
phone,phone,screen,screen,phone
phone,phone,fingerprint
screen
phone,phone
technology,audio,phone,phone,technology,phone,support,screen,screen,phone,phone,phone,phone,phone,phone,processor,technology,camera
phone,phone,battery,phone,phone
processor,camera,fingerprint,sony
phone,camera
smartphone,phone,speaker,camera,phone
phone,performance,screen
design,battery,price
phone,phone,size,phone,processor
phone,phone,fingerprint,camera,battery,performance,phone
camera,sony,sony
screen,sony,camera,sony,phone,case,sony,phone
sony,phone,phone,phone,phone,screen,phone,sony,glass,battery,phone,phone,fingerprint
phone,phone
picture,screen
phone,bezel,fingerprint,fingerprint,performance,battery,headphone
phone,display,camera,size
size,battery,phone,phone,chipsets
performance,phone,phone,phone,service,phone,phone,performance
phone,battery,fingerprint,phone
battery,camera,camera
price,camera,phone
camera,speaker,battery
sony,battery,camera,sony,speaker,speaker,speaker,smartphone,sony,marketing,competitor,display,display,design,sony
-
service,phone,sony,support,phone
phone,price,camera,phone,phone,phone,fingerprint
sony,sony,fingerprint,screen,screen,network
phone,size,network,camera,fingerprint,phone,battery,battery
-
camera,button,phone,sony,phone
phone,phone,phone,sony
phone