['cleanest', 'phone', 'literally', 'washer', 'machine', 'accident', 'course', 'thought', 'sounded', 'weird', 'banging', 'washer', 'open', 'phone', 'phone', 'great', 'fast', 'responsive', 'play', 'game', 'well', 'not', 'hot', 'battery', 'care', 'system', 'nice', 'finger', 'print', 'scanner', 'work', 'well'],
['buggiest', 'phone', 'bummer', 'excited', 'phone'],
['excelente', 'cellphone', 'size', 'quality'],
['spent', 'week', 'figure', 'phone', 'not', 'receive', 'text', 'feature', 'worked', 'perfectly', 'finally', 'contacted', 'sony', 'told', 'phone', 'not', 'capability', 'work', '3rd', 'party', 'verizon', 'network', 'mvnos', 'net10', 'red', 'pocket', 'straighttalk', 'cdma', 'sim', 'card', 'verizon', 'will', 'work', 'setting', 'enabled', 'coverage', '&', 't', 'equivalent', 'mvno', 'work', 'fine', 'told-', 'waiting', 'sim', 'card', 'told', 'saved', 'lot', 'time', 'frustration', 'told', 'sony', 'sony', 'phone', 'will', 'work', 'verizon', 'not', 'capability', 'complaint', 'will', 'not', 'connect', 'wi-fi', 'extender', 'fine', 'regular', 'wifi', 'will', 'not', 'connect', 'extension', 'matter', 'sony', 'feature', 'add/update', 'phone', 'nice-', 'lot', 'great', 'feature', 'love', 'size', 'picture', 'crystal', 'clear', 'sound', 'quality', 'great', 'hoping', 'choice', 'stick', 'phone', 'forefit', 'preferred', 'coverage', 'worth'],
['pros-', 'fantastic', 'battery', 'size', 'routinely', 'finish', 'day', '40', 'hour', 'streaming', 'music/video', 'light', 'gaming', 'top', 'notch', 'performance', 'cpu/ram', 'pixel', '3', 'half', 'price', 'camera', 'big', 'step', 'previous', 'motorola', 'not', 'fast/clear', 'iphone', 'pixel', 'dedicated', 'camera', 'button', 'great', 'photo', 'not', 'correcting', 'auto', '960', 'fps', 'slow', 'mo', 'great', 'party', 'trick', 'light', 'lot', 'image', 'noise', 'indoors', 'cons-', 'headphone', 'jack', 'type', 'c', 'dongle', 'fiddly', 'best', 'paranoid', 'will', 'damage', 'charge', 'port', 'headphone', 'pull', 'hard', 'sony', 'ui', 'overlay', 'not', 'intrusive', 'setting', 'menu', 'hard', 'navigate', 'search', 'thing', '3rd', 'party', 'app', 'installation', 'swiftkey', 'preinstalled', 'good', 'thing', 'gboard', 'improved', 'intuitive', 'thing', 'voice', 'texting'],
['performance', 'not', 'high', 'flagship', 'phone', 'phone', 'unique', 'feature', 'phone', 'not', 'compact', 'size', 'sufficient', 'performance', 'small', 'size', 'screen', 'body', 'inconvenient', 'thing', 'annoying', 'camera', 'button', 'difficult', 'play', 'ps4', 'remote', 'play', 'buy', 'modern', 'small', 'smartphone', 'not', 'enjoy', 'video', 'entertainment', 'will', 'bet', 'xperia', 'xz2', 'compact', 'best', 'smartphone'],
['sony', 'xz2', 'compact', 'falled', 'work', 'rock', 'not', 'break', 'glass', 'good', 'product', 'sony'],
['phone', 'lot', 'glass', 'screen', 'scratch', 'easily', 'mine', 'scratched', 'corner', '3', 'day', 'setting', 'face-down', 'surface', 'not', 'affect', 'operation', 'sure', 'not', 'bode', 'well', 'hope', 'long', 'will'],
['el', 'móvil', 'e', 'bastante', 'pesado', 'y', 'la', 'batería', 'dura', '2', 'dia'],
['hawaii', 'day', '1-', 'snorkeling', '4', 'year', 'sony', 'xperia', 'z2', 'waterproof', 'gasket', 'charge', 'port', 'door', 'long', 'worn', 'flooded', 'died', 'phone', 'tank', 'hell', 'non-stop', '4', 'year', 'traveling', 'living', 'alaska', 'worked', 'flawlessly', 'drowned', 'day', 'local', 'blue', 'yellow', 'electronics', 'store', 'samsung', 'sale', 'rep', 'approached', 'asked', 'phone', 'told', 'sony', 'walked', 'xz2', 'compact', 'thousand', 'time', 'dropped', 'sony', 'z2', 'half', 'reach', 'thumb', 'screen', 'xz2', 'bigger', 'xz2', 'compact', 'perfect', 'size', 'reminds', 'smartphone', 'xperia', 'x10', 'morning', '12', 'hour', 'purchase', 'absent-mindedly', 'pocketed', 'brand', 'xz2', 'compact', 'ocean', 'front', 'hotel', 'hour', 'realized', 'concluded', 'pocket', 'slipped', 'snorkeling', 'devastating', 'snorkeled', 'hour', 'find', 'day', 'half', 'find', '5pm', 'day', 'case', 'stepped', '5ft', 'neck', 'deep', 'water', 'cloudy', 'bottom', '47', 'battery', 'guy', 'impressed', 'picture', 'model', 'number', 'buy', 'glad', 'find', 'sony', 'phone', 'local', 'store', 'good', 'luck', 'xperia', 'phone', 'win', 'torture', 'story', 'adjusting', 'typing', 'smaller', 'screen', 'painless', 'transition', 'complaint', 'non-stop', 'complainer/nit-picker', 'lack', 'headphone', 'port', 'brightness', 'slider', 'toggle', 'auto', 'brightness', 'going', 'setting', 'bit', 'thick', 'minute', 'hand', 'perfect', 'shape', 'prefer', 'feel', 'indestructable', 'small', 'sleek', 'extremely', 'slippery', 'case', 'worse', 'glass', 'regular', 'xz2', 'will', 'buying', 'slim', 'case', 'manage', 'not', 'lose', 'trip'],
['great', 'phone', 'mad', 'dropped', 'second', 'week'],
['absolutely', 'incredible', 'phone', 'sm', 'mm', 'call', 'will', 'not', 'work', 'verizon', 'activate', 'hd', 'voice', 'account', 'activated', 'verizon', 'app', 'running', 'compact', 'minor', 'adjustment', 'upgraded', 'xperia', 'z3v', 'smaller', 'phone', 'not', 'ideal', 'type', 'obnoxiously', 'large', 'finger', 're-training', 'will', 'not', 'issue', 'remaining', 'z3v', 'user', 'left', 'not', 'sony', 'major', 'brand', 'definitely', 'seamless', 'transition'],
['phone', 'replace', 'samsung', 's4', 'phone', 'perfect', 'att', 'provider', 'find', 'small', 'phone', 'store', 'read', 'lot', 'review', 'decided', 'chance', 'ordering', 'amazon', 'sight', 'unseen', 'issue', 'sim', 'card', 'big', 'phone', 'att', 'replaced', 'sim', '$', '5', 'move', 'contact', 'att', 'mobile', 'xperia', 'transfer', 'app', 'moved', 'info', 'problem', 'learning', 'feature', 'love', 'fingerprint', 'unlocking', 'camera', 'button', 'super', 'happy', 'purchase'],
['favorite', 'phone', 'time', 'incredibly', 'fast', 'hardware', 'excellent', 'sturdy', 'build', 'quality', 'fantastic', 'shape', 'one-handed', 'great', 'audio', 'sony', 'ui', 'lightweight', 'snappy', 'switched', 'galaxy', 'note', 'not', 'bigger', 'screen', 'phone', 'will', 'not', 'work', 'sprint', 'verizon', 'store', 'switch', 'trouble', 'phone', 'work', 'not', 'call', '--', 'solution', 'enable', 'hd', 'voice', 'verizon', 'account', 'extra', 'charge'],
['huge', 'techie', 'jumping', 'android', 'android', 'year', 'phone', 'not', 'compromise', 'pixel', '1', 'died', 'decided', 'awesome', 'gem', 'multiple', 'review', 'not', 'happier', 'month', 'battery', 'life', 'last', 'day', 'picture', 'beautiful', 'not', 'awesome', 'pixel', 'not', 'bad', 'fast', 'snappy', 'not', 'not', 'not', 'market', 'advertise', 'phone', 'america', 'smaller', 'size', 'compact', 'hit', 'hand', 'place', 'handed', 'operation', 'breeze', 'giant', 'phone', 'trend', 'phone', 'cure'],
['love', 'phone', 'size', 'owend', 'year', 'phone', 'pocket', 'noticed', 'con', 'rounded', 'dropped', 'phone', 'time', 'phone', 'owned', 'dating', '1999.', 'small', 'phone', 'life', 'playing', 'game', 'watching', 'video', 'surfing', 'web', 'will', 'day', 'hope', 'helped'],
['phone', 'exceeded', 'high', 'expectation', 'second', 'sony', 'xperia', 'z3', '4', 'year', 'amazing', 'phone', 'glad', 'stuck', 'definitely', 'simple/clean/sleek', 'theme', 'preference', 'volvo', 'asus', 'ecco', 'context', 'appreciation', 'sony', 'xperia', 'series', 'perfect', 'size', 'weight', 'purpose', 'solid', 'build', 'demonstrably', 'waterproof', 'crisp', 'sharp', 'display', 'lightning-fast', 'processor', 'great', 'camera', 'prefer', 'slr', 'cleanly', 'moderate', 'feature', 'installed', 'apps', 'customizable', 'e.g', 'remove', 'icon', 'top', 'personally', 'not', 'mind', 'move', 'remove', 'audio', 'jack', 'understand', 'lack', 't-mobile', 'voice-over-wifi', 'voice', 'lte', 'issue', '--', 'feature', 'clear', 'standard', 'cellular', 'connection', 'hearing', 'concern', 'us-model', 'pleasantly', 'surprised', 'fingerprint', 'reader', 'work', 'flawlessly', 'personally', 'placement', 'fine', 'work', 'well', 'hold', 'hand', 'bottom', 'household', '6+', 'iphones', 'samsung', 'galaxy', 'motorola', '2', 'sony', 'xperias', 'call', 'sony', 'xperia', 'xz2', 'compact', 'favorite', 'time', 'family', 'member', 'tie', 'current', 'iphone'],
['despite', 'review', 'supposedly', 'certified', 'verizon', 'lot', 'problem', 'phone', 'call', 'send', 'text', 'couldn', '’', 't', 'receive', 'spent', 'hour', 'phone', 'verizon', 'couldn', '’', 't', 'work', 'sony', '’', 's', 'customer', 'service', 'complete', 'joke', 'don', '’', 't', 'bother', 'top', 'phone', 'telling', 'needed', 'system', 'update', '’', 'd', 'install', 'restart', 'phone', '’', 'd', 'restart', '’', 'd', 'needed', 'install', 'update', 'process', 'time', 'attempt', 'installing', 'update', 'strange', 'grainy', 'photo', 'camera', 'supposedly', '19', 'mp', 'thought', '’', 'd', 'fingerprint', 'scanner', '’', 'driving', 'phone', 'holder', 'position', 'awkward', 'unlock', 'wanted', 'phone', 'size', 'perfect', 'ultimately', 'phone', 'huge'],
['ultimately', 'rate', 'phone', 'depends', 'answer', 'question', 'badly', 'top', 'compact', 'phone', 'best', 'small', 'phone', 'read', 'phone', 'phone', 'work', 'verizon', 'well', '&', 't', 't-mobile', 'not', 'work', 'sprint', 'find', 'online', 'fully', 'compatible', 'lte', 'network', 'asia', 'europe', 'exception', 'japan', 'partial', 'compatibility', 'will', 'not', 'test', 'till', 'year', 'support', '1', 'sim', 'despite', 'sony', 'official', 'claiming', 'dual', 'sim', 'people', 'compare', 'phone', 'pixel', '2', 'phone', 'smaller', 'thicker', '5', 'screen', 'sony', 'not', 'smaller', 'bezel', '18:9', 'form', 'factor', '2:1', 'result', 'phone', 'noticeably', 'smaller', '6', 'screen', 'area', 'compared', '16:9', 'ratio', 'screen', 'close', 'width', '4.5', 'screen', 'fact', 'close', 'size', 'nexus', 'galaxy', 'year', 'ago', 'forgotten', 'nice', 'small', 'phone', 'fit', 'hand', 'thick', 'thicker', 'pixel', '2.', 'latest', 'snapdragon', '845', 'soc', 'phone', 'performance', 'comparable', 'latest', 'flagship', 'manufacturer', 'samsung', 'galaxy', 's9', 'oneplus', '6.', 'pixel', '2', '835', 'generation', 'decent', 'performer', '4gb', 'ram', '64gb', 'storage', 'add', 'microsd', 'card', '400gb', 'store', 'photo', 'video', 'medium', 'file', 'start', 'not', 'compared', 'top', 'phone', 'distressing', 'not', '3.5mm', 'headphone', 'jack', 'phone', 'lack', 'unhappy', 'sure', 'dongle', 'included', 'extra', 'item', 'lose', 'not', 'charge', 'listening', 'time', 'sony', 'sell', 'adapter', 'supposedly', 'not', 'find', 'sale', 'support', 'slow', 'charging', 'plastic', 'feel', 'nice', 'not', 'cheap', 'surprised', 'lack', 'oled', 'screen', 'deep', 'black', 'couple', 'oled', 'screen', 'burn-in', 'issue', 'not', 'disadvantage', 'screen', 'great', 'color', 'bright', 'full', 'sun', 'camera', 'good', 'not', 'dual', 'lens', 'telephoto', 'doe', 'not', 'ois', 'finally', 'lack', 'wireless', 'charging', 'puzzling', 'considering', 'plastic', 'guess', 'sony', 'not', 'sacrifice', 'battery', 'capacity', 'phone', 'thicker', 'order', 'add', 'wireless', 'charging', 'dust', 'water', 'resistance', 'ip65/68', 'qualcomm', 'quick', 'charge', '3.0', 'ac', 'adapter', 'included', '1080p', 'resolution', 'display', 'array', 'feature', 'expect', 'phone', 'class', 'will', 'not', 'bore', 'listing', 'phone', 'extremely', 'responsive', 'lag', 'whatsoever', 'performs', 'well', 'running', 'game', 'well', 'pokemon', 'run', 'well', 'expected', 'gps', 'appears', 'accurate', 'expected', 'sony', 'skin', 'fairly', 'close', 'stock', 'android', 'glaring', 'difference', 'app', 'drawer', 'continuous', 'list', 'scroll', 'top', 'number', 'left', 'sony', 'appears', 'push', 'update', 'pleasantly', 'surprised', 'june', 'security', 'patch', 'half', 'june', 'phone', 'including', 'xiaomi', 'mi', 'a1', 'android', 'phone', 'ergonomically', 'phone', 'fit', 'hand', 'comfortably', 'designed', 'holding', 'hand', 'button', 'side', 'phone', 'volume', 'power', 'camera', 'nicer', 'fingerprint', 'sensor', 'positioned', 'higher', 'not', 'bad', 'take', 'second', 'fingerprint', 'sensor', 'recognize', 'fingerprint', 'appears', 'work', 'well', 'oneplus', '3t', 'fingerprint', 'sensor', 'work', 'faster', 'slouch', 'quirk', 'not', 'phone', 'open', 'sim', '+', 'microsd', 'drawer', 'pull', 'fingernail', 'special', 'tool', 'straightened', 'paper', 'clip', 'phone', 'reboots', 'people', 'not', 'change', 'sim', 'card', 'inconvenient', 'swap', 'microsd', 'card', 'built', 'speaker', 'not', 'bad', 'average', 'phone', 'performance', 'tiny', 'speaker', 'camera', 'pretty', 'good', 'lack', 'optical', 'stabilization', 'not', 'going', 'great', 'depth', 'photo', 'good', 'pixel', '2', 'situation', 'phone', 'fair', 'amount', 'bloatware', 'disabled', 'not', 'uninstalled', 'completely', 'include', 'suite', 'amazon', 'apps', 'sony', 'software', 'avg', 'antivirus', '64gb', 'storage', '44gb', 'free', 'conclusion', 'phone', 'ultimately', 'size', 'small', 'phone', 'compromise', 'better', 'spec', 'water', 'dust', 'resistance', 'oneplus', '6', 'larger', '5', 'star', 'headphone', 'jack'],
['phone', 'fried', '5', 'month', 'inquiring', 'status', '2', 'week', 'talking', 'south', 'america', 'computer', 'screen', 'not', 'inquiry', 'website', 'insulting', 'impersonal', 'lack-luster', 'customer', 'service', 'sony', 'product', 'will', 'buy', 'update', '5/23/19', 'phone', 'going', '2', 'month', 'order', 'mother', 'board', 'manufacturer', 'long', 'replace', 'damn', 'thing', 'not', 'happened', 'customer', 'service'],
['iphone', 'user', 'iphone', '2nd', 'gen', 'year', 'ago', 'time', 'time', 'return', 'apple', 'convert', 'android', 'iphone', 'better', 'color', 'green', 'key', 'selling', 'point', 'wasn', '’', 't', 'impressed', 'android', '/', 'sony', 'phone', 'phone', 'install', 'software', 'update', '3', 'min', '’', 'll', 'stick', 'iphone', 'se'],
['phone', 'green', 'color', 'darker', 'green', 'pic', 'ok.', 'green', 'favorite', 'color', 'bought', 'case', 'phone', 'not', 'protect', 'phone', 'slippery', 'easy', 'slide', 'large', 'hand', 'mind', 'phone', 'slide', 'finger', 'floor', 'case', 'bought', 'solved', 'problem', 'dedicated', 'camera', 'button', 'camera', 'instant', 'feeling', 'button', 'focusing', 'screen', 'finding', 'camera', 'button', 'touch', 'power', 'button', 'volume', 'button', 'easy', 'find', 'read', 'review', 'comment', 'finger', 'print', 'reader', 'positioned', 'middle', 'phone', 'big', 'deal', 'not', 'phone', 'reviewer', 'easy', 'case', 'easier', 'find', 'sensor', 'heavier', 'thicker', 'phone', 'guess', 'not', 'care', 'phone', '5', 'star', 'thinner', 'lighter', 'speaker', 'sound', 'great', 'fast', 'snappy', 'phone'],
['enjoy', 'phone', 'apple', 'product', '7', 'year', 'decided', 'wanted', 'month', 'settled', 'phone', 'loved', 'form', 'factor', 'spec', 'sheet', 'ability', 'month+', 'phone', 'regret', 'phone', 'shipped', 'usb', 'type-c™', '2-in-1', 'cable', 'ec270', 'sony', 'verizon', 'work', 'xperia', 'phone', 'verizon', 'compatibly', 'highly', 'recommend', 'sony', 'phone', 'family', 'friend'],
['best', 'phone', 'samsung', 'alius', '2', 'brand', 'three', 'day', 'charge', 'apps', 'decreased', '2.5', 'day', 'live', 'deadzone', 'not', 'signal', 'sap', 'previous', 'phone', 'dry', 'phone', 'unaffected', 'better', 'area', 'better', 'signal', 'imagine', 'battery', 'life', 'better', 'fingerprint', 'reader', 'work', 'perfectly', 'entire', 'phone', 'customizable', 'keyboard', 'glass', 'durable', 'frame', 'dropped', 'face', 'case', 'wet', 'concrete', '3', 'foot', 'screen', 'perfect', 'not', 'review', 'video', 'sadly', 'headphone', 'jack', 'not', 'needed', 'help', 'waterproof', 'phone', 'headphone', 'jack', 'adapter', 'terrible', 'pair', 'headphone', 'charging', 'port', 'usb-c', 'port', 'not', 'sturdy', 'proven', 'stronger', 'headphone', 'jack', 'dozen', 'time', 'accidentally', 'yanked', 'headphone', 'sony', 'phone', 'pair', 'nice', 'sony', 'product'],
['verizon', 'user', 'sure', 'hd', 'voice', 'activated', 'account', 'online', 'reason', 'phone', 'not', 'receiving', 'text', 'call', 'adding', 'hd', 'voice', 'free', 'verizon', 'service', 'fixed', 'rest', 'barely', 'thought', 'impression', 'thing', 'verizon', 'chat', 'support', 'useless', 'fixed', 'problem', 'gut', 'reaction', 'damn', 'heavy', 'size', 'nexus', '5x', 'lot', 'content', 'small', 'nexus', 'screen', 'phone', 'bulky', 'width', 'weight', 'reach', 'device', 'handed', 'stretching', 'big', 'small..', 'whatever..', 'yay', 'microsd', 'card', 'pushing', 'cloud', 'boo', 'headphone', 'jack', 'ip68', 'rated', 'phone', 'jack', 'lazy', 'designer', 'lol', 'box', 'dongle', 'type', 'c', 'headphone', 'connection', 'issue', 'blue', 'tooth', 'receiver', 'good', 'headphone', 'frustrating', 'led', 'flashlight', 'dim', 'borderline', 'useless', 'setting', 'requires', 'flashlight', 'app', 'built', 'safety', 'feature', 'not', 'overheat', 'phone', 'dim', 'useless', 'good', 'scenario', 'restaurant', 'not', 'blind', 'people', 'menu', 'close', 'bored', 'turn', 'hd', 'voice'],
['comfortable', 'hold', 'curve', 'size', 'super', 'carry', 'pocket', 'quiet', 'heavier', 'phone', 'z3', 'compact', 'not', 'excessive', 'usage', 'excitement', 'not', 'not', 'open', 'stamen', 'mood', 'battery', 'day', 'opened', 'evey', 'energy', 'consuming', 'thing', 'day', 'function', 'battery', 'take', '1', 'day', 'tomorrow', 'will', 'energy', 'saving', 'mode', 'extra', 'precaution', 'stand'],
['wasted', 'money', 'time', 'incorrect', 'listing'],
['phone', 'fast', 'take', 'great', 'picture', 'battery', 'fast', 'high', 'consumption', 'program', 'battery', 'charge', 'fast', 'upgrade', 'xperia', 'z3v'],
['description', 'state', 'will', 'original', 'accessory', 'received', 'micro', 'usb', 'adapter', 'not', 'fit', 'phone', 'not', 'eve', 'charge', 'phone', 'amazon', 'not', 'original', 'sony', 'power', 'adapter', 'cable', 'fit', 'returning', 'phone', 'gift', 'wife', 'turned', 'refurbished', 'disappointment'],
['not', 'dual', 'sim', 'advertised', 'amazon', 'review', 'product'],
['loyal', 'samsung', 'phone', 'person', 's3', '2', 's', 'model', '2', 'active', '2', 'note', 'note', '8.', 'thing', 'bothered', 'samsung', 'battery', 'life', 'shorter', 'second', 'samsung', 'software', 'phone', 'decision', 'smaller', 'phone', 'sony', 'experia', 'xz2', 'compact', 'smallest', 'flagship', 'find', 'phone', 'addressed', 'samsung', 'complaint', 'battery', 'life', 'better', 'samsung', 'combination', 'smaller', 'screen', 'size', 'fewer', 'apps', 'running', 'background', 'heavier', 'user', '40', 'day', 'second', 'android', 'experience', 'nexus', 'phone', 'year', 'ago', 'not', 'bixby', 'samsung', 'cloud', 'apps', 'running', 'background', 'not', 'force', 'user', 'fact', 'phone', '5', 'model', 'pocket', 'friendly', 'screen', 'large', 'functional', 'year', 'ago', 'standard', 'size', 'phablets', 'recommend', 'phone', 'assume', 'full', 'size', 'version', 'equally', 'good'],
['work', 'verizon', 'sim', 'card', 'verizon', 'rep', 'not', 'spent', 'three', 'hour', 'told', 'retutn', 'phone', 'asked', 'sim', 'card..', 'not', 'deal', 'phone', 'worked'],
['amazon', 'review', 'reviewer', 'not', 'allow', 'objective', 'review', 'product'],
['set', 'specific', 'criterion', 'phone', 'i.e', 'small', 'bigger', '5', 'inch', 'not', 'fit', 'bill', 'day', 'phone', 'great', 'wonderful', 'camera', 'fingerprint', 'sensor', 'working', 'issue', 'phone', 'not', 'generally', 'hot', 'occasionally', 'immensely', 'thick', 'screen', 'nice', 'fingerprint/smudge', 'resistant', 'speaker', 'good', 'well', 'battery', 'life', 'meeting', 'expectation', 'thing', 'will', 'finger', 'camera', 'fingerprint', 'sensor'],
['call', 'phone', 'straight', 'voicemail', 'tmobile', 'service', 'consideration', '7', 'phone', 'plan', '5', 'android', '&', '2', 'io', 'work', 'great', 'numerous', 'setting', 'resetting', 'phone', 'find', 'well', 'kind', 'reading', 'numerous', 'blog', 'folk', 'exact', 'issue', 'restart', 'phone', 'call', 'son', 'straight', 'voicemail', 'locate', 'restart', 'phone', 'work', 'bit', 'restart', 'exact', 'thing', '’', 's', 'not', 'hopefully', 'not', 'late', 'return', 'messing', 'phone', '30', 'day', 'work', 'not', '’', 's', 'provider', '’', 's', 'phone', '7', 'issue', 'will', 'stay', 'sony', 'phone', 'future', 'totally', 'disappointed', 'pro', 'not', 'interested', 'making', 'call', 'awesome', 'replacement', 'itouch'],
['phone', 'feel', 'exactly', 'smaller', 'version', 'sonys', 'current', 'flagship', 'xz2', 'phone', 'company', 'smaller', 'lower', 'spec', 'version', 'perfect', 'hold', 'hand', 'feel', 'heavy', 'pro', 'con', 'depending'],
['phone', 'perfect', 'size', 'issue', 'overheating', 'requested', 'replacement', 'item', 'delivery', 'guy', 'tossed', 'item', 'camera', 'button', 'sunk', 'press', 'hard', 'activate'],
['sony', 'great', 'brand', 'not', 'huge', 'phone', 'great', 'performance', 'memory', 'phone', 'work', 'fast', 'version', '64gb', 'internal', 'memory', 'expandable', 'memory', 'card', '128gb', '32gb', 'memory', 'vard', '96gb', 'storage', 'music', 'picture', 'lot', 'great', 'apps', 'performance', 'great'],
['android', 'htc', '“', 'smart', 'phone', '”', 'year', 'ago', '’', 've', 'owned', 'phone', 'recall', 'including', 'samsung', 'sony', 'lg', 'nokia', 'oneplus', 'essential', '’', 'm', 'familiar', 'smartphones', '’', 's', 'experience', 'latest', 'sony', 'performs', 'compared', 'smartphones', 'current', 'daily', 'driver', 'galaxy', 's8+', 'pro', '+', 'fast', 'responsive', 'lag', '+', 'smooth', 'near-stock', 'android', 'user', 'interface', '+', 'dedicated', '2-stage', 'camera', 'button', '+', 'expandable', 'microsd', 'storage', '2tb', '+', 'standard', '64gb', 'internal', 'storage', '+', 'fantastic', '5', '”', '1080p', 'hdr', 'lcd', 'display', '18:9', '+', 'notch', '+', 'solid', 'battery', 'life', '+', 'fast', 'charge', 'capable', 'usb-c', '3.0', '+', 'forward', 'facing', 'stereo', 'speaker', '+', 'great', '19mp', 'front', 'camera', 'crisp/sharp', 'image', '+', 'fingerprint', 'reader', 'finally', '+', 'virtually', 'lte', 'band', 'supported', 'gsm', '&', 'cdma', '+', 'xperia', 'software', 'included', '+', 'solid', 'build', 'quality', '&', 'feel', '+', 'dust', '&', 'water', 'resistant', '+', 'factory', 'unlocked', '+', 'good', 'button', 'placement', 'feel', '+', 'good', 'sale', 'con', 'wireless', 'charging', 'compact', 'sony', 'bloatware', '’', 't', 'removed', 'headphone', 'jack', 'dongle', 'included', 'camera', 'app', 'buggy', 'time', 'list', 'price', 'bit', 'high', 'design', 'xperia', 'xz2', 'compact', '5', '”', 'phone', 'updated', 'familiar', 'sony', 'design', 'aesthetic', 'featuring', 'squarish', 'corner', 'slight', 'curve', 'edge', 'glass', 'screen', '2d', 'holding/swiping', 'comfortable', '’', 's', 'flat', 'screen', 'note', 'moved', '18:9', 'aspect', 'ratio', 'display', 'majority', '2018', 'phone', 'phone', 'feel', 'smaller', '5', '”', '16:9', 'aspect', 'ratio', 'phone', 'good', 'bad', 'depending', 'preference', 'example', '’', 've', 'noticed', 'keyboard', 'cramped', 'feel', 'tiny', 'compared', 'phone', '’', 's', 'usable', '’', 'going', 'compact', 'phone', 'place', 'won', '’', 't', 'mind', 'backing', 'plastic', 'doesn', '’', 't', 'feel', 'cheap', 'good', 'job', 'resisting', 'fingerprint', 'usb-c', 'port', 'bottom', 'volume/power/camera', 'button', 'missing', 'sony', 'phone', 'finally', 'rear-mounted', 'fingerprint', 'reader', 'single', 'nano-sim', 'microsd', 'tray', 'left', 'bonus', 'remove', 'finger', 'nail', 'front', 'notification', 'led', 'well', 'favorite', 'feature', 'front', 'facing', 'stereo', 'speaker', 'sony', 'phone', 'good', 'high-end', 'quality', 'appearance', 'feel', 'lean', 'understated', 'flashy', 'black', 'common', 'day', 'battery', 'not', 'removable', '’', 's', '2018', 'surprise', 'will', 'continue', 'feature', 'o', '&', 'feature', 'owned', 'sony', 'phone', 'tablet', 'feel', 'familiar', '’', 've', 'stock', 'android', 'phone', 'generally', 'minor', 'change', 'include', 'app', 'drawer', 'slide', 'left/right', 'sony', 'tweak', 'hidden', 'keep', 'finding', 'nice', 'touch', 'explore', 'ui', 'noteworthy', 'feature', 'addition', 'theme', 'accessible', 'widget', '&', 'wallpaper', 'setting', 'sony', 'stamen', 'mode', 'add', 'considerable', 'battery', 'life', 'phone', '’', 's', 'google', 'started', 'adding', 'marshmallow', 'disables', 'extra', 'functionality', 'feature', 'stretch', 'runtime', 'manufacture', 'variant', 'suspends', 'inactive', 'apps', 'exclude', 'case', 'sure', '“', 'exclude', '”', 'app', 'don', '’', 't', 'sleep', 'i.e', 'chat', 'messaging', 'apps', 'sadly', 'bit', 'bloatware', 'form', 'sony', '&', '3rd', 'party', 'apps', 'generally', '’', 't', 'remove', 'disable/hide', '’', 's', 'easy', 'pretend', '’', 't', 'remove', 'not', '’', 'm', 'big', 'fan', '100', 'stock', 'android', 'faster', 'update', '’', 'll', 'gladly', 'extra', 'basic', 'performance', '&', 'functionality', 'doesn', '’', 't', 'hit', 'exactly', 'case', 'usable', 'practical', 'feature', 'worth', 'time', 'review', '’', 'android', '8.0.0', 'sony', 'build', '51.1.a.4.173', 'performance', 'stutter', 'lag', 'annoying', 'thing', 'phone', '’', 've', 'sold', 'phone', 'reason', 'o', 'user', 'interface', 'run', 'great', 'manufacture', 'sony', 'generally', '“', 'flagship', '”', 'spec', 'small', 'phone', 'larger', '’', 've', 'snapdragon', '845', '4gb', 'ram', 'smooth', 'fast', 'sign', 'stutter', 'lag', 'gaming', 'good', 'example', 'real-world', 'performance', '’', 's', 'primary', 'task', 'folk', 'going', 'push', 'chipset', 'played', 'game', 'including', 'simcity', 'anomaly', 'kr', 'asphalt', '8', 'perfectly', 'fine', 'help', '’', 'needing', 'push', '1080p', 'pushed', 'hard', 'phone', 'bit', 'warm', 'going', 'initial', 'setup', 'downloading', 'bunch', 'apps', 'norm', 'latest', 'high-end', 'chip', 'time', '’', 's', 'cool', 'display', 'oled', 'display', '’', 's', 'difficult', 'going', '“', 'normal', '”', 'ip', 'lcd', '5', '”', '1080p', '“', 'hdr', '”', 'display', 'xz2', 'excellent', 'fact', 'oled', 's8+', 'hold', 'solid', 'black', 'level', 'not', 'oled', 'sharp', 'image', 'great', 'viewing', 'angle', 'light', 'bleed', 'color', 'appear', 'tad', 'saturated', 'higher', 'brightness', 'level', 'display', 'adjustment', 'honestly', '’', 's', 'nice', 'screen', 'cheaper', 'ip', 'panel', 'notice', 'lesser', 'screen', 'quality', 'poor', 'black', 'level', 'compared', 'newer', 'ips/oled', 'display', 'not', '“', '”', '1080p', 'resolution', '5', '”', 'panel', 'going', 'pixel', 'front', 'face', 'sony', 'commended', 'good', 'quality', 'ip', 'panel', 'continue', 'raise', 'bar', 'default', 'color', 'temp', 'lean', 'cool', 'side', 'easily', 'adjust', 'preference', 'auto-brightness', 'improved', 'year', 'point', '’', 's', 'adapting', 'lighting', 'condition', 'remembering', 'preference', 'scenario', 'camera', 'sony', 'making', 'excellent', 'camera', 'sensor', 'manufacture', 'historically', 'camera', 'solution', 'hit', 'phone', 'blamed', 'software', 'side', 'thing', '19mp', 'front', '5mp', 'rear', 'camera', 'notable', 'improvement', 'sony', 'phone', 'sony', 'camera', 'app', 'not', 'changed', 'app', 'update', 'intuitive', 'user', 'friendly', 'won', '’', 't', 'extra', 'camera', 'feature', '’', 've', 'modern', 'smartphone', 'feature', 'fun', 'sony', 'add-on', 'keep', 'thing', 'interesting', 'including', 'separate', 'ar', 'app', 'add', 'special', 'effect', 'theme', 'picture', '3d', 'modeling', 'feature', 'occasional', 'panoramic', 'shot', 'going', 'stick', 'automatic', 'compared', 'multiple', 'side-by-side', 'picture', 'phone', 'find', 'situation', 'image', 'looked', 'tad', 'processed', 'noticeable', 'zoom', 'moderate', 'good', 'lighting', '19mp', 'camera', 'shine', 'natural', 'color', 'crisp', 'image', 'well', 'balanced', 'contrast', 'descent', 'camera', 'well', 'biggest', 'difference', 'low-light', 'sony', 'forced', 'increase', 'iso', 'point', 'grainy', 'image', 'capture', 'shot', 'brighter', 'samsung', 'smoother', '“', 'post', 'ready', '”', 'picture', 'darker', 'detail', 'case', '’', 's', 'better', 'external', 'camera', 'button', '’', 's', 'ready', 'open', 'camera', 'app', 'focus', 'quick', 'shot', 'demand', 'best', 'camera', '2018', 'will', 'suit', 'majority', 'user', 'producing', 'good', 'image', 'majority', 'situation', 'not', 'mention', 'putting', 'older', 'camera', 'shame', 'video', '’', 'd', 'expect', 'class', '4k', 'video', 'recording', 'good', 'easily', 'on-par', 'galaxy', 's8', 'hdr', 'video', 'recording', 'unique', 'xz2', 'time', 'experience', 'tended', 'produce', 'vivid', 'picture', 'better', 'detail', 'mileage', 'will', 'vary', 'time', 'recording', 'hdr', 'audio', 'video', 'apparent', 'viewing', 'not', 'reproduce', 'slow', 'motion', 'video', 'capture', '120fps', '960fps', '960fps', 'start', 'recording', 'video', 'ready', 'capture', 'slow', 'motion', 'hit', 'record', 'button', 'moment', 'not', 'best', 'worst', 'implementation', 'hit', 'button', 'capture', '3', 'second', 'time', 'work', 'well', 'on-going', 'action', 'scene', '’', 'll', 'plenty', 'light', 'resolution', 'poor', 'basically', 'useless', 'low', 'moderate', 'light', 'recording', '120fps', 'easier', 'simply', 'record', 'normal', 'select', 'portion', 'video', 'saved', 'slow', 'motion', 'record', 'audio', 'slow', 'motion', 'create', 'fun', 'interesting', 'video', 'quality', 'noticeable', 'better', '960fps', 'wort', 'noting', 'separate', 'occasion', 'camera', 'app', 'generated', 'error', 'requiring', 'exit', 'manually', 'close', 're-open', 'not', 'happened', 'week', 'hopefully', 'fixed', 'update', 'battery', 'feature', 'bottom', 'list', 'phone', 'manufacture', 'interested', 'making', 'phone', 'thin', 'physically', 'large', '2870', 'mah', 'battery', 'combined', 'power', 'efficient', '845', 'chipset', 'software', 'improvement', '1080p', 'display', '’', 'll', 'better', 'average', 'battery', 'life', '5+', 'hour', 'screen-on', 'time', 'easily', 'entire', 'day', 'moderate', 'usage', '’', 's', 'half', 'brightness', 'watching', 'video', 'surfing', 'game', 'radio', 'enabled', 'mileage', 'will', 'absolutely', 'vary', 'phone', 'decide', 'push', 'high', 'brightness', 'lot', 'screen-on', 'time', 'high-end', 'game', 'running', '’', 'll', 'charger', 'dinner', 'time', 'expected', 'fast', 'charging', 'disposal', 'qualcomm', 'quick', 'charge', '3.0.', 'prefer', 'avoid', 'cord', 'bedtime', 'aggressive', 'user', 'fine', 'phone', 'usual', 'stress', 'test', 'battery', 'fare', 'smaller', 'screen', 'size', 'combined', 'fewer', 'pixel', 'push', 'help', 'lot', 'sadly', 'wireless', 'charging', '’', 'll', 'move', 'non-compact', 'variant', 'sound', 'speaker', '’', 'front', 'fortunately', 'sony', 'continues', 'avoid', 'common', 'industry', 'trend', 'shove', 'speaker', 'back/bottom', 'easily', 'blocked', 'placement', 'perfect', 'watching', 'youtube', 'playing', 'game', 'speaker', 'sound', 'better', 'total', 'volume', 'isn', '’', 't', 'issue', 'sound', 'bit', 'tiny', 'doesn', '’', 't', 'depth', '’', 've', 'good', 'stereo', 'separation', 'sound', 'decent', '’', 'll', 'higher', 'quality', 'bottom-firing', 'speaker', 'day', 'network/carrier', 'usage', '&', 't', 't-mobile', 'sims', 'phone', 'laying', 'typical', 'sony', 'fashion', 'phone', 'factory', 'unlocked', 'virtually', 'lte', 'band', 'gsm', 'cdma', 'carrier', 'cover', 'supporting', 'latest', 'greatest', 'band', 'key', 'ensuring', '’', 've', 'full', 'coverage', 'carrier', 'geographical', 'location', 'meaning', '’', 've', 'lot', 'bar', 'excellent', 'transfer', 'rate', 'carrier', 'par', 'carrier', 'branded', 'device', 'single', 'nano-sim', '+', 'microsd', 'dual', 'sim', 'option', 'feature', 'left', 'non-compact', 'xz2', 'wi-fi', 'weak', 'point', 'sony', 'phone', 'appear', 'improved', 'not', 'entirely', 'resolved', 'compared', 'side-by-side', 's8', 'percentage', 'point', 'speed', 'signal', 'strength', 'nice', 'range', '5g', 'sony', 'frequently', 'lose', 'signal', 'foot', 'samsung', 'voice', 'quality', '’', 's', 'shocking', 'phone', 'voice', 'call', 'work', 'personal', 'earpiece', 'bluetooth', 'work', 'perfectly', 'fine', 'paired', 'multiple', 'wireless', 'device', 'vehicle', 'headset', 'issue', 'call', 'loud', 'clear', 'speakerphone', 'functionality', 'lower', 'point', 'party', 'sound', 'tiny', 'carried', 'general', 'speaker', 'quality', '’', 's', 'perfectly', 'usable', 'party', 'problem', 'hearing', 'long', 'didn', '’', 't', 'venture', 'phone', 'fingerprint', 'reader', 'historically', 'sony', 'phone', 'haven', '’', 't', 'fingerprint', 'reader', '’', 's', 'finally', 'xz2', 'small', 'phone', '’', 's', 'center', 'not', 'camera', '’', 's', 'flat', 'surface', 'going', 'will', 'not', 'find', 'avoid', 'smudging', 'camera', 'lens', 'easy', 'solution', 'case', '’', 've', 'resolved', 'problem', 'reader', 'super', 'fast', 'response', 'work', 'great', 'conclusion', 'small', 'size', 'thing', 'keep', 'long-term', 'daily', 'driver', '’', 've', '5', '”', 'phone', '18:9', 'aspect', 'ratio', 'bit', '“', 'small', '”', 'daily', 'manufacture', 'increased', 'size', 'small', 'large', 'phone', 'compensate', 'narrow', 'aspect', 'ratio', 'con', 'well', '’', 's', 'face', '’', 'minor', 'single', 'sim', 'wireless', 'charging', '’', 's', 'flagship', 'not', '100', 'impressed', 'camera', 'app', 'glitch', 'will', 'continue', 'week', 'update', 'review', 'needed', 'evaluation', 'will', '#', '2', 'phone', 'size', 'join', 'phone', 'keep', 'phone', 'purpose', 'find', 'list', 'price', 'consider', 'phone', 'recommended', 'market', 'compact', 'high-end', 'android', 'smartphone', 'pretty', 'fact', 'planning', 'larger', 'xz2', 'premium', 'released', 'daily', 'driver', 'good', '4.4', 'star'],
['nice', 'phone', 'display', 'super', 'crisp', 'good', 'sound', 'tend', 'phone', 'watching', 'movie', 'audio', 'level', 'key', 'blazing', 'fast', 'camera', 'take', 'great', 'picture', 'o', 'easy', 'learn', 'navigate', 'spent', 'smartphone', 'life', 'iphone', 'happy', 'find', 'o', 'xperia', 'not', 'phone', 'fairly', 'compact', 'nice', 'heft', 'substantial', 'feel', 'missing', 'phone', 'bit', 'bulkly', 'feeling', 'bit', 'thicker', 'iphone', 'not', 'deal', 'breaker'],
['phone', 'big', 'fan', 'smaller', 'phone', 'not', 'lot', 'choice', 'compact', 'size', 'bit', 'smaller', 'preferable', 'performance', 'wise', 'fast', 'easy', 'setup', 'camera', 'decent', 'thing', 'drop', '4', 'star', 'heavy', 'supposed', 'compact', 'phone', 'weight', 'feel', 'lot', 'bigger', 'thick', 'weight', 'phone', 'great', 'fast', 'camera', 'work', 'great', 'battery', 'last', 'forever', 'problem', 'fingerprint', 'sensor', 'att', 'network'],
['amazon', 'customer', '2007', 'written', 'review', 'product', 'positive', 'negative', 'obliged', 'compose', 'review', 'excruciating', 'detail', 'phone', 'manufacturer', 'defect', 'sony', 'xperia', 'support', 'subsequently', 'run-around', 'month', 'warranty', 'repair', 'process', 'phone', '40', 'day', 'device', 'unexpectedly', 'bricked', 'routine', 'product', '1-year', 'manufacturer', 'warranty', 'multiple', 'round', 'back-and-forth', 'troubleshooting', 'customer', 'service', 'issued', 'shipping', 'label', 'return', 'sony', 'repair', 'center', 'woodbridge', 'il', 'repair', 'process', 'estimated', '14', 'business', 'day', 'window', 'elapsed', 'not', 'update', 'repair', 'status', 'contacted', 'sony', 'xperia', 'support', 'learn', 'repair', 'not', 'initiated', 'told', 'week', 'xperia', 'support', 'apologized', 'delay', 'treat', 'case', 'phone', 'point', 'repair', 'center', 'possession', 'phone', '24', 'day', 'informed', 'phone', 'deemed', 'malfunctioned', 'fault', 'completely', 'covered', '1-year', 'warranty', 'week', 'requested', 'update', 'status', 'repair', 'update', 'provided', 'xperia', 'support', 'finally', '35', 'day', 'repair', 'center', 'received', 'phone', 'told', 'repair', 'complete', 'three', 'day', 'informed', 'receiving', 'week', 'day', 'received', 'phone', 'update', 'shipping', 'status', 'day', '44.', 'day', 'told', 'system', 'repair', 'complete', 'phone', 'repair', 'facility', 'canada', 'not', 'contact', 'directly', 'update', 'time', 'corresponded', 'xperia', 'support', '11', 'email/phone', 'conversation', 'informed', 'not', 'provide', 'update', 'lack', 'direct', 'communication', 'repair', 'facility', 'true', 'gross', 'oversight', 'sony', 'internal', 'process', 'xperia', 'support', 'lying', 'process', 'timing', 'nature', 'device', 'repair', 'b', 'directly', 'contacting', 'repair', 'facility', 'status', 'update', 'customer', 'device', 'not', 'sure', 'worse', 'sony', 'sony', 'possession', 'xperia', 'xz2', 'compact', '46', 'day', 'provide', 'repair', 'process', 'delayed', 'expect', 'returned', 'continuously', 'ignored', 'lied', 'brushed', 'xperia', 'support', 'staff', 'refurbished', 'device', 'lieu', 'delayed', 'phone', 'told', 'process', 'longer', 'offered', 'arrangement', 'decidedly', 'not', 'scoffed', 'suggesting', 'basic', 'customer', 'service', 'solution', 'process', 'smoothly', 'inclined', 'recommend', 'product', 'friend', 'family', 'colleague', 'continue', 'purchase', 'sony', 'product', 'future', 'felt', 'treated', 'company', 'inclined', 'warn', 'abject', 'horror', 'product', 'warranty', 'repair', 'process', 'repair', 'facility', 'phone', 'longer', 'inexplicably', 'ceased', 'function', 'admitted', 'manufacturer', 'defect', 'sony', 'xperia', 'support', 'provided', 'worst', 'customer', 'service', 'experience', 'imagined', 'large', 'well-established', 'company', 'spent', 'week', 'painstakingly', 'researching', 'phone', 'deciding', 'purchase', 'phone', 'excellent', '40', 'day', 'not', 'warranty', 'nightmare', 'worst', 'enemy', 'will', 'advising', 'avoid', 'sony', 'product', 'cost'],
['best', 'compact', 'sony', 'xperia', 'image', 'quality', 'good', 'sound', 'quality', 'good', 'connection', 'good', 'phone'],
['buy', 'phone', 'facebook', 'not', 'app', 'not', 'remove', 'facebook', 'app', 'facebook', 'spy', '24/7', 'sony', 'rest', 'good', 'good', 'camera', 'sony', 'divorce', 'facebook', 'marriage', 'bad'],
['sony', 'xperia', 'fan', 'super', 'fast', 'amazing', 'picture'],
['feel', 'sony', 'design', 'team', 'awful', 'job', 'physical', 'aspect', 'device', 'slide', 'seemingly', 'elevated', 'surface', 'inevitably', 'slam', 'gorgeous', 'ill-fated', 'facade', 'ground', 'beautiful', 'device', 'not', 'shame', 'going', 'covered', 'incurred', 'damage', 'week', 'phone', 'shape', 'disheartening', 'brand', 'phone', 'roughly', 'shape', '>', '2', 'year', 'z5', 'week', 'ago', 'understand', 'spent', 'xz2', 'upgraded', 'z5', 'impeccable', 'screen', 'shattered', 'considered', 'expected', 'sony', 'device', 'sony', 'drawing', 'board', 'curve', 'day', 'experience', 'xz2', 'conclusion', 'poor', 'xz2', 'case', 'destined', 'fall', 'fail', 'not', 'butright', 'box', 'phone', 'awful', 'battery', 'life', 'fully', 'charged', 'not', 'phone', 'power', 'hour', 'sit', 'lastly', 'experiencing', 'feedback', 'intermittently', 'xz2', 'phone', 'call'],
['*best*', 'smartphone', 'market', 'excellent', 'feature', 'excellent', 'performance', 'perfect', 'size', 'absolutely', 'love'],
['received', 'phone', 'installed', 'sim', 'card', 'not', 'receive', 'text', 'message', 'send', 'receive', 'call', 'initial', 'thought', 'problem', 'activation', 'spent', 'day', 'dealing', 'verizon', 'finally', 'network', 'tier', 'support', 'called', 'disable', 'callback', 'feature', 'resolved', 'issue', 'problem', 'verizon', 'not', 'return', 'phone', 'call', 'verizon', 'disable', 'feature', 'note', 'love', 'phone', 'long', 'time', 'smaller', 'screen', 'size', 'android', 'fast', 'powerful', 'phone'],
['phone', 'described', 'missed', 'requirement', 'ordering', 'wanted', 'dual', 'sim', 'gift', 'owned'],
['3d', 'scanning', 'not', 'best', 'work', 'android', 'phone', 'nuff'],
['hate', 'phone', 'tablet', 'day', 'watch', 'tv', '65', 'tv', 'tablet', '10.1', 'tablet', 'needed', 'laptop', 'laptop', 'phone', 'f', '@', '#', '$', '#', '@', '$', 'phone', 'sadly', 'samsung', 's4', 'mini', 'longer', 'supported', 'carrier', 'free', '64gb', 's6', 'edge', 's6', 'died', '6', 'month', 'replaced', 'second', 'died', '6', 'month', 'replaced', 'third', 'lasted', 'year', 'change', 'screen', 'finally', 'stopped', 'responding', 'in', 'skiing', 'mouse', 'work', 'screen', 'otg', 'cable', 'stopped', 'feasible', 'smallest', 'non-apple', 'phone', 'find', 'great', 'heavy', 'not', 'find', 'issue', 'ergonomics', 'better', 's6', 'edge', 'curve', 'edge', 'wrong', 'side', 'phone', 'comfortably', 'handed', 'andre', 'giant', 'samsung', 'feature', 'shrink', 'screen', 'handed', 'amazon', 'warehouse', 'condition', 'arrived', 'not', 'scratch', 'dent', 'device', 'box', 'pretty', 'beat', 'charger', 'dirty', 'popped', 'sim', 'card', 's6', 'edge', 'xz2', 'compact', 'fired', 'verizon', 'problem', 'speed', 'test', 'cell', 'network', 'phone', '70/25', 'mbps', 'down/up', 'office', 'not', 'will', 'house', 'not', 'service', 'house'],
['bought', 'sony', 'xperia', 'xz2', 'compact', 'phone', 'started', 'increasingly', 'slow', 'unstable', 'short', 'checklist', 'thing', 'wanted', '1', 'reasonable', 'price', '2', 'compact', 'size', '3', 'high', 'speed', '4', 'good', 'camera', '5', 'sturdy', 'design', 'life', 'criterion', 'caveat', 'bear', 'mind', 'listed', 'sony', 'xperia', 'xz2', 'compact', 'good', 'bargain', 'amazon', 'sale', '$', '449.99', '$', '480.36', 'tax', 'making', 'competitively', 'priced', 'phone', 'reputable', 'company', 'screen', 'tall', 'narrow', 'allowing', 'phone', 'fit', 'comfortably', 'palm', 'hand', 'compressing', 'letter', 'virtual', 'keypad', 'point', 'extremely', 'difficult', 'type', 'camera', 'good', 'clear', 'crisp', 'photo', 'good', 'balance', 'light', 'color', 'low-contrast', 'ambient', 'light', 'best', 'photo', 'video', 'good', 'provide', 'surprising', 'amount', 'detail', 'audio', 'shallow', 'tinny', 'cpu', 'fast', 'handle', 'thrown', 'juggling', 'snapchat', 'instagram', 'messenger', 'time', 'huccup', 'exception', 'large', 'text', 'file', 'opened', 'doc', 'minute', 'half', 'fully', 'load', 'confirming', 'definitely', 'not', 'replacement', 'laptop', 'macbook', 'finally', 'sturdy', 'metal', 'body', 'glass', 'screen', 'appear', 'capable', 'withstanding', 'serious', 'punishment', 'biggest', 'caveat', 'presence', 'factory-installed', 'apps', 'phone', 'amazon', 'prime', 'duo', 'xperia', 'assist', 'swiftkey', 'host', 'useless', 'apps', 'sony', 'xperia', 'xz2', 'process', 'customizing', 'personal', 'taste', 'extremely', 'difficult', 'course', 'sort', 'apps', 'phone', 'manually', 'disable', 'take', 'amount', 'time', 'energy', 'extremely', 'frustrating', 'not', 'degree', 'software', 'engineering', 'despite', 'caveat', 'sony', 'xperia', 'xz2', 'compact', 'good', 'bargain', 'not', 'fastest', 'cpu', 'sharpest', 'camera', 'sleekest', 'design', 'job', 'well', 'number', 'criterion', 'affordably', 'priced', '$', '468.28', 'amazon', 'feb.', '15th', '2019.', 'mistake', 'definitely', 'not', 'iphone', 'fast', 'tough', 'jack-of-all-trades', 'will', 'not', 'break', 'bank', 'account', 'sony', 'xperia', 'xz2', 'compact', 'good', 'option', 'keep', 'mind'],
['phone', 'reading', 'review', 'wanting', 'released', 'finally', 'bought', 'unlocked', 'amazon', 'month', 'ago', 'not', 'impressed', 'unfamiliarity', 'sony', 'unlocked', 'phone', 'carrier', 'bloatware', 'not', 'phone', 'additionally', 'not', 'impressed', 'camera', 'poor', 'photo', 'dim', 'low', 'light', 'condition', 'love', 'size', 'option', 'phone', 'size', 'large', 'hand', 'fat', 'clumsy', 'finger', 'phone', 'fit', 'great', 'biggest', 'problem', 'phone', 'not', 'fully', 'compatible', 'verizon', 'wi-fi', 'calling', 'not', 'visual', 'voicemail', 'not', 'mm', 'message', 'not', 'compatible', 'serious', 'issue', 'recognizing', 'sim', 'card', 'spent', 'hour', 'reading', 'forum', 'solve', 'issue', 'spent', 'hour', 'verizon', 'store', 'helpful', 'smart', 'tech', 'not', 'figure', 'returned'],
['wanted', 'phone', '1080p', 'screen', 'not', 'oled', 'sharp', 'color', 'accurate', 'easy', 'hold', '5', 'inch', 'display', 'phone', 'feel', 'narrow', 'sony', 'rom', 'pretty', 'good', 'not', 'bloat', 'typical', 'samsung', 'phone', 'snappy', 'flagship', 'lot', 'good', 'phone', 'minor', 'flaw', 'defeat', 'purpose', 'headphone', 'jack', 'not', 'big', 'deal', 'wireless', 'headphone', 'not', 'slim', 'body', 'not', 'not', 'fingerprint', 'sensor', 'low', 'position', 'touched', 'lense', 'time', 'volume', 'rocker', 'good', 'weird', 'place', 'power', 'button', 'longer', 'fingerprint', 'sensor', 'hitting', 'volume', 'button', 'thinking', 'power', 'button', 'stereo', 'speaker', 'not', 'loud', 'keep', 'max', 'volume', 'watch', 'netflix'],
['great', 'feature', 'sony', 'xperia', 'phone', 'better', 'camera', 'sold', 'problem', 'keyboard', 'smaller', 'compact', 'version', 'small', 'hand', 'problem', 'typing'],
['returned', 'phone', 'bought', 'galaxy', 's8', 'wanted', 'small', 'phone', 'initially', 'felt', 'cheap', 'hand', 'weirdly', 'thick', 'previous', 'phone', 'galaxy', 's6', 'missing', 'samsung', 'not', 'high-end', 'feel', 'not', 'enjoy'],
['bought', 'xz2', 'compact', 'couple', 'month', 'ago', 'wanted', 'phone', 'operated', 'hand', 'fast', 'latest', 'hardware', 'loved', 'easy', 'hand', 'display', 'impressive', 'people', 'thick', 'not', 'issue', 'couple', 'milimeters', 'thicknes', 'will', 'not', 'disturbing', 'pocket', 'hand', 'sony', 'purpose', 'better', 'holding', 'xz2', 'compact', 'fast', 'responsive', 'easy'],
['initial', 'post', 'interested', 'phone', 'working', 'verizon', 'booted', 'updated', 'tested', 'work', 'verizon', '4g', 'california', 'smaller', 'sleeker', 'guessed', 'pics/vids', 'downloaded', 'update', 'initial', 'apps', 'network', 'data', 'hotspot', 'working', 'will', 'update', 'info', 'experience', 'unboxing', 'pleased', 'flagship', 'phone', 'fit', 'pocket'],
['1/2', 'year', 'ago', 'bought', 'phone', 'replacement', 'lost', 'phone', 'smaller', 'high', 'resolution', 'screen', 'high-end', 'spec', 'comfortable', 'hold', 'hand', 'thin', 'hard-plastic', 'case', 'pleasant', 'surprise', 'fast', 'update', 'pie', 'release', 'google', 'onging', 'monthly', 'security', 'update', 'system', 'sony', 'sturdy', 'outdoor', 'including', 'mapping', 'car', 'miata', "'navigation", 'plotting', 'sailing', 'coastal', 'water', 'lot', 'salt', 'water', 'spray', 'rain', 'occasional', 'drop', 'e.g', 'parking', 'lot', 'case', 'cracked', 'replaced', 'onces', 'phone', 'camera', 'not', 'compete', 'slr', 'cell', 'phone', 'work', 'great', 'snapshot', 'low', 'light', 'artifact', 'start', 'cropping', 'image', 'phone', 'sony', 'underrated', 'field', 'dominated', 'growing', 'over-hyped', 'tablet-like', 'phone', "'consumers", 'hope', 'trend', 'will', 'reverse', 'render', 'apple', 'upcoming', '2019', 'lineup', 'include', 'compact', 'model', 'overcoming', 'limitation', 'se', 'closely', 'resembling', 'phone', 'appearance', 'large', 'notch', 'sized', 'black', 'bar', 'top', 'bottom'],
['bought', 'phone', 'wanted', 'modern', 'small', 'phone', 'worked', 'well', 'sony', 'verizon', 'vzw', 'believed', 'amazon', 'bought', 'hey', 'compatible', 'well', 'call', 'receive', 'call', 'talk', 'network', 'verizon', 'online', 'send', 'text', 'not', 'receive', 'text', 'spend', '2.5', 'hour', 'phone', 'verizon', 'will', 'vzw', 'support', 'fantastic', 'crap', 'rotate', 'phone', 'change', 'sock', 'going', 'chain', 'verizon', 'support', 'solve', 'problem', 'finally', 'returned', 'phone', 'sad', 'phone', 'beautiful', 'fast', 'small', 'great', 'sound', 'great', 'screen', 'sony', 'compact', 'phone', 'compatible', 'will', 'non-verizon', 'network', 'buy', 'phone', 'not'],
['waiting', 'xperia', 'compact', 'long', 'time', 'finally', 'verizon', 'perfect', 'size', 'hand', 'excellent', 'device', 'hiccup', 'receiving', 'call', 'verizon', 'updated', 'network', 'sim', 'card', 'swap', 'resolved'],
['great', 'phone', 'love', 'form', 'factor', 'fit', 'pocket', 'unlocking', 'fingerprint', 'awesome', 'feel', 'sensor', 'spot', 'small', 'problem', 'prevent', 'star', 'hand', 'trigger', 'edge', 'touch', 'screen', 'holding', 'phone', 'reaching', 'touch', 'side', 'speaker', 'weak', 'medium', 'playback', 'barely', 'hear', 'full', 'volume', 'place', 'moderate', 'background', 'noise', 'car'],
['--', '[', 'update', ']', '--', 'large', 'display', 'zeitgeist', 'millennium', 'small', 'smartphones', 'despite', 'appalling', 'screen-keyboard', 'typist', 'mourning', 'demise', 'bb', 'keyboard', '--', 'ideal', 'model', 'existential', 'conflict', 'kierkegaard', 'idea', 'phone', 'mid-1800s', 'samsung', 's4', 'developed', 'irregular', 'sim', 'card', 'not', 'detected', 'syndrome', 'case', 'curable', 'uninstalling', 'apps', 'needed', 'three', 'small', 'size', 'phone', 'replace', 'currently', 'curve', 'leaving', 'xz2-compact', 'choice', 'waited', 'buy', 'sold', 'shipped', 'amazon', 'facilitate', 'return', 'needed', 'initially', 'sold', 'north', 'america', 'ambitious', 'list', 'price', 'reduced', 'september', '2018', 'sale', 'price', '25', 'original', 'list', 'price', 'good', 'deal', '10', 'month', 'model', 'carrier', '&', 't', '<', 'sigh', '>', 'phone', 'store', 'ready', 'simply', 'cropping', 'sim', 'card', 's4', 'card', 'cropper', 'fit', 'sony', 'nano-sim', 'holder', 'hardware', 'change', 'needed', 'phone', 'innards', '--', '--', 'standard', 'xz2', 'model', '10', 'smaller', 'body', 'shifting', 'camera', 'lens', 'closer', 'top', 'edge', 'compact', 'model', 'shift', 'fingerprint', 'sensor', '--', 'figure', 'superimposed', 'image', 'sibling', 'model', 'based', 'actual', 'size', 'difference', 'lettering', 'standard', 'model', '1.23', 'mm', 'larger', 'compact', 'model', 'short', 'period', 'time', 'clear', 'obvious', 'potential', 'performance-degradation', 'risk', 'packing', 'not', 'phone', 'high', 'level', 'performance', 'sibling', 'test', 'robust', '19-megapix', 'cam', 'quality', 'fingerprint', 'sensor', 'finally', 'work', '2017', 'disabled', 'carrier-backed', 'model', 'agreement', 'domestic', 'carrier', 'phone', 'not', 'flat', 'convex', 'rear', 'camera', 'lens', 'fingerprint', 'sensor', '4½', '3¼', 'bottom', 'edge', 'hand', 'size', 'l-size', 'glove', 'easy', 'finger', 'hand', 'holding', 'phone', 'fingerprint', 'sensor', 'distant', 'camera', 'lens', 'standard', 'xz2', 'model', 'figure', '5.9', 'oz/168', 'g', '7.3', 'oz/206', 'g', 'tpu', 'case', 'temperate', 'glass', 'screen', 'protector', 'phone', 'obvious', 'weight', 'bit', 'surprising', 'small', 'size', 'example', '30g', 'heavier', 'samsung', 's4', 'not', 'aware', 'discomfort', 'pocket', 'phone', 'search', 'clothing', 'hand', 'small', 'easy', 'hold', 'phone', 'single', 'hand', 'three', 'control', 'button', 'edge', 'screen', 'side', 'operated', 'thumb', 'right-handed', 'people', 'equally', 'well', 'better', 'finger', 'left-handed', 'people', 'ambidextrous', 'find', 'easier', 'control', 'button', 'left', 'middle', 'annular', 'small', 'finger', 'free', 'fingerprint', 'sensor', 'thumb', 'type', 'relearning', 'location', 'android', 'menu', 'samsung', 'sony', 'interface', 'not', 'difficult', 'despite', 'lack', 'manual', 'packing', 'box', 'user', 'guide', 'pdf', 'format', 'link', 'product', 'october', '2018', 'guide', 'version', 'not', 'entry', 'unlocking', 'device', 'automatically', 'p.13', 'march', '2018', 'version', 'curiously', 'provided', 'boot', 'phone', 'safe', 'mode', 'insure', 'oem-installed', 'facebook', 'app', 'refuse', 'not', 'spy', 'track', 'discovered', 'disabled', 'app', 'insure', 'door', 'left', 'connected', 'phone', 'window', 'computer', 'xperia', 'companion', 'app', 'sony', 'website', 'expanded', 'data', 'folder', 'parent', 'android', 'folder', '[', 'second', 'figure', ']', 'deleted', 'folder', 'com.sony', 'facebook', 'save', 'backup', 'copy', 'folder', 'deleting', 'not', 'xz2', 'functioning', 'erased', 'facebook', 'apps', 'screen', 'phone', 'satisfied', 'xz2', 'compact', 'reason', 'not', '5', 'star', 'automatic', 'brightness', 'control', 'fails', 'increase', 'screen', 'brightness', 'hope', 'future', 'software', 'rollout', 'will', 'care', 'february', '2019', 'update', 'android', '9', 'pie', 'moved', 'build', 'number', 'version', '52.0.a.3.202', 'latest', 'update', 'received', 'december', '2018', 'build', 'version', '52.0.a.3.163', 'update', 'march', '11', 'week', 'ago', 'installed', 'android', '9', 'pie', 'build', '52.0.a.7.1', 'issue', 'exception', 'automatic', 'brightness', 'control', 'phone', 'superb', 'device', 'battery', 'life', 'delightfully', 'long', 'not', 'phone', 'entertainment', 'purpose', '___', 'ip65/68', 'rating', 'ingres', 'protection', '[', 'ip', ']', 'rating', 'completely', 'resistant', 'dust', 'resistant', 'low-pressure', 'water', 'jet', 'spray', '3', 'minute', 'functional', 'immersion', '1-meter', 'minimum', 'depth', 'sony', 'tested', 'phone', 'ip', 'rating', 'not', 'rigorous', 'forced', 'sony', 'correct', 'september', '2015', 'claim', 'xperia', 'phone', 'water-proof', 'not', 'xz2', 'wet', 'e.g.', 'caught', 'rain', 'open', 'faucet', '*only*', 'cover', 'firmly', 'closed', 'not', 'push', 'xz2', 'compact', 'capless', 'usb', 'port', '--', '*completely', 'dry*', 'charging', 'earphone', 'visit', '.com', 'website', 'support.sonymobile', 'search', 'water', 'dust', 'protection', 'xperia', 'xz', 'family'],
['died-in-the-wool', 'iphone', 'not', 'going', 'change', 'chance', 'review', 'phone', 'ta', 'not', 'steeped', 'thing', 'iphone', 'seriously', 'consider', 'making', 'phone', 'pro', '*rounded', 'edge', 'minimal', 'bezel', '*amazing', 'battery', 'life', '*hdr', 'screen', '*powerful', 'speaker', 'con', '*a', 'bit', 'heavy', 'taste', 'smart', 'phone', 'feel', 'good', 'hand', '*camera', 'crashed', 'phone', 'time', '*have', 'activate', 'hd', 'voice', 'verizon', 'account', 'sm', 'will', 'work', '*finger', 'print', 'sensor', 'find', 'inconvenient', 'not', 'placing', 'finger', '*android', 'operating', 'system', 'biased', 'io', 'apple', 'vet', 'apps', 'allows', 'platform', 'android', 'not', 'kind', 'wild', 'west', 'apps', 'google', 'listening', 'android', 'user', 'coming', 'android', 'phone', 'great', 'phone'],
['arrived', 'time', 'gripe', 'sticker', 'finger', 'print', 'scanner', 'center', 'phone', 'great', 'verizon', 'call', 'customer', 'tech', 'support', 'hd', 'voice', 'turned', 'remove', 'visual', 'voice', 'mail', 'account'],
['phone', 'currently', 'not', 'compatible', 'att', '4g', 'lte', 'best', 'gon', 'h+', 'service', '3g', 'contacted', 'sony', 'phone', 'fully', 'compatible', 'talk', 'att', 'unit', 'not', 'compatible', 'description', 'phone', 'technically', 'correct', 'compatible', 'att', 'not', 'going', 'good', 'experience'],
['screen', 'began', 'display', 'striation', '3', 'month', 'warranty', 'sony', 'absolutely', 'help', '$', '400', 'phone'],
['excelente', 'compra', 'celular', 'funciona', 'en', 'ecuador', 'sin', 'ningun', 'problena'],
['brand', 'phone', 'broken', 'seal', 'box'],
['not', 'find', 'small', 'form', 'factor', 'flagship', 'lot', 'day', 'thing', 'best', 'option', 'not', 'lack', 'competition', 'simply', 'brilliant'],
['fm', 'tuner', 'headphone', 'jack', 'flashlight', 'basically', 'not', 'exist', 'audio', 'quality', 'lacking', 'audible', 'static', 'uncomfortable', 'fingerprint', 'reader', 'button', 'placement', 'ir', 'blaster', 'capacitive', 'button', 'bottom', 'bezel', 'heft', 'convex', 'good', 'typing', 'great', 'phone', 'easy', 'hold', 'screen', 'fine', 'hold', 'will', 'issue', 'not', 'finger', 'print', 'reader', 'center', 'contort', 'finger', 'reach', 'camera', 'not', 'load', 'half', 'time', 'reason', 'time', 'work', '10', 'second', 'load', 'accept', 'lack', 'feature', 'design', 'flaw', 'not', 'adding', 'frustrated', 'sony', 'not', 'disable', 'fm', 'tuner', 'headphone', 'jack', 'bottom', 'flashlight', 'bright', 's7', 'bottom', 'bezel', 'button', 'left', 'side', 'not', 'returned'],
['frustrated', 'supposed', 'work', 'gsm', 'carrier', 'week', 'straighttalk', 'sony', 'told', 'not', 'work', 'straighttalk', 'straighttalk', '4', 'separate', 'people', 'sony', 'finally', 'told', 'will', 'not', 'work', 'straighttalk', 'returning', 'buying', 'sony', 'waste', 'time'],
['phone', 'larger', 'heavier', 'previous', 'xperia', 'x', 'compact', 'top-of-the-line', 'cpu', 'decent', 'battery', 'life', 'pocketable', 'phone', 'screen', 'sharp', 'battery', 'life', 'longer', 'day', 'nice', 'camera', 'speaker', 'sony', 'constant', 'android', 'security', 'update', 'price', 'drop'],
['love', 'phone', 'fast', 'snappy', 'screen', 'amazing', 'finger', 'print', 'scanner', 'work', 'dream', 'guess', 'reason', 'not', '5', 'star', 'usb-c', '3.5mm', 'headphone', 'jack', 'not', 'included', 'love', 'phone', 'best', 'compact', 'market'],
['honestly', 'wanted', 'love', 'phone', 'thought', 'minty', 'color', 'gorgeous', 'smaller', 'size', 'day', 'started', 'speaker', 'randomly', 'glitch', 'alarm', 'clock', 'sound', 'woke', 'bunch', 'static', 'alarm', 'sound', 'mildly', 'concerning', 'day', 'normal', 'week', 'happened', 'random', 'notification', 'sound', 'speaker', 'randomly', 'failing', 'not', 'happening', 'brand', 'phone', 'thing', 'noticed', 'laggy', 'not', 'open', 'apps', 'halted', 'process', 'app', 'running', 'struggle', 'issue', 'decided', 'return', 'samsung', 'galaxy', 's9', 'month', 'issue', 'week', 'sony', 'phone', 'happy', 'decision', 'not', 'recommend', 'phone', 'wanted', 'issue', 'not', 'galaxy', 's9', 'close', 'price', 'moment', 'recommend', 'sony'],
['figured', 'phone', 'high', 'quality', 'exceeded', 'expectation', 'feel', 'nice', 'hand', 'not', 'lot', 'room', 'pocket', 'super', 'fast', 'clean', 'o'],
['minor', 'cosmetic', 'imperfection', 'top', 'bottom', 'side', 'whaaaaaat', 'phone', 'guess', 'owner', 'perfect', 'stupid', 'kind'],
['owned', '3', 'sony', 'compact', 'smartphones', 'product', 'apple', 'decided', 'needed', 'tablet', 'pocket', 'phone', 'absolutely', 'loved', 'xperia', 'xz1', 'compact', 'perfect', 'size', 'worked', 'great', 'stolen', 'decided', 'replace', 'latest', 'greatest', 'latest', 'model', 'going', 'wrong', 'direction', 'beefy', 'heavy', 'oversized', 'compared', 'phone', 'exactly', 'dimension', 'wife', 'iphone', '8', 'thicker', 'heavier', 'not', 'compact', 'phone', 'phone', 'great', 'phone', 'fast', 'stable', 'oreo', 'installed', 'battery', 'life', 'great', 'phone', 'size', 'perfect', 'prefer', 'smaller', 'better', '95', 'phone', 'small', 'device'],
['phone', 'work', 'wonderfully', 'held', 'phone', 'long', 'simply', 'not', 'find', 'small', 'replacement', 'considerably', 'larger', 'phone', 'not', 'big', 'comfortably', 'hold', 'hand', 'love', 'well', 'run', 'long', 'battery', 'last', 'feel', 'good', 'part', 'flagship', 'phone', 'excessive', 'size', 'will', 'note', 'verizon', 'disable', 'visual', 'voicemail', 'receive', 'text', 'initially', 'bad', 'problem', 'disconnected', 'network', '15', 'minute', 'reconnect', 'factory', 'reset', 'phone', 'sim', 'card', 'factory', 'reset', 'not', 'problem', 'close', 'solved', 'simply', 'putting', 'airplane', 'mode', 'bringing', 'phone', 'pretty', 'slippery', 'recommend', 'case', 'grip', 'extremely', 'satisfied', 'phone'],
['perfect', 'size', 'phone', 'note', 'compact', 'version', 'sony', 'xperia', 'xz2', 'small', 'quality', 'feature', 'larger', 'xz2', 'chunky', 'weighty', 'good', 'camera', 'good', 'battery', 'battery', 'day', 'normal', 'drain', 'fast', 'needed', 'serve', 'hotspot', 'computer', 'charge', 'fast', 'fast', 'charger', 'not', 'fast', 'charger', 'sony', 'camera', 'phone', 'outstanding', 'picture', 'sharp', 'clear', 'better', 'android', 'phone', 'owned', 'good', 'iphone', 'not', 'better', 'good', 'low', 'light', 'handling', 'well', 'shoot', '4k', 'hdr', 'video', 'dedicated', 'physical', 'camera', 'button', 'not', 'reach', 'finger', 'soft', 'button', 'screen', 'care', 'good', 'camera', 'not', 'disappoint', 'favorite', 'feature', 'work', 'verizon', 'well', 'allows', 'network', 'option', 'hook', 'swapped', 'current', 'verizon', 'phone', 'work', 'seamlessly', 'speaker', 'loud', 'clear', 'size', 'speakerphone', 'feature', 'microphone', 'transmits', 'voice', 'nice', 'distance', 'clearly', 'bloatware', 'modification', 'lost', 'bit', 'android', 'user', 'year', 'cry', 'bought', 'case', 'phone', 'iike', 'xperia', 'xz2', 'compact', 'case', 'ringke', '[', 'onyx', ']', 'brushed', 'metal', 'design', '[', 'flexible', '&', 'slim', ']', 'dynamic', 'stroked', 'pattern', 'durable', 'anti', 'slip', 'shock', 'absorbent', 'case', 'wrist', 'strap', 'sony', 'xperia', 'xz', '2', 'compact', 'black', 'best', 'compact', 'phone', 'market', 'feel', 'free', 'question', 'phone', 'not', 'covered', 'recommend'],
['phone', '4', 'month', 'today', 'phone', 'hot', 'screen', 'blurry', 'box', 'color', 'bit', 'not', 'interact', 'part', 'screen', 'restarted', 'holding', 'power', 'button', 'second', 'sony', 'logo', 'second', 'screen', 'turn', 'not', 'screen', 'product', 'return', 'support', 'window', '1', 'month', '3', 'month', 'disappointed', 'sony', 'mid-range', 'phone', 'paid', '$', '466', 'conk', '4', 'month'],
['quit', 'purchasing', 'latest', 'greatest', 'phone', 'keeping', 'samsung', 'note', 'edge', '5', 'year', 'needed', 'owned', 'samsung', 'apple', 'phone', 'sony', 'xperia', 'xz2', 'phone', 'store', 'resolution', 'phone', 'felt', 'hand', 'well', 'price', 'dropped', '$', '100', '$', '400.00', "'wow", 'speed', 'ease', 'fantastic', 'samsung', 'droid', 'apps', 'transferred', 'instantly', 'began', 'updating', 'smoothly', 'problem', 'fingerprint', 'recognition', 'work', 'seamlessly', 'delay', 'thing', 'worried', 'color', 'resolution', 'image', 'lifelike', 'speaker', 'sound', 'full', 'vibrant', 'not', 'expecting', 'not', 'better', 'phone', 'price', 'point', 'refuse', 'pay', 'grand', 'phone', 'consider', 'sony', 'xperia'],
['bought', 'competitor', 'wanted', 'add', 'review', 'week', '0', 'complaint', 'sure', 'camera', 'better', 'not', 'professional', 'great', 'band', 'calling', 'feature', 'missing', 'call', 'send', 'text', 'issue', 'not', 'missing', 'average', 'user', 'fit', 'pocket', 'albeit', 'stick', 'bit', 'easy', 'hold', 'not', 'drop', 'wrap', 'hand', 'phone', 'reach', 'top', 'thumb', '5.5', '6', 'hr', 'screen', 'time', '1', '1.5', 'day', 'usage', '10', 'well', '5', '5', 'joy', 'simple', 'set', 'lot', 'helpful', 'suggestion', 'week', 'complaint', 'finger', 'print', 'reader', 'bend', 'finger', 'bit', 'work', 'turn', 'feature', 'stay', 'unlocked', 'bluetooth', 'device', 'fitbit', 'nearby'],
['side', 'nicely', 'constructed', 'phone', 'mint', 'green', 'color', 'nice', 'good', 'small', 'footprint', 'easy', 'carry', 'hold', 'bloatware', 'fb', 'amazon', 'apps', 'disabled', 'bad', 'android', '9', 'pie', 'update', 'broken', 'wifi', 'phone', 'will', 'awhile', 'start', 'reset', 'wifi', 'reported', 'beta', 'testing', 'sony', 'released', 'software', 'unfixed', '5', 'month', 'people', 'reporting', 'sony', 'act', 'heard', 'problem', 'phone', 'will', 'consider', 'buying', 'problem'],
['newest', 'release', 'sony', 'compact', 'xperia', 'lineup', 'offer', 'cool', 'technology', 'take', 'step', 'wrong', 'direction', 'ultimately', 'disappointing', 'user', 'experience', 't-mobile', 'customer', 'clear', 'winner', 'line-up', 'previous', 'xperia', 'xz1', 'compact', 'sony', 'xperia', 'xz1', 'compact', 'factory', 'unlocked', 'phone', '4.6', 'screen', '32gb', 'black', 'u.s.', 'warranty', 'xz2', 'compact', 'previous', 'xz1', 'compact', 'work', 'volte/wifi', 'calling', 'technology', 'auxiliary', 'audio', 'port', 'proper', 'ergonomics', 'one-handed', 'operation', 'read', 'specific', 'functionality', 'phone', 'xperia', 'xz2', 'compact', 'not', 'great', 'mentioned', 'not', 'support', 'volte/wifi', 'calling', 'technology', 'tested', 't-mobile', 'previous', 'xz1', 'compact', 'work', 'exceptionally', 'well', 'phone', 'house', 'wifi', 'calling', 'xz2', 'compact', 'fluctuates', '1', 'bar', 'reception', 'reception', 'depending', 'room', 'xz2', 'compact', 'experience', 'missed', 'call', 'straight', 'voicemail', 'text', 'message', 'arrive', 'minute', 'late', 'order', 'mm', 'receive', 'error', 'total', 'fail', 'shortcoming', 'removal', 'auxiliary', 'audio', 'port', 'irritating', 'considering', 'xz2', 'compact', 'thicker', 'xz1', 'compact', 'aux', 'port', 'not', 'obsolete', 'technology', 'not', 'bluetooth', 'receiver', 'head', 'radiating', 'brain', 'simple', 'wired', 'earbuds', 'connect', 'phone', 'hardwired', 'sound', 'system', 'sure', 'usb-c', 'dongle', 'allow', 'connection', 'will', 'not', 'carrying', 'time', 'ergonomics', 'ergonomics', 'major', 'step', 'wrong', 'direction', 'compared', 'xz1', 'compact', 'predecessor', 'screen', 'taller', 'photograph', 'size', 'prevents', 'one-handed', 'operation', 'one-handed', 'operation', 'requires', 'pinky', 'balance', 'support', 'weight', 'bottom', 'phone', 'three', 'finger', 'support', 'balance', 'phone', 'thumb', 'operate', 'touch', 'screen', 'thumb', 'will', 'not', 'reach', 'top', 'screen', 'extra', '1/2', 'inch', 'screen', 'space', 'top', 'screen', 'thumb', 'will', 'not', 'reach', 'frequently', 'arrow', 'pull', 'menu', 'order', 'perform', 'one-handed', 'operation', 'xz2', 'compact', 'pinky', 'move', 'position', 'supporting', 'weight', 'bottom', 'edge', 'underneath', 'phone', 'finger', 'phone', 'requires', 'lay', 'phone', 'flat', 'horizontally', 'finger', 'xz2', 'compact', 'not', 'fall', 'unnatural', 'hunching', 'shoulder', 'neck', 'directly', 'phone', 'holding', 'angle', 'front', 'precarious', 'phone', 'feel', 'will', 'drop', 'easily', 'naturally', 'hand', 'support', 'phone', 'one-handed', 'operation', 'will', 'xz1', 'compact', 'fingerprint', 'scanner', 'aggravates', 'one-handed', 'operation', 'swiping', 'pattern', 'typing', 'pin', 'xz1', 'compact', 'not', 'require', 'shifting', 'finger', 'supporting', 'phone', 'fingerprint', 'scanner', 'xz2', 'compact', 'require', 'finger', 'move', 'position', 'turn', 'requires', 'hand', 'support', 'phone', 'one-handed', 'operation', 'fingerprint', 'scanner', 'fingerprint', 'scanner', 'power', 'button', 'previous', 'xz1', 'compact', 'disabled', 'market', 'patent', 'issue', 'edge', 'better', 'location', 'scanner', 'one-handed', 'operation', 'desired', 'xperia', 'xz2', 'compact', 'heavier', 'xz1', 'compact', 'combined', 'ergonomic', 'problem', 'drop', 'upgrade', 'decide', 'purchase', 'xz2', 'model', 'will', 'upgrade', '64gb', 'internal', 'storage', 'microsdxc', 'card', 'writing', 'best', 'samsung', '256gb', 'evo', 'class', '10', 'uhs-i', 'microsdxc', 'u3', 'adapter', 'mb-mc256ga', '256gb', 'class', '10', 'grade', '3', 'card', 'will', 'read', 'speed', '100', 'mb/s', 'writes', '90', 'mb/s', 'speed', '4k', 'hdr', 'camera', 'buy', 'slower', 'card', 'unintentionally', 'choose', 'wisely', 'slower', 'card', 'will', 'work', 'will', 'result', 'reduced', 'quality', 'video', 'camera', 'area', 'xz2', 'compact', 'trump', 'previous', 'xz1', 'compact', 'video', 'camera', '4k', 'hdr', 'video', 'camera', 'better', 'xz2', 'compact', 'allowing', 'high', 'dynamic', 'range', 'video', 'capture', 'shot', 'impossible', 'xz1', 'compact', 'requires', 'full', 'qualcomm®', 'snapdragon', '845', 'processor', 'heavy', '4k', 'hdr', 'lifting', 'xz2', 'compact', 'battery', 'will', 'drain', 'fast', 'technology', 'phone', 'subject', 'over-heating', 'camera', 'app', 'pop', 'friendly', 'warning', 'phone', 'overheat', 'dial', 'quality', 'hdr', '4k', 'video', 'automatically', 'practice', 'photograph', 'video', 'previous', 'xz1', 'compact', 'support', '4k', 'video', 'hdr', 'photography', 'test', 'shot', 'xz2', 'compact', 'noticed', 'occasional', 'stutter', 'framerate', 'hdr', 'enabled', 'cool', 'technology', 'conclusion', 'technology', 'xz2', 'compact', 'par', 'xz1', 'compact', 'ultimately', 'feel', 'xz2', 'compact', 'take', 'step', 'wrong', 'direction', 'not', 'bring', 'innovation', 'table', 'ergonomics', 'fingerprint', 'scanner', 'allows', 'apps', '1', 'password', 'unlock', 'typing', 'long', 'master', 'password', 'constantly', 'hdr', 'camera', 'cool', 'phone', 'previous', 'xz1', 'compact', 'superior', 'product', 'proper', 'ergonomics', 'volte/wifi', 'calling', 'technology', 'expensive', 'conclude', 'larger', 'xperia', 'xz2', 'sony', 'xperia', 'xz2', 'unlocked', 'smarphone', 'dual', 'sim', '5.7', 'screen', '64gb', 'deep', 'green', 'warranty', 'superior', 'product', 'xz2', 'compact', 'screen', 'better', 'dynamic', 'ambient', 'light', 'work', 'better', 'audio', 'better', 'hand', 'well', 'readable', 'screen', 'not', 'recommend', 'xperia', 'xz2', 'compact', 'better', 'option', 'sony', 'xperia', 'lineup'],
['purchased', 'phone', 'november', 'small', 'hand', 'highly', 'rated', 'compact', 'phone', 'arrived', 'pleasantly', 'surprised', 'small', 'not', 'flimsy', 'easy', 'maneuver', 'take', 'great', 'picture', 'battery', 'last', 'day', 'needing', 'charge', 'verizon', 'store', 'set', 'account', 'problem.recommended', 'people', 'good', 'reliable', 'compact', 'phone', 'fast', 'forward', 'three', 'week', 'ago', 'phone', 'literally', 'shut', 'working', 'fine', 'set', 'coffee', 'table', 'reading', 'picked', '15-20', 'minute', 'check', 'time', 'dead', 'reset', 'plug', 'charger', 'hard', 'reset', 'recommended', 'sony', 'website', 'worked', 'finally', 'contacted', 'sony', 'customer', 'service', 'day', 'runaround', 'warranty', 'place', 'repaired', 'replaced', 'sony', 'service', 'center', 'canada', 'long', 'story', 'short', 'send', 'three', 'month', 'phone', 'illinois', 'will', 'ship', 'canada', 'determine', 'caused', 'die', 'decide', 'going', 'repair', 'phone', 'process', 'generally', 'take', 'month', 'offered', 'replacement', 'phone', 'credit', 'spoke', 'today', 'week', 'not', 'appear', 'started', 'working', 'currently', 'samsung', 'galaxy', '7', 'bit', 'larger', 'wanted', 'verizon', 'provided', 'cost', 'free', 'overnight', 'shipping', 'included', 'sony', 'experia', 'honestly', 'not', 'recommend', 'told', 'customer', 'service', 'not', 'expect', 'compete', 'global', 'phone', 'market', 'current', 'policy', 'phone', 'month', 'problem', 'manager', 'spoke', 'agreed', 'corporate', 'understand', 'listening', 'people', 'buying', 'phone', 'altogether', 'will', 'finally', 'wake', 'change'],
['best', 'compact', 'android', 'perfect', 'fit', 'hand', 'pocket', 'amazing', 'spec', 'including', 'top', 'notch', 'processor', 'wonderful', 'camera', 'finally', 'nice', 'functioning', 'fingerprint', 'sensor', 'high', 'sony', 'well', 'sony', 'nice', 'moss', 'green'],
['great', 'phone', 'nice', 'not', 'small', 'tablet', 'carry', 'camera', 'surprisingly', 'good', 'low', 'light'],
['xperia', 'xz2', 'compact', 'amazing', 'forget', 'big', 'site', 'galaxy', 'iphone', 'x', 'great', 'smartphone', 'fit', 'hand', 'sticking', 'pocket', 'search', 'year', 'sony', 'redesigned', 'phone', 'leaving', 'monolithic', 'slab', 'long', 'rounded', 'edge', 'bezel', 'fingerprint', 'sensor', 'side', 'best', 'sensor', '’', 've', '’', 's', 'circle', '’', 'm', 'not', 'fan', 'location', '’', 's', 'fast', 'work', 'phone', 'picked', 'weight', '’', 's', 'not', 'light', 'phone', 'garner', 'chunky', 'iphone', 'toting', 'pal', 'feel', 'good', 'hand', 'battery', 'life', 'top', 'notch', 'people', 'plug', 'phone', 'lunch', 'will', 'happily', 'phone', 'evening', 'screen', 'nice', 'includes', 'hdr', 'won', '’', 't', 'spec', 'screen', 'nice', 'speaker', 'pretty', 'loud', 'camera', 'good', 'well', 'play', 'feel', 'setting', 'best', 'shot', 'do…it', '’', 's', 'great', 'super', 'slow', 'motion', 'cool', 'tricky', 'shot', 'game', 'changing', 'people', 'stuff', '960fps', 'water', 'flowing', 'match', 'lit', 'jumping', 'air', '’', 's', 'awesome', 'sure', 'plenty', 'light', 'super', 'slow', 'mo', 'good', 'phone', 'fast', '’', 've', 'issue', '’', 'm', 'currently', 'phone', '&', 't', 'apps', 'super', 'quick', 'load', 'crash', '’', 've', 'encountered', 'camera', 'bug', 'people', 'camera', 'crash', 'restarted', 'not', 'encountered', 'will', 'update', 'review', 'moss', 'green', 'color', 'stand', 'sea', 'phone', '’', 've', 'people', 'compliment', 'kind', 'phone'],
['great', 'phone', 'oneplus', '6', 'work', 'feel', 'tablet', 'not', 'phone', 'size', '3+', 'year', 'performance', 'difference', 'oneplus', '6', 'xz2', 'compact', 'fact', 'screen', 'crisper', 'xz2', 'phone', 'easy', 'carry', 'software', 'light', 'overlay', 'android', 'minimal', 'bloatware', 'premium', 'feeling', 'phone', 'amazing', 'tablet', 'phone', 'navigate', '1', 'hand'],
['moved', 'xz2', 'xperia', 'x', 'compact', 'quick', 'compact', 'biggest', 'complaint', 'design', 'xcompact', 'blocky', 'alien', 'obelisk', 'sort', 'xz2', 'inline', 'trend', 'brushed', 'metal', 'rounded', 'edge', 'finger', 'print', 'reader', 'nice', 'addition', 'not', 'unlocking', 'perfectly', 'authenticating', 'apps', 'service', 'battery', 'care', 'great', '2+', 'year', 'xcompact', 'hold', '18+', 'hour', 'casual', 'single', 'charge', 'xz2', 'shaping', 'performance', 'worth', 'mentioning', 'not', 'considered', 'top', 'price', 'phone', 'damn', 'steal'],
['phone', 'hand', 'sized', 'full', 'featured..', 'not', 'bulky', 'owned', 'coming', '5.5', 'screen', 'phone', 'work', 'size', 'wise', 'not', 'wide', 'hold', 'hand', 'comfortably', 'finger', 'print', 'sensor', 'work', 'rear', 'small', 'qi', 'wireless', 'receiver', 'case', 'phone', 'nowi', 'wireless', 'charging', 'work', 'verizon', 'call', 'vw', 'turn', 'cdma', 'feature', 'code', 'verizon', 'change', 'phone', 'certified', 'confirmed', 'issue', 'inability', 'receive', 'test', 'messages..', 'send', 'not', 'receive..', 'corrected', 'problem', 'phone', 'small', 'pack', 'great', 'processor', 'fast..', 'fit', 'pocket', 'not', 'bulky', 'day', 'phone', 'bigger', 'bigger..', 'well', 'buy', 'tablet', 'lug', 'desktop', 'buy', 'compact'],
['experia', 'xz2', 'compact', 'great', 'phone', 'smaller', 'phone', 'display', 'beautiful', 'fingerprint', 'sensor', 'work', 'great', 'camera', 'good', 'confirmed', 'unlocked', 'version', 'work', 'verizon', 'well', 't-mobile', 'battery', 'life', 'good', 'better', 'luckily', 'fast', 'charging', 'work', 'well', 'phone', 'feel', 'good', 'hand', 'slippery', '’', 'd', 'case', 'reason', 'case', 'button', 'sensitive', 'activating', 'camera', 'pushing', 'power', 'button', 'accident', 'course', 'testing', 'downside', 'phone', 'unpopular', 'phone', 'brand', 'good', 'case', 'maker', 'ignore', 'phone', 'speck', 'otterbox', 'incipio', 'will', 'bother', 'sony', 'phone', 'resort', 'cheaper', 'case', 'don', '’', 't', 'offer', 'lot', 'style', 'level', 'protection', 'premium', 'case', 'maker', 'minor', 'invest', 'great', 'case', 'phone', 'phone', 'expensive', 'don', '’', 't', 'mind', 'lack', 'headphone', 'jack', 'sony', 'includes', 'usb-c', '3.5mm', 'adapter', 'speaker', 'sound', 'better', 'headphone', 'bluetooth', 'speaker', 'performance', 'excellent', 'qualcomm', 'snapdragon', '845', 'processor', 'apps', 'launch', '’', 's', 'lag', 'navigating', 'interface', '’', 's', 'definitely', 'faster', 'galaxy', 's8', '’', 's', 'not', 'switch', '’', 've', 'phone', 'big', 'display', 'samsung', 'note', 'ii', '’', 's', 'difficult', 'smaller', 'display', 'small', 'phone', 'xz2', 'compact', 'definitely', 'nice', 'phone', 'sure', 'case'],
['not', 'buy', 'xz2', 'compact', 'camera', 'plain', 'awful', 'not', 'handle', 'backlight', 'definitely', 'not', 'handle', 'lower-lighting', 'disappointed', 'sony', 'xperia', 'z5', 'compact', 'issue', 'irritating', 'friend', 'samsung', 'iphones', 'beautiful', 'photo', 'vacation', 'issue', 'backlighting', 'total', 'night', 'shot', 'sony', 'piece', 'crap', 'horrendous', 'basic', 'everyday', 'situation', 'excited', 'upgrade', 'official', 'review', 'sony', 'upgraded', 'camera', 'z5', 'xz1/xz2', 'not', 'true', 'camera', 'xz2', 'compact', 'bad', 'unusable', 'good', 'condition', 'friend', 'send', 'photo', 'samsungs', 'sony', 'fooled', 'fooled', 'not', 'going', 'third', 'joke', 'purchase', 'b', '&', 'h', 'photo'],
['compact', 'model', '5', 'screen', 'phablet', 'carry', 'giganto', '6', 'screen', 'verizon', 'provider', 'choice', 'sony', 'flagship', 'early', '2018', 'price', 'exactly', 'needed', 'screen', 'vivid', 'bright', 'direct', 'sunlight', 'camera', '.well', 'sony', 'folk', 'local', 'verizon', 'store', 'enamoured', 'instantly', 'phone', 'sell', 'iphones', 'samsung', 'model', 'easy', 'transfer', 'stuff', 's4', 'extremely', 'helpful', 'charged', 'sim', 'transferring', 'purchased', 'case', 'fit', 'sony', 'model', 'originally', 'sony', 'xz3', 'ala', 'writing', 'not', 'verizon', 'certified', 'case', '$', '500', 'phone', 'full', 'featured', 'headphone', 'jack', 'dongle', 'included', 'dont', 'lose', 'not', 'usb', 'c', '3.5mm', 'jack', 'dongle', 'compatible', 'great', 'sound', '.its', 'sony', 'stylish', 'excellent', 'android', 'phone', 'ticket', 'pleased', 'xz2'],
['review', 'sony', 'xperia', 'xz2', 'compact', 'will', 'focus', 'experience', 'powerful', 'smaller', 'phone', 'tech', 'spec', 'today', 'phone', 'bigger', 'bigger', 'going', '5', '”', 'display', 'step', 'backwards', 'retro', '6', '”', 'android', '5.7', '”', 'small', 'upper', 'screen', 'year', 'larger', 'display', 'size', 'phone', 'large', 'keep', 'pocket', 'add', 'heavy', 'duty', 'case', 'annoying', 'point', 'switched', 'flip', 'case', 'connected', 'internet', 'email', 'constantly', 'thought', 'not', '5', '”', 'display', 'shot', '1', '”', 'case', '1', '”', 'matter', 'adjusting', 'size', 'box', 'set-up', 'speaking', 'box', 'phone', '–', 'quick', 'charger', 'cable', 'adapter', 'wired', 'sony', 'earbuds', 'dongle', 'plug', 'bud', 'order', 'usb-c', 'port', 'connector', 'not', 'wireless', 'bud', 'earphone', 'built-in', 'usb-c', 'cable', 'note', 'earphone', 'jack', 'odd', 'not', 'plug', 'earphone', 'wireless', 'phone', 'music', 'back-up', 'charged', 'wired', 'earbuds', 'simplicity', 'needed', 'not', 'worry', 'charging', 'not', 'jack', 'xz2', 'going', 'future', 'not', 'including', 'not', 'great', 'idea', 'dongle', 'work', 'fine', 'not', 'charge', 'phone', 'port', 'comfortable', 'hand', 'plastic', 'cover', 'feel', 'bit', 'slippery', 'recommend', 'case', 'searched', 'good', 'screen', 'protector', 'not', 'luck', 'finding', 'great', 'review', 'phone', 'sony', 'recommends', 'film', 'not', 'tempered', 'glass', 'protector', 'curved', 'shape', 'wave', 'curved', 'phone', 'difficult', 'find', 'good', 'glass', 'protector', 'cover', 'properly', 'will', 'flip', 'style', 'corning', 'gorilla', 'glass', '5', 'will', 'protector', 'additional', 'protection', 'find', 'set-up', '10', 'minute', 'configuring', 'update', 'transferring', 'data', 'phone', 'easy', 'pressing', 'phone', 'nfc', 'time', 'charging', 'edited', 'correct', 'stamen', 'mode', 'phone', 'slows', 'charging', 'speed', '90', 'preserve', 'life', 'battery', '32', '74', '36', 'minute', '74', '91', '42', 'minute', '91', '100', '39', 'minute', '32', '–', '100', 'charging', 'time', '1', 'hr', '57', 'min', 'not', 'super-fast', 'correction', 'stamen', 'mode', 'slows', 'charge', '90', 'preserving', 'life', 'battery', 'pairing', 'thing', 'bt', 'reset', 'smartwatch', 'factory', 'setting', 'paired', 'quick', 'experience', 'tile', 'headset', 'day', 'smaller', 'factor', 'not', 'not', 'case', 'returning', 'ordered', 'newest', 'charging', 'speed', '17', '–', '45', '28', 'minute', '45', '–', '84', '51', 'minute', 'battery', 'charging', 'app', '17', '–', '29', '09', 'minute', '32', '–', '100', '2', 'hour', 'screentime', 'xz2', 'depleted', '100', '17', '3', 'hr', '57', 'minute', 'average', 'usage', 'expected', 'bit', 'utilizing', 'battery-saver', 'mode', 'called', '“', 'stamen', '”', 'disabling', 'function', 'ultra', 'stamen', 'limiting', 'usage', '”', 'phone', 'idle', '15', 'hr', '15', 'min', 'battery', 'depleted', '9', 'note', 'wifi', 'nfc', '40', 'brightness', 'mobile', 'data', 'email', 'syncing', 'adjustable', 'choice', 'stamen', 'mode', 'not', 'restrict', 'option', 'depleted', 'phone', 'battery', '5', '3', 'hour', '4', 'minute', 'charge', '100', 'hope', 'improves', 'typically', 'keep', 'phone', 'charged', '20', '–', '80', 'charged', '5', '–', '73', '1', 'hour', '40', 'minute', 'good', '2', 'week', 'love', 'smaller', 'form', 'factor', 'intention', 'going', 'smaller', 'phone', 'not', 'phone', 'fortunately', 'sony', 'comfortable', 'grip', 'lot', 'break', 'cell', 'addiction', 'idea', 'wanted', '“', 'hooked', '”', 'pick', 'tablet', 'ipad', 'not', 'convenient', 'larger', 'phablets', 'easy', 'constantly', 'waste', 'time', 'better', 'spent', 'prefer', 'larger', 'screen', 'xz2', 'better', 'option', '5.7', '”', 'screen', 'phone', 'fast', 'response', 'fingerprint', 'reader', 'opening', 'apps', 'faster', 'v20', 'take', 'great', 'photo', 'camera', 'lag', 'focusing', 'quick', 'focus', 'photo', 'battery', 'life', 'good', 'considering', 'small', 'batter', 'phone', 'size', 'example', 'phone', '7', 'hr', '23m', 'screentime', '1', 'hr', '59', 'min', 'battery', '26', 'battery', 'level', '69', '43', 'lowest', 'phone', '8', 'hr', '4', 'min', 'screentime', '1', 'hr', '49', 'min', 'battery', '49', 'battery', 'level', '65', '16', 'call', 'quality', 'great', 'bt', 'connection', 'hooked', 'device', 'dropped', 'connection', 'pre-installed', 'apps', '–', 'fewer', 'typical', 'locked', 'phone', 'uninstalled', 'couple', 'playstation', 'not', '3d', 'scanning', 'cool', 'feature', 'gimmicky', 'not', 'steady', 'hand', 'price', 'hefty', 'phone', 'price', 'excessive', '$', '600', '$', '1000', 'barely', '2', 'year', 'usage', 'latest', 'technology', 'update', 'compact', 'xz2', 'specific', 'consumer', 'smaller', 'phone', 'pocket', 'great', 'spec', '5.7', '–', '6', '”', 'phone', 'keep', 'mind', 'smaller', 'not', 'thin', 'headphone', 'jack', 'remedied', 'dongle', 'not', 'deal', 'breaker', 'sound', 'bt', 'earphone', 'good', 'course', 'depened', 'bt', 'brand', 'android', 'oreo', '8.0.0', 'box', 'security', 'patch', 'level', '6/1/18', 'comparison', 'waiting', 'lg', 'v2', 'update', '7.0', '11/2017', 'security', 'patch', 'not', 'luck', 'finding', 'screen', 'protector', 'newer', 'phone', 'curved', 'screen', 'review', 'read', 'protector', 'bad', 'review', 'waiting', 'realistic', 'review', 'understands', 'will', 'not', 'cover', 'entire', 'screen', 'not', 'find', 'oem', 'touch', 'case', 'inexpensive', 'flip', 'case', 'bad', 'returned', 'eh', 'good', 'rid', 'thing', 'prefer', 'not', 'flip', 'case', 'thin', 'sony', 'touch', 'add', 'bulk', 'bulkier', 'average', 'phone', 'flip', 'case', 'protect', 'screen', 'find', 'good', 'protector', 'hope', 'review', 'assistance', 'understanding', 'experience', 'not', 'focusing', 'spec', 'listed', 'sony', '4', 'half', 'star', 'deducting', 'wireless', 'charging', 'bulky', 'body', 'fingerprint', 'sensor', 'higher'],
['case', 'easy', 'apply', 'phone', 'great', 'grip', 'cutout', 'perfect', 'phone', 'port', 'button', 'clear', 'entire', 'phone', 'visible', 'lot'],
['great', 'picture', 'sonys', 'screen', 'nice', 'easy'],
['compare', 'older', 'compact', 'xperias', 'small', 'screen', 'occupied', 'bezel', 'people', 'happy', 'bezel', 'sony', 'bit', 'late', 'phone', 'bezeless', 'not', 'care', 'bezel', 'guess', 'care', 'bit', 'curvy', 'fingerprint', 'sensor', 'bit', 'middle', 'compact', 'fingerprint', 'sensor', 'placement', 'definitely', 'elegant', 'glossy', 'curved', 'edge', 'screen', 'picture', 'vibrant', 'pick', 'three', 'color', 'setting', 'color', 'pop', 'vivid', 'mode', 'standard', 'mode', 'good', 'regular', '1080p', 'sharp', 'small', 'netflix', 'video', 'stunning', 'camera', 'good', 'usual', 'pretty', 'good', 'manual', 'produce', 'perfect', 'picture', 'not', 'fiddle', 'lot', 'video', 'setting', 'will', 'good', 'video', 'phone', 'stabilization', 'performance', 'course', 'excellent', 'sd', '845', 'explains', 'trouble', 'app', 'called', 'imgur', 'love', 'app', 'reason', 'phone', 'heat', 'app', '5', 'minute', 'eats', 'lot', 'battery', 'battery', 'pretty', 'decent', '5', '6', 'hour', 'screen', 'time', 'bluetooth', 'gps', 'driver', 'insurance', 'app', 'screen', 'time', 'hour', 'usb-c', 'headphone', 'not', 'bother', 'dongle', 'regular', 'work', 'keep', 'headphone', 'understand', 'bit', 'inconvenient', 'user', 'listen', 'music', 'charging', 'premium', 'headphone', 'user', 'ear', 'not', 'good', 'audiophile', 'dongle', 'system', 'sony', 'mdr', '7550', 'xb90ex', 'sound', 'fantastic', 'phone', 'dongle', 'front', 'facing', 'speaker', 'sound', 'not', 'tinny', 'loud', 'solid', 'phone', 'amazes', 'month'],
['pro', 'incredibly', 'fast', 'phone', 'nice', 'display', 'great', 'camera', 'compact', 'size', 'work', 'verizon', 'con', 'hdr', 'not', 'netflix', 'amazon', 'video', 'netflix', 'freeze', 'randomly'],
['review', 'simply', 'fact', 'unsure', 'work', 'lte', '&', 't', 'bought', 'people', 'reporting', 'not', 'work', 'problem', 'lte', 'service', '&', 't', 'simply', 'pulled', 'sim', 'htc', '10', 'popped', 'booted', 'love', 'size', 'battery', 'life', 'phone', 'option', 'choosing', 'decent', 'smaller', 'phone', 'fast', 'phone', 'latest', 'chipsets', 'week', 'regret', 'not', 'htc10', 'easily', 'buy'],
['extensive', 'decided', 'xz2', 'compact', 'performance', 'wise', 'phone', 'amazing', 'played', 'game', 'watch', 'video', 'streamed', 'live', 'phone', 'heating', 'issue', 'preview', 'xperia', 'z3', 'compact', 'screen', 'quality', 'incredible', 'choose', '3', 'color', 'option', 'phone', 'setting', 'time', 'depending', 'color', 'preference', 'course', 'network', 'provider', 'metropcs', 'problem', 'service', 'phone', 'store', 'buy', 'sin', 'card', 'transfer', 'phone', 'number', 'sony', 'xperia', 'xz2', 'compact', 'forward', 'phone', 'great', 'performance', 'beautiful', 'small', 'phone', 'design', 'easily', 'fit', 'hand', 'great', '4g', 'lte', 'service', 'provider', 'finally', 'great', 'battery', 'life'],
['phone', 'wonderful', 'fast', 'ease', 'including', 'great', 'battery', 'life', 'bloatware', 'choose', 'literally', 'problem', 'point', 'day', 'ago', 'fingerprint', 'sensor', 'essentially', 'missing', 'phone', 'option', 'setting', 'not', 'respond', 'touch', 'completely', 'removed', 'phone', '4', 'month', 'ownership', 'sony', 'initially', 'thing', 'including', 'complete', 'software', 'repair', 'computer', 'not', 'work', 'told', 'disabled', 'phone', 'online', 'xz2', 'compact', 'older', 'model', 'sensor', 'power', 'button', 'going', 'sony', 'not', 'straight', 'answer', 'supposed', 'work', 'not', 'offered', 'send', 'repair', 'sensor', 'possibility', 'issue', 'not', 'answer', 'not', 'supposed', 'work', 'frustrating', 'head', '.lol'],
['great', 'battery', 'life', 'generally', 'good', 'functionality', 'processing', 'speed', 'sound', 'speaker', 'appalling', 'camera', 'terrible', 'compared', 'led', 'review', 'upgraded', 'generation', 'pixel', 'broke', 'camera', 'quality', 'going', 'year', 'comparison'],
['complaint', 'not', 'beat', 'price', 'seamless', 'hookup', 'verizon', 'installing', 'sim', 'card', 'biggest', 'small', 'phone', 'good', 'camera', 'phone', 'fit'],
['time', 'not', 'iphone', 'sure', 'confusing', 'camera', 'great', 'work', 'perfectly', 'music', 'pretty', 'happy', 'music', 'sound', 'great', 'speaker', 'battery', 'not', 'best', 'charge', 'phone'],
['sony', 'brand', 'offer', 'smartphone', 'top', 'characteristic', 'small', 'package', 'brand', 'offer', 'smartphones', 'big', 'brother', 'half', 'characteristic', 'not', 'screen', 'size', 'battery', 'capable', 'processor', 'ram', 'storage', 'worst', 'camera', 'sony', 'keep', 'offering', 'great', 'battery', 'life', 'year', 'advance', 'camera', 'competitor', 'lack', 'better', 'image', 'processing', 'photograph', 'video', '4k', 'hdr', 'awesome', '960fps', 'shoot', 'amazing', 'screen', 'usual', 'accurate', 'reality', 'color', '-update-', 'keep', 'sony', 'xperia', 'z5', 'compact', 'problem', 'bottom', 'speaker', 'failing', 'sound', 'creepy', 'going', 'worst', 'day', 'result', 'muted', 'speaker', 'apps', 'will', 'phone', 'muted', 'google', 'map', 'muted', 'handsfree', 'muted', 'thing', 'will', 'work', '50', 'video', 'stereo', 'will', 'hear', 'top', 'speaker', 'wrote', 'time', 'bought', 'not', 'keep', 'highly', 'recommend', 'true', 'good', 'phone', 'keep', 'breaking', 'problem', 'not', 'solved', 'highly', 'recommend', 'smartphone', 'sony', 'not', 'best', 'marketing', 'campaign', 'technology', 'produce', 'way', 'better', 'famous', 'competitor', 'offer', 'waterproof', 'phone', 'xperia', 'z', 'xperia', 'z/xz', 'waterproof', 'offering', '4k', 'display', 'offering', '960fps', 'capture', 'stereo', 'speaker', 'triluminous', 'display', 'ip', 'display', 'hi-res', 'audio', 'not', 'fanboy', 'brand', 'lack', 'design', 'sony', 'aligned', 'trend', 'luckily', 'avoiding', 'notch'],
['work', 'great', 'heavy'],
['bought', 'week', 'september', 'loved', 'yesterday', 'morning', 'stopped', 'service', 'not', 'receive', 'call', 'sm', 'message', 'basic', 'troubleshooting', 'step', 'called', 'verizon', 't-shooting', 'double', 'checked', 'provisioning', 'sim', 'card', 'luck', 'sony', 'helpful', 'completely', 'untrained', 'unknowledgeable', 'rep', 'repeating', 'basic', 'step', 'verizon', 'not', 'acknowledge', 'possibility', 'wrong', 'phone', 'not', 'pretend', 'care', 'chat', 'rep', 'asked', 'question', 'sad', 'referred', 'email', 'sending', 'solution', 'ended', 'chat', 'email', 'link', 'sony', 'support', 'start', 'scratch', 'clicked', 'chatted', 'place', 'sure', 'problem', 'phone', 'isolated', 'problem', 'considering', 'complete', 'lack', 'support', 'buy', 'sony', 'product', 'recommend', 'going', 'recycling', 'thing', 'buying', 'real', 'phone'],
['switched', 'iphone', 'se', 'phone', 'considering', 'pixel', '2', 'price', 'drop', 'not', 'exclusive', 'feature', 'camera', 'phone', 'responsive', 'bloat', 'ware', 'mainstream', 'android', 'phone', 'phone', 'easy', 'hold', 'fingerprint', 'sensor', 'placement', 'not', 'bad', 'review', 'accurate', 'iphone', 'thing', 'improved', 'weight', 'heavier', 'se', 'sure', 'will'],
['bought', 'sony', 'xperia', 'xz2', 'compact', 'h8314', 'september', '2018', 'worked', 'issue', 'making', 'difficult', 'impossible', 'sony', 'broken', 'underlying', 'android', 'o', 'receives', 'endless', 'stream', 'patch', 'problem', 'fingerprint', 'sensor', 'slow', 'data', 'lte', 'screen', 'not', 'responding', 'touch', 'screen', 'lock', 'not', 'working', 'cellular', 'network', 'connection', 'will', 'spontaneously', 'quit', 'working', 'time', 'day'],
['small', 'android', 'phone', 'verizon', 'previous', 'phone', 'htc', 'remix', 'mini', 'importantly', 'size', 'iphone', '7', 'work', 'verizon', 'verizon', 'not', 'sell', 'compatible', 'network', 'verizon', 'offered', 'monster', 'prefer', 'fit', 'easily', 'pocket', 'xz2', 'compact', 'feature', 'camera', 'great', 'picture', 'fingerprint', 'sensor', 'work', 'well', 'fast', 'comparison', 'phone', 'unsurprisingly', 'crapware', 'not', 'cheaper', 'google', 'pixel', '2', 'well', 'smaller', 'understand', 'pixel', 'better', 'phone', 'close', 'second', 'review', 'smaller', '$', '150', 'cheaper', 'downside', 'not', 'qi', 'wireless', 'charging', 'nice', 'not', 'huge', 'deal', 'not', 'thrilled', 'lack', 'earphone', 'plug', 'include', 'usb-c', 'adapter', 'lastly', 'phone', 'surprisingly', 'heavier', 'thicker', 'expected', 'comparison', 'htc', 'remix', 'hopefully', 'battery', 'will', 'contribute', 'good', 'battery', 'life', 'not', 'phone', 'long', 'gauge', 'battery', 'life', 'well'],
[],
['***see', 'early', 'review', 'impression', 'top', 'notch', 'well', 'thought', 'device', 'fit', 'device', 'hand', 'absolutely', 'perfect', 'screen', 'crisp', 'clear', 'built', 'tool', 'test', 'pixel', 'dedicated', 'camera', 'button', 'welcomed', 'camera', 'fast', 'picture', 'magnificent', 'indoors', 'snapdragon', '845', 'incredibly', 'fast', 'compared', '600', 'series', 'chipset', 'phone', 'absolutely', 'lag', 'android', 'pie', 'download', '01-14-2019', 'well', 'sony', 'gui', 'apps', 'updated', 'support', 'fully', 'integrate', 'updated', 'android', 'o', 'sony', 'incredible', 'job', 'hardware', 'software', 'device', 'hat', 'job', 'well', 'purchased', 'short', 'version', 'type', 'c', 'wireless', 'charging', 'receiver', 'nillkin', 'magic', 'well', 'charge', 'plate', 'compensate', 'lack', 'wireless', 'charging', 'reviewer', 'confirmed', 'wireless', 'charging', 'solution', 'work', 'well', 'phone', 'addition', 'purchased', 'sandisk', '400gb', 'extreme', 'microsd', 'uhs-i', 'card', 'will', 'extreme', 'version', 'record', '4k', 'ultra', 'version', 'card', 'spawn', 'error', 'insufficient', 'sustained', 'write', 'speed', '4k', 'video', 'purchased', 'multiple', 'cover', 'will', 'update', 'review', 'confirm', 'support', 'wireless', 'charging', 'receiver', 'opinion', 'sony', 'xperia', 'xz2', 'compact', 'absolute', 'best', 'compromise', 'compact', 'phone', 'market', 'today', 'safe', 'bet', 'device', 'will', 'not', '***see', 'review', 'entitled', '[', 'sony', 'xperia', 'xz2', 'compact', '2018', 'model', 'nillkin', 'magic', 'tag', 'short', 'version', ']', 'great', 'case', 'wireless', 'charging', 'solution'],
['good', 'compact', 'phone', 'verizon', 'att', 'worked', 'network', 'phone', 'company', 'aim', 'bigger', 'screen', 'sony', 'top', 'xperia', 'phone', 'smaller', 'fit', 'nicely', 'hand', 'screen', 'super', 'sharp', 'bright', 'colorful', 'opened', 'apps', 'checked', 'email', 'phone', 'call', 'operated', 'smoothly', 'great', 'second', 'phone', 'not', 'google', 'nexus', '6p', 'decide', 'smaller', 'sony', 'xperia', 'xz', 'compact', 'great', 'choice'],
['good', 'not', 'pixel', 'google', 'customer', 'support', 'lame', '2', 'dead', 'pixel', 'warranty', 'not', 'honor', 'hopefully', 'phone', 'will', 'hold', 'better', 'android', 'avoid', 'fruit'],
