['it', 'is', 'the', 'best', 'phone', 'ever', '...', 'it', 'works', 'really', 'good', 'and', 'no', 'complains', '.'],
['best', '2018', 'phone', 'period', 'best', 'camera', 'best', 'sound', 'fast', 'processor'],
['its', 'a', 'beautiful', 'cell', 'phone', ',', 'it', 'arrives', 'a', 'little', 'bit', 'late', 'but', 'now', 'its', 'in', 'my', 'hands'],
['i', 'love', 'htc', ',', 'i', 'get', 'used', ',', 'but', 'htc', 'must', 'be', 'develop', 'yourself', ',', 'old', 'models', 'better', 'than', 'news', '...', 'thanks', '...'],
['excellent', 'phone', '.', 'the', 'buttons', 'work', 'as', 'expected', '.', 'not', 'sure', 'why', 'the', 'reviewers', 'were', 'bashing', 'it', '.'],
['excelente', 'tel√©fono'],
['ok', ',', 'to', 'start', ',', 'i', 'have', 'been', 'buying', 'htc', 'phones', 'for', 'years', '.', 'even', 'when', 'i', 'decide', 'to', 'buy', 'a', 'more', 'mainstream', 'phone', 'i', 'end', 'up', 'taking', 'it', 'back', 'for', 'one', 'reason', 'or', 'another', '.', 'i', 'will', 'not', 'spend', 'this', 'review', 'bashing', 'the', 'other', '``', 'leaders', "''", 'of', 'phones', 'out', 'there', '.', 'if', 'they', 'work', 'for', 'you', 'great', ',', 'i', 'will', 'state', 'why', 'i', 'prefer', 'htc', 'phones.1-lcd', 'screen', ',', 'if', 'you', 'want', 'a', 'screen', 'that', 'looks', 'good', 'and', 'does', 'not', 'degrade', 'the', 'instant', 'it', 'is', 'turned', 'on', '(', 'fact', 'about', 'all', 'amoleds', ',', 'some', 'worse', 'than', 'others', ')', '2-battery', 'life', ',', 'not', 'talking', 'about', 'video', 'run', 'time', 'or', 'anything', 'like', 'that', ',', 'i', 'fully', 'believe', 'those', 'are', 'subjective', ',', 'what', 'i', 'mean', 'is', 'when', 'i', 'sit', 'the', 'phone', 'down', ',', 'not', 'sure', 'if', 'it', 'is', 'just', 'android', 'doze', 'or', 'if', 'htc', 'does', 'something', 'on', 'top', 'of', 'it', ',', 'but', 'when', 'i', 'do', 'not', 'charge', 'the', 'phone', 'at', 'night', 'and', 'it', 'only', 'loses', '3-5', '%', 'battery', 'life', ',', 'pretty', 'awesome', ',', 'only', 'other', 'phone', 'i', 'had', 'that', 'came', 'close', 'was', 'pixel', '2', ',', 'all', 'others', 'lose', '10-15', '%', 'overnight', '.', '3-edge', 'function', ',', 'i', 'have', 'read', 'a', 'lot', 'of', '``', 'reviews', "''", 'where', 'this', 'function', 'is', 'completely', 'flamed', 'hard', ',', 'all', 'i', 'have', 'to', 'say', 'is', 'that', 'if', 'you', 'do', 'not', 'like', 'it', ',', 'turn', 'it', 'off', '.', 'but', 'day', 'to', 'day', 'use', 'is', 'fantastic', ',', 'i', 'use', 'it', 'regularly', 'and', 'if', 'you', 'have', 'a', 'job', 'where', 'you', 'may', 'have', 'gloves', 'on', 'or', 'any', 'situation', 'where', 'you', 'do', 'not', 'have', 'finger', 'dexterity', ',', 'squeezing', 'to', 'start', 'camera', 'and', 'squeeze', 'to', 'take', 'the', 'picture', 'is', 'invaluable', '.', '4-skin', ',', 'i', 'feel', 'for', 'the', 'most', 'part', 'that', 'htc', 'does', 'not', 'mess', 'with', 'what', 'is', 'not', 'broken', ',', 'they', 'embrace', 'existing', 'google', 'apps', 'and', 'tweak', 'ever', 'so', 'slightly', 'the', 'basic', 'operation', 'of', 'android', ',', 'i', 'actually', 'read', 'a', 'review', 'where', 'someone', 'said', 'sense', 'is', 'too', 'heavy', ',', 'at', 'that', 'point', 'i', 'knew', 'he', 'had', 'not', 'a', 'clue', ',', 'and', 'probably', 'only', 'spent', '30', 'minutes', 'with', 'the', 'phone', '.', '5-build', ',', 'htc', 'has', 'been', 'making', 'very', 'high', 'quality', 'phones', 'for', 'a', 'very', 'long', 'time', '.', 'now', ',', 'the', 'bad', '(', 'or', 'not', 'so', 'good', 'is', 'a', 'better', 'way', 'to', 'describe', 'it', ')', ',', 'who', 'knows', 'the', 'future', 'of', 'the', 'company', ',', 'no', 'business', 'model', 'would', 'last', 'when', 'they', 'keep', 'losing', 'money', ',', 'once', 'google', 'bought', 'whatever', 'is', 'is', 'they', 'bought', ',', 'they', 'seem', 'to', 'have', 'turned', 'their', 'back', 'on', 'htc', '.', 'the', 'high', 'price-they', 'are', 'expensive', 'and', 'although', 'they', 'are', 'a', 'very', 'high', 'quality', 'phone', ',', 'most', 'people', 'will', 'never', 'know', 'because', 'other', 'phones', 'are', 'released', 'at', 'a', 'high', 'price', 'and', 'then', 'basically', 'given', 'away', 'after', 'a', 'month', ',', 'therefore', 'most', 'people', 'will', 'not', 'shell', 'out', 'the', 'money', 'to', 'get', 'this', 'phone', '.', 'in', 'closing', ',', 'my', 'best', 'advice', ',', 'ignore', 'most', 'of', 'the', 'reviews', '(', 'haptic', 'buttons', 'are', 'absolutely', 'not', 'a', 'problem', ',', 'like', 'too', 'many', 'people', 'are', 'stating', ')', 'and', 'take', 'full', 'advantage', 'of', 'the', 'amazon', 'or', 'htc', 'return', 'policy', ',', 'i', 'have', 'a', 'feeling', 'that', 'unless', 'you', 'are', 'already', 'loyal', 'to', 'a', 'certain', 'manufacturer', 'you', 'will', 'find', 'this', 'is', 'another', 'fantastic', 'phone', 'from', 'htc', '.', '(', 'no', 'i', 'am', 'not', 'an', 'htc', 'employee', ',', 'but', 'i', 'have', 'bought', 'most', 'htc', 'phones', 'since', 'the', 'htc', 'inspire', ')'],
['i', 'have', 'always', 'used', 'htc', 'phones', 'and', 'this', 'one', 'is', 'a', 'really', 'good', 'phone', 'so', 'far', '.', 'its', 'battery', 'does', 'not', 'last', 'that', 'long', ',', 'which', 'may', 'just', 'be', 'because', 'of', 'google', 'apps', 'constantly', 'turning', 'on', 'gps', 'to', 'track', 'your', 'location', '.', 'there', 'is', 'a', 'way', 'to', 'disable', 'this', ',', 'but', 'i', 'figure', 'if', 'i', 'do', 'i', 'will', 'end', 'up', 'misplacing', 'my', 'phone', 'somewhere', 'and', 'wish', 'i', 'had', 'that', 'enabled', '.', 'the', 'screen', 'looks', 'really', 'good', ',', 'and', 'the', 'pictures', 'it', 'takes', 'are', 'good', 'except', 'for', 'this', 'occasional', 'weird', 'thing', 'it', 'does', 'where', ',', 'initially', 'the', 'photo', 'looks', 'great', '...', 'as', 'in', ',', 'the', 'preview', 'you', 'see', 'that', 'freezes', 'for', 'a', 'couple', 'seconds', 'to', 'show', 'you', 'the', 'picture', 'you', 'got', '...', 'but', 'then', 'you', 'go', 'to', 'look', 'at', 'the', 'picture', 'in', 'the', 'gallery', 'or', 'send', 'to', 'someone', 'and', 'it', 'is', 'blurry', '.', 'yet', ',', 'you', 'know', 'it', 'did', 'not', 'look', 'like', 'that', 'just', 'earlier', '.', 'it', 'does', 'not', 'always', 'do', 'this', '...', 'just', 'maybe', 'once', 'every', '5', 'photos', 'or', 'so', '...', 'when', 'the', 'picture', 'does', 'not', 'become', 'blurry', 'after', 'the', 'fact', ',', 'they', 'are', 'really', 'nice', 'pictures', '.', 'i', 'switched', 'to', 't', 'mobile', 'and', 'can', 'use', 'the', 'wi-fi', 'calling', 'with', 'this', 'phone', 'when', 'i', 'am', 'at', 'home', '.', 'with', 'verizon', 'that', 'feature', 'will', 'not', 'work', '.'],
['i', 'will', 'start', 'off', 'with', 'saying', 'i', 'do', 'not', 'hate', 'htc', 'products', '.', 'i', 'have', 'used', 'their', 'phones', 'since', 'the', 'original', 'evo', '4g', ',', 'and', 'loved', 'every', 'little', 'gimmick', 'their', 'phones', 'would', 'have', '.', 'the', 'audio', 'from', 'their', 'latest', 'phones', 'back', 'from', 'the', 'm9', 'was', 'the', 'sole', 'reason', 'i', 'stuck', 'with', 'them', ',', 'the', 'phone', 'before', 'this', 'being', 'an', 'm9', 'that', 'is', 'still', 'in', 'perfect', 'order', 'today', '.', 'it', 'is', 'as', 'powerful', 'as', 'the', 'rest', 'and', 'those', 'earbuds', 'that', 'come', 'with', 'this', 'phone', 'are', 'the', 'best', 'packaged', 'in', 'headphones', 'to', 'come', 'with', 'a', 'phone', 'ever', '.', 'the', 'bad', 'part', 'is', 'how', 'it', 'is', 'very', 'obvious', 'their', 'phone', 'division', 'is', 'suffering', 'in', 'durability', 'lately', '.', 'the', 'pictures', 'i', 'took', 'are', 'of', 'my', 'phone', 'after', 'i', 'had', 'it', 'in', 'my', 'pocket', 'and', 'was', 'going', 'to', 'take', 'a', 'picture', 'of', 'something', 'on', 'snapchat', '.', 'this', 'phone', 'was', ' not', 'dropped', ',', 'and', 'for', 'just', 'sitting', 'in', 'my', 'pocket', ',', 'the', 'screen', 'cracks', '.', 'i', 'have', 'included', 'my', 'pictures', 'to', 'show', 'the', 'frame', 'around', 'the', 'screen', ',', 'showing', 'that', 'there', 'is', 'no', 'drop', 'damage', 'done', 'like', 'scratches', 'or', 'scuffs', 'done', 'to', 'it', 'at', 'all', '.', 'i', 'have', 'no', 'clue', 'if', 'this', 'is', 'a', 'defective', 'screen', 'or', 'just', 'bad', 'build', 'quality', ',', 'but', 'this', 'is', 'a', 'horrible', 'use', 'of', 'gorilla', 'glass', 'i', 'have', 'ever', 'seen', '.', 'the', 'worst', 'part', 'about', 'this', 'is', 'with', 'the', 'evidence', 'that', 'i', 'took', 'and', 'sent', 'to', 'htc', 'is', 'repair', 'center', 'and', 'asking', 'they', 'look', 'into', 'it', 'as', 'a', 'defective', 'screen', ',', 'but', 'their', 'repair', 'center', 'keeps', 'claiming', 'this', 'is', 'out', 'of', 'their', 'warranty', 'and', 'will', 'have', 'to', 'pay', '$', '200', 'to', 'repair', '.', 'if', 'this', 'was', 'a', 'one', 'off', 'screen', 'that', 'was', 'not', 'made', 'correctly', 'and', 'repaired', 'with', 'warranty', ',', 'i', 'would', 'not', 'mind', 'this', 'at', 'all', ',', 'but', 'this', 'is', 'ridiculous', 'that', 'i', 'have', 'to', 'pay', 'for', 'my', 'phone', 'damaging', 'itself', '.', 'so', 'saddly', ',', 'i', 'will', 'not', 'be', 'getting', 'anymore', 'htc', 'phones', ',', 'especially', 'given', 'that', 'these', 'screens', 'seem', 'to', 'also', 'can', 'not', 'be', 'removed', 'as', 'easily', 'as', 'some', 'other', 'phones', 'for', 'a', 'diy', 'solution', '.', 'i', 'highly', 'recommend', 'avoiding', 'this', 'phone', 'even', 'as', 'an', 'htc', 'veteran', '.'],
['after', 'only', '24', 'hours', 'i', 'can', 'say', 'i', 'absolutely', 'love', 'this', 'phone', '.', 'i', 'got', 'used', 'to', 'the', 'non', 'button', 'buttons', 'right', 'way', '(', 'which', 'seems', 'to', 'be', 'critics', 'biggest', 'gripe', '.', ')', 'the', 'edge', 'sense', 'is', 'really', 'handy', 'and', 'takes', 'little', 'time', 'to', 'get', 'used', 'to', '.', 'set', 'up', 'was', 'a', 'breeze', 'and', 'since', 'my', 'previous', 'phone', 'was', 'also', 'an', 'htc', 'it', 'was', 'super', 'easy', 'to', 'import', 'my', 'phone', 'settings', 'and', 'most', 'of', 'my', 'apps', 'from', 'my', 'previous', 'handset', '.', 'i', 'can', 'already', 'tell', 'that', 'the', 'firmware', 'update', 'has', 'improved', 'the', 'battery', 'life', '(', 'but', 'is', 'too', 'early', 'to', 'say', 'how', 'much', '.', ')', 'the', 'fingerprint', 'reader', 'is', 'located', 'on', 'the', 'back', 'at', 'the', 'perfect', 'spot', ',', 'and', 'face', 'recognition', 'unlock', 'is', 'quite', 'handy', '.', 'the', 'built', 'in', 'speakers', 'are', 'awesome', 'and', 'quite', 'loud', '.', 'very', 'clear', 'sound', 'and', 'provide', 'more', 'bass', 'than', 'expected', '.', 'the', 'ear', 'buds', 'that', 'come', 'with', 'the', 'phone', 'by', 'far', 'sound', 'better', 'than', 'any', 'others', 'that', 'i', 'already', 'own', '.', 'also', 'i', 'usually', 'use', 'bluetooth', 'speakers', 'at', 'work', 'so', 'the', 'lack', 'of', 'a', '3.5mm', 'jack', 'does', 'not', 'bother', 'me', 'in', 'the', 'least', '.', 'my', 'only', 'small', 'gripe', 'is', 'about', 'the', 'volume', 'buttons', ',', 'you', 'can', 'not', 'long', 'press', 'to', 'turn', 'volume', 'all', 'the', 'way', 'up/down', ',', 'you', 'have', 'to', 'keep', 'tapping', 'the', 'buttons', 'level', 'by', 'level', '.', 'however', 'as', 'soon', 'as', 'you', 'do', 'hit', 'the', 'buttons', ',', 'the', 'volume', 'level', 'pops', 'up', 'on', 'the', 'screen', ',', 'so', 'you', 'can', 'just', 'adjust', 'it', 'from', 'there', ',', 'so', 'it', 'is', 'really', 'a', 'non', 'issue', '.', 'also', 'the', 'plastic', 'phone', 'case', 'that', 'comes', 'in', 'the', 'box', 'seems', 'cheap', ',', 'but', 'it', 'feels', 'nice', 'once', 'you', 'put', 'it', 'on', 'the', 'phone', '.', 'it', 'will', 'definitely', 'do', 'the', 'job', 'until', 'i', 'get', 'around', 'to', 'buying', 'another', 'case', '.', 'i', 'will', 'update', 'my', 'review', 'if', 'the', 'need', 'arises', '.', 'edit', ':', 'the', 'volume', 'buttons', 'will', 'in', 'fact', 'turn', 'the', 'volume', 'all', 'the', 'way', 'up', 'or', 'down', 'with', 'one', 'press', '.', 'i', 'do', 'not', 'know', 'if', 'it', 'was', 'the', 'update', 'our', 'what', ',', 'but', 'edge', 'sense', 'is', 'more', 'sensitive', 'than', 'it', 'was', 'the', 'first', 'day', 'or', 'so', ',', 'which', 'is', 'a', 'good', 'thing', '.'],
['awesome', 'phone', 'in', 'every', 'way', 'except', 'the', 'buttons', 'do', 'not', 'work', '.', 'it', 'makes', 'my', 'finger', 'tips', 'hurt', 'to', 'turn', 'volume', 'up', 'and', 'down', '.', 'this', 'was', 'a', 'known', 'issue', 'that', 'i', 'had', 'read', 'reviews', 'about', ',', 'but', 'it', 'was', 'supposedly', 'fixed', '.', 'contacted', 'htc', ',', 'spent', 'over', 'a', 'month', 'troubleshooting', 'it', 'with', 'them', '.', 'they', 'lied', 'to', 'me', 'and', 'told', 'me', 'it', 'was', 'my', 'phone', 'that', 'was', 'bad', 'and', 'it', 'is', 'not', 'a', 'known', 'problem', 'and', 'that', 'it', 'would', 'need', 'to', 'be', 'returned', 'to', 'them', 'to', 'repair', 'it', 'and', 'i', 'would', 'be', 'without', 'a', 'phone', 'for', 'weeks', '.', 'so', 'i', 'returned', 'it', 'to', 'amazon', 'and', 'bought', 'another', 'one', ',', 'thinking', 'maybe', 'they', 'were', 'right', ',', 'i', 'just', 'got', 'a', 'lemon', '.', 'nope', 'exact', 'same', 'problem', 'with', 'the', 'new', 'one', '.', 'i', 'have', 'updated', 'all', 'the', 'latest', 'software', ',', 'still', 'no', 'fix', '.', 'looks', 'like', 'phone', '#', '2', 'is', 'getting', 'returned', 'too', '.', 'this', 'sucks', ',', 'i', 'have', 'bought', 'nothing', 'but', 'htc', 'phones', 'since', 'the', 'htc', '4g', 'evo', '.', 'that', 'is', 'eight', 'years', 'of', 'loyalty', 'to', 'them', 'and', 'many', ',', 'many', ',', 'many', 'thousands', 'of', 'dollars', 'spent', 'on', 'their', 'phones', '.', 'throwing', 'it', 'all', 'away', '.', 'no', 'more', 'htc', 'for', 'me', '.', 'how', 'do', 'you', 'ruin', 'something', 'so', 'simple', 'as', 'a', 'freaking', 'button', '?', 'how', '?', '!', '?', '!', 'good', 'bye', 'htc', ',', 'you', 'have', 'lost', 'my', 'trust', 'forever', '.', 'i', 'was', 'one', 'of', 'your', 'biggest', 'fans', '.', 'this', 'really', 'stinks', 'as', 'i', 'do', 'not', 'want', 'to', 'deal', 'with', 'a', 'second', 'return', '.', 'i', 'do', 'not', 'want', 'to', 'shop', 'for', 'a', 'different', 'device', '.', 'i', 'do', 'not', 'want', 'to', 'learn', 'a', 'new', 'interface', '.', 'i', 'have', 'lost', 'the', 'money', 'spent', 'on', 'cases', 'and', 'protectors', '.', 'watch', 'the', 'video', '.', 'at', 'then', 'end', 'you', 'can', 'see', 'the', 'indentation', 'left', 'on', 'my', 'finger', 'and', 'the', 'red', 'marks', 'from', 'simply', 'trying', 'to', 'adjust', 'the', 'volume', ',', 'such', 'a', 'normal', 'and', 'mundane', 'task', '.'],
['make', 'sure', 'you', 'are', 'double', 'checking', 'if', 'the', 'phone', 'is', 'compatible', 'with', 'your', 'carrier', '.', 'unlocked', 'apparently', 'means', 'with', 'certain', 'carriers', 'and', 'read-reread', 'the', 'fine', 'print', 'on', 'providers', '.'],
['excellent', 'phone..', 'no', 'complaints..'],
['do', 'not', 'let', 'all', 'the', 'reviews', 'turn', 'you', 'away', 'from', 'this', 'amazing', 'phone', 'the', 'buttons', 'take', 'time', 'getting', 'used', 'to', '.', 'the', 'phone', 'is', 'a', 'beast', 'sleek', 'stylish', ',', 'fast', 'and', 'amazing', '!', 'the', 'operating', 'system', 'is', 'smooth', 'as', 'butter', 'i', 'have', 'the', 'unlocked', 'version', 'in', 'blue', '.', 'the', 'squeeze', 'is', 'very', 'good', 'it', 'just', 'takes', 'time', 'using', 'it', ',', 'everthing', 'new', 'takes', 'time', 'to', 'get', 'used', 'to', '.', 'then', 'all', 'the', 'innovative', 'goodies', 'this', 'phone', 'has', 'to', 'offer', 'are', 'just', 'a', 'squeeze', 'or', 'a', 'tap', 'away', '.', 'so', 'please', 'do', 'more', 'research', 'before', 'you', 'write', 'off', 'this', 'incredible', 'smartphone', '.', 'thanks', 'just', 'got', 'the', 'new', 'update', 'to', 'help', 'with', 'the', 'performance', 'of', 'the', 'buttons', 'and', 'battery', 'life', '.', 'wow', 'if', 'it', 'was', 'not', 'amazing', 'when', 'i', 'first', 'got', 'it', ',', 'it', 'is', 'absolutely', 'perfect', 'now', '!', 'do', 'not', 'be', 'scared', 'away', 'from', 'the', 'reviews', 'please', '!', '!', '!', '!', '!', '!'],
['i', 'would', 'like', 'to', 'say', 'i', 'tried', '.', 'i', 'tried', 'to', 'give', 'htc', 'the', 'benefit', 'of', 'the', 'doubt', 'and', 'stand', 'by', 'their', 'product', '.', 'unfortunately', 'the', 'htc', 'u12+', 'was', 'not', 'the', 'device', 'for', 'me', '.', 'the', 'u12', 'has', 'a', 'lot', 'to', 'offer', 'but', 'fails', 'in', 'key', 'areas', 'which', 'i', 'would', 'get', 'to', 'in', 'a', 'second', '.', 'first', 'let', 'me', 'mention', 'the', 'good', ':', 'pros', ':', '1.', 'video', 'recording', '.', 'the', 'u12+', 'is', 'well', 'built', 'for', 'this', 'task', '.', '3d', 'audio', 'and', 'high', 'resolution', 'audio', 'was', 'a', 'feature', 'i', 'did', 'not', 'think', 'i', 'needed', 'until', 'i', 'used', 'it', 'and', 'was', 'shockingly', 'amazed', 'at', 'the', 'clarity', 'and', 'neat', 'tricks', 'it', 'has', 'to', 'offer', '.', 'i', 'also', 'came', 'to', 'like', 'the', '``', 'zoom', 'slider', "''", 'which', 'helps', 'zoom', 'in', 'and', 'out', 'a', 'subject', 'at', 'a', 'much', 'smoother', 'pace', '.', '2.', 'rear', 'camera', '.', 'the', 'rear', 'camera', 'is', 'great', '.', 'pictures', 'taken', 'with', 'it', 'were', 'up', 'to', 'today', 'is', 'smartphone', 'standard', '.', 'portrait', 'mode', 'also', 'works', 'without', 'flaw', '.', '3.', 'fingerprint', 'reader', '.', 'fast', ',', 'reliable', 'and', 'at', 'just', 'the', 'right', 'spot', '.', '4.', 'call', 'quality', ':', 'crystal', 'clear', 'and', 'loud', 'enough', 'to', 'listen', 'in', 'any', 'environment', '.', 'cons', ':', '1.', 'built', 'quality', ':', 'too', 'fragile', 'for', 'my', 'liking', '.', 'the', 'device', 'is', 'well', 'built', 'and', 'beautiful', 'but', 'all', 'that', 'glass', 'scares', 'me', '.', '2.', 'boomsound', ':', 'this', 'should', 'be', 'a', 'positive', 'but', 'i', 'honestly', 'do', 'not', 'feel', 'they', 'are', 'the', 'loudest', 'and', 'do', 'lack', 'some', 'bass', '.', 'might', 'be', 'because', 'they', 'are', 'not', 'front', 'facing', '.', '3.', 'display', ':', 'its', 'an', 'lcd', 'panel', '...', '...', 'its', 'an', 'lcd', 'panel', '...', '.', 'its', 'an', 'lcd', 'panel', '.', '4.', 'front', 'facing', 'camera', '.', 'awful', '.', 'they', 'are', 'not', 'as', 'bad', 'as', 'samsung', 'front', 'facing', 'cameras', 'but', 'they', 'still', 'leave', 'a', 'lot', 'to', 'be', 'desired', '.', 'some', 'people', 'may', 'enjoy', 'the', 'front', 'facing', 'camera', 'due', 'to', 'how', 'much', 'it', 'smooths', 'faces', ',', 'making', 'them', 'look', 'young', 'but', 'unnatural', '.', 'i', 'turned', 'off', 'beautification', 'mode', 'and', 'it', 'still', 'leans', 'over', 'to', 'the', 'smooth', 'side', '.', '5.', 'touch', 'buttons', ':', 'omg', ',', 'these', 'are', 'the', 'worst', '.', 'during', 'the', 'first', '3', 'days', 'of', 'use', 'i', 'did', 'not', 'face', 'much', 'problems', 'as', 'other', 'online', 'reviewers', ',', 'but', 'once', 'my', 'protective', 'case', 'shipped', 'in', ',', 'everything', 'went', 'downhill', '.', 'i', 're-calibrated', 'edge', 'sense', 'to', 'account', 'for', 'the', 'case', 'but', 'still', 'ran', 'into', 'issues', '.', 'sometimes', 'i', 'had', 'to', 'force', 'press', 'the', 'buttons', ',', 'other', 'times', 'they', 'would', 'register', 'a', 'press', 'with', 'the', 'slightest', 'touch', '.', 'using', 'the', 'phone', 'became', 'frustrating', 'and', 'i', 'just', 'could', 'not', 'continue', 'happily', 'owning', 'it', '.', 'in', 'the', 'end', 'i', 'decided', 'to', 'return', 'the', 'phone', '.', 'its', 'a', 'good', 'phone', 'but', 'at', 'this', 'price', 'tag', 'it', 'should', 'of', 'been', 'an', 'excellent', 'phone', '.'],
['i', 'can', 'not', 'let', 'porter', 'leaves', 'bad', 'review', 'that', 'is', 'not', 'about', 'the', 'phone', '.', 'i', 'had', 'the', 'same', '``', 'issue', "''", 'but', 'being', 'lucky', 'enough', 'to', 'have', 'a', 'wife', 'that', 'works', 'at', 'verizon', 'she', 'was', 'smart', 'enough', 'to', 'know', 'that', 'whoever', 'activated', 'my', 'sim', 'card', 'did', 'not', 'turn', 'any', 'of', 'that', 'on', '.', 'normally', 'you', 'can', 'do', 'that', 'from', 'your', 'settings', 'but', 'seeing', 'as', 'the', '``', 'unlocked', "''", 'version', 'is', 'not', 'a', 'verizon', 'phone', ',', 'meaning', 'no', 'verizon', 'bloatware', ',', 'they', 'do', 'not', 'have', 'those', 'settings', ',', 'so', 'you', 'have', 'to', 'turn', 'it', 'on', 'on', 'your', 'account/sim', 'card', 'before', 'hand', '.', 'basically', 'just', 'make', 'sure', 'you', 'take', 'it', 'to', 'a', 'verizon', 'person', 'that', 'knows', 'what', 'they', 'are', 'doing', 'or', 'care', 'enough', 'to', 'help', 'since', 'last', 'of', 'then', 'are', 'commission', 'based', 'and', 'do', 'not', 'like', 'to', 'help', 'unless', 'you', 'are', 'buying', 'from', 'them'],
['the', 'unlocked', 'version', 'dose', 'not', 'allow', 'visual', 'voicemail', 'or', 'hd', 'video', 'calling', 'for', 'verizon', 'also', 'the', 'wi-fi', 'calling', 'feature', 'is', 'not', 'available', '.', 'why', 'in', 'today', 'is', 'age', 'of', 'technology', 'these', 'features', 'do', 'not', 'work', '.'],
['i', 'ordered', 'this', 'phone', 'the', 'first', 'day', 'it', 'was', 'available', 'on', 'amazon', '.', 'the', 'issues', 'with', 'the', 'touch-sensitive', 'buttons', 'were', 'more', 'than', 'a', 'little', 'infuriating', 'and', 'shameful', 'on', 'htc', 'is', 'part', ',', 'but', 'once', 'they', 'released', 'a', 'software', 'update', 'to', 'fix', 'it', '(', 'and', 'some', 'other', 'tweaks', 'that', 'have', 'now', 'given', 'me', 'some', 'stellar', 'battery', 'life', ')', 'this', 'phone', 'can', 'do', 'no', 'wrong', '.', 'i', 'have', 'the', 'translucent', 'blue', 'and', 'it', 'is', 'a', 'work', 'of', 'art', '.', 'the', 'screen', 'is', 'lcd', ',', 'not', 'oled', 'as', 'some', 'of', 'the', 'descriptions', 'say', '.', 'no', 'matter', 'what', 'size', 'or', 'color', 'you', 'get', ',', 'the', 'screen', 'is', 'lcd', '.', 'but', 'it', 'is', 'gorgeous', '.', 'there', 'are', 'no', 'issues', 'with', 'polarization', 'that', 'used', 'to', 'be', 'common', 'with', 'even', 'the', 'best', 'lcd', 'screens', ',', 'so', 'polarized', 'sunglasses', 'will', 'not', 'black', 'out', 'the', 'screen', 'for', 'you', 'in', 'certain', 'orientations', '.', 'the', 'face', 'unlock', 'feature', 'works', 'extremely', 'well', ',', 'but', 'the', 'fingerprint', 'sensor', 'is', 'the', 'best', 'i', 'have', 'had', 'on', 'a', 'phone', '.', 'it', 'has', 'yet', 'to', 'fail', '.', 'i', 'am', 'a', 'heavy', 'user', 'and', 'my', 'battery', 'life', 'easily', 'gets', 'me', 'a', 'full', 'day', 'is', 'use', 'and', 'then', 'some', '.', 'i', 'stream', 'a', 'lot', 'of', 'audio', 'and', 'have', 'most', 'apps', 'set', 'to', 'push', 'notifications', '.', 'i', 'do', 'not', 'stream', 'much', 'video', ',', 'but', 'i', 'do', 'have', 'the', 'screen', 'on', 'quite', 'a', 'bit', 'throughout', 'any', 'given', 'day', '.', 'since', 'the', 'software', 'update', 'mentioned', 'above', ',', 'my', 'average', 'battery', 'life', 'is', 'around', '29', 'hours', ',', 'with', 'about', '4', 'hours', '45', 'minutes', 'screen-on', 'time', ',', 'and', 'i', 'usually', 'plug', 'in', 'before', 'the', 'battery', 'saver', 'kicks', 'in', '(', 'at', '15', '%', ')', '.', 'my', 'best', 'was', '6', 'hours', '52', 'screen-on', 'time', 'over', 'nearly', '36', 'hours', '.', 'i', 'plugged', 'my', 'phone', 'in', 'at', '4', '%', 'that', 'day', '.', 'the', 'camera', 'is', 'phenomenal', '.', 'htc', 'makes', 'great', 'cameras', ',', 'especially', 'since', 'the', 'one', 'm8', '(', 'though', 'there', 'have', 'been', 'a', 'stinker', 'or', 'two', 'in', 'there', ')', ',', 'but', 'this', 'is', 'a', 'cut', 'above', 'all', 'of', 'them', '-', 'and', 'almost', 'every', 'other', 'phone', 'camera', 'out', 'there', '.', 'i', 'have', 'used', 'the', 'newer', 'samsungs', 'and', 'lgs', '(', 'though', 'not', 'the', 'pixel', '2', ')', 'and', 'htc', 'just', 'beats', 'them', 'handily', '.', 'the', 'dual', 'camera', 'setup', 'takes', 'amazing', 'bokeh', 'photos', ',', 'but', 'it', 'also', 'allows', 'for', 'a', '2x', 'optical', 'zoom', 'that', 'is', 'great', '.', 'low', 'light', 'pics', 'are', 'great', ',', 'hyperlapse', ',', 'slo-mo', ',', 'pro', 'settings', '-', 'they', 'are', 'all', 'here', 'and', 'work', 'great', '.', 'i', 'am', 'not', 'a', 'huge', 'selfie', 'taker', ',', 'but', 'the', 'dual', 'front-facing', 'cameras', 'work', 'well', 'for', 'it', ',', 'but', 'also', 'allow', 'for', 'a', 'nice', 'bokeh', 'effect', 'on', 'selfies', 'as', 'well', '.', 'also', ',', 'the', 'bokeh', 'level', 'is', 'adjustable', 'on', 'both', 'cameras', 'prior', 'to', 'the', 'shot', '.', 'i', 'love', 'edge', 'sense', '(', 'the', 'ability', 'to', 'launch', 'apps', 'or', 'perform', 'actions', 'based', 'on', 'squeezing', 'the', 'side', 'of', 'the', 'device', ')', '.', 'it', 'sounds', 'like', 'a', 'gimmick', ',', 'and', 'lots', 'of', 'people', 'say', 'it', 'is', ',', 'but', 'most', 'people', 'who', 'use', 'it', 'a', 'little', 'bit', 'fall', 'in', 'love', 'with', 'it', '.', 'launching', 'the', 'camera', ',', 'taking', 'a', 'photo', 'or', 'a', 'screenshot', '-', 'all', 'so', 'much', 'easier', 'with', 'edge', 'sense', '.', 'the', 'tweaks', 'they', 'have', 'made', 'to', 'it', 'since', 'it', 'was', 'launched', 'with', 'the', 'u11', 'have', 'made', 'it', 'much', 'more', 'useful', 'and', 'accurate', '.', 'i', 'especially', 'love', 'the', 'edge', 'launcher', ',', 'which', 'is', 'a', 'small', 'app', 'carousel', 'that', 'shows', 'up', 'in', 'the', 'lower', 'right', 'corner', ',', 'allowing', 'you', 'to', 'quickly', 'access', 'almost', 'any', 'of', 'your', 'apps', 'and', 'leaving', 'your', 'screen', 'nice', 'and', 'clutter', 'free', '.', 'the', 'included', 'noise-cancelling', 'headphones', 'are', 'the', 'same', 'as', 'the', 'u11', 'last', 'year', 'and', 'they', 'are', 'fantastic', '.', 'unfortunately', 'you', 'will', 'be', 'hard', 'pressed', 'to', 'get', 'them', 'working', 'in', 'any', 'other', 'usb-c', 'connector', '.', 'the', 'included', 'clear', 'case', 'is', 'nice', '(', 'again', ',', 'similar', 'to', 'the', 'u11', 'last', 'year', ')', 'but', 'it', 'is', 'a', 'hard', 'case', 'and', 'does', 'not', 'give', 'the', 'best', 'protection', '.', 'i', 'went', 'with', 'the', 'spigen', 'clear', 'tpu', 'case', 'and', 'it', 'is', 'great', '.', 'unfortunately', 'the', 'headphone', 'to', 'usb-c', 'adapter', 'that', 'shipped', 'with', 'the', 'u11', 'last', 'year', 'is', 'not', 'part', 'of', 'the', 'u12+', '.', 'you', 'can', 'still', 'order', 'it', 'separately', ',', 'and', 'if', 'you', 'have', 'a', 'nice', 'set', 'of', 'regular', 'headphones', 'it', 'is', 'a', 'must', ',', 'with', 'it', 'is', 'built', 'in', 'dac', '.', 'i', 'am', 'using', 'mine', 'on', 't-mobile', 'and', 'have', 'no', 'issues', 'at', 'all', '.', 'the', 'u12+', 'does', 'not', 'support', 'the', 'new', 'band', '71', '(', 'for', 'some', 'bizarre', 'reason', ')', ',', 'though', 'tmo', 'just', 'started', 'rolling', 'out', 'band', '71', ',', 'so', 'i', 'am', 'not', 'overly', 'concerned', '.', 'the', 'phone', 'will', 'not', 'work', 'on', 'sprint', ',', 'but', 'does', 'work', 'just', 'fine', 'on', 'att', 'and', 'verizon', '(', 'with', 'a', 'few', 'carrier', 'limitations', ')', '.', 'i', 'know', 'some', 'verizon', 'customers', 'on', 'here', 'have', 'complained', 'about', 'it', ',', 'but', 'i', 'know', 'a', 'few', 'people', 'who', 'have', 'it', 'on', 'verizon', 'and', 'love', 'it', '.', 'plus', ',', 'my', 'son', 'works', 'for', 'verizon', 'and', 'has', 'set', 'up', 'several', 'w/', 'no', 'issues', '.'],
['i', 'got', 'the', 'htc', 'u12', 'plus', 'and', 'verizon', 'visual', 'voicemail', 'hd', 'video', 'calling', 'and', 'wifi', 'calling', 'does', 'not', 'work', 'on', 'this', 'phone', 'on', 'the', 'verizon', 'network', 'the', 'only', 'thing', 'that', 'works', 'is', 'the', 'hd', 'volte', 'advanced', 'calling', 'feature', 'and', 'verizon', 'caller', 'id', 'bring', 'the', 'device', 'to', 't-mobile', 'or', 'metro', 'pcs', 'even', 'though', 'it', 'does', 'not', 'have', 'band', '71', 'for', 't-mobile', 'bring', 'it', 'to', 'straight', 'talk', 'cricket', 'wireless', 'or', 'at', '&', 't', 'any', 'carrier', 'besides', 'verizon', 'wireless'],
['i', 'have', 'been', 'an', 'htc', 'fan', 'for', 'years', 'and', 'while', 'this', 'is', 'a', 'beast', 'of', 'a', 'phone', ',', 'the', 'back', 'glass', 'is', 'shattered', 'and', 'i', 'have', 'had', 'it', 'less', 'than', '2', 'months', 'and', 'its', 'been', 'in', 'a', 'case', 'the', 'entire', 'time', '.', 'sad', 'times', ',', 'especially', 'since', 'this', 'phone', 'is', 'hella', 'expensive', '.', 'i', 'am', 'very', 'disappointed', 'and', 'even', 'more', 'disappointed', 'that', 'htc', 'knew', 'their', 'problem', 'and', 'are', 'not', 'offering', 'any', 'warranty', 'to', 'fix', 'it', '.', 'updated', ':', 'eight', 'months', 'on', ',', 'and', 'now', 'the', 'front', 'is', 'shattering', 'too', '.', 'buying', 'this', 'phone', 'was', 'huge', 'mistake', '.', 'and', 'i', 'can', 'not', 'find', 'anywhere', 'to', 'fix', 'it', '.'],
['wish', 'i', 'could', 'use', 'this', 'phone', 'the', 'features', 'but', 'not', 'available', 'through', 'my', 'carrier', ',', 'sprint', '.', 'having', 'to', 'send', 'back', '.'],
['i', 'have', 'two', 'cell', 'phones', ',', 'one', 'for', 'business', 'and', 'one', 'for', 'pleasure', '.', 'i', 'had', 'an', 'htc', 'desire', 'eye', 'and', 'a', 'samsung', 'galaxy', 's5', '.', 'they', 'both', 'came', 'out', 'in', '2014.', 'this', 'phone', 'is', 'to', 'replace', 'my', 'galaxy', 'because', 'it', 'is', 'slow', 'and', 'it', 'is', 'battery', 'is', 'terrible', '.', 'my', 'desire', 'eye', 'is', 'still', 'going', 'strong', '.', 'all', 'that', 'explains', 'why', 'i', 'was', 'willing', 'to', 'go', 'around', 'att', 'and', 'buy', 'an', 'unlocked', 'htc', 'phone', 'instead', 'of', 'being', 'shoved', 'into', 'another', 'samsung', '.', 'phone', 'comes', 'with', 'its', 'own', 'protective', 'case', ',', 'and', 'a', 'set', 'of', 'high', 'quality', 'headphones', '.', 'i', 'read', 'a', 'lot', 'of', 'reviews', 'about', 'the', 'u12+', 'before', 'i', 'received', 'it', '.', 'camera', 'got', 'glowing', 'reviews', ',', 'it', 'is', 'fast', ',', 'it', 'is', 'pretty', ',', 'and', 'it', 'has', 'a', 'good', 'amount', 'of', 'memory', 'that', 'can', 'be', 'expanded', '.', 'where', 'it', 'got', 'slammed', 'was', 'the', 'sense', 'edge', ',', 'the', "''", 'buttons', "''", ',', 'the', 'lack', 'of', 'headphone', 'jack', ',', 'and', 'lack', 'of', 'wireless', 'charging', '.', 'i', 'have', 'to', 'be', 'honest', ',', 'i', 'have', 'no', 'idea', 'what', 'they', 'were', 'all', 'complaining', 'about', '!', 'my', 'volume', 'up', 'and', 'down', 'works', 'seamlessly', ',', 'same', 'as', 'a', 'real', 'button', '.', 'the', 'level', 'and', 'quality', 'of', 'sound', 'is', 'awesome', '.', 'it', 'comes', 'with', 'headphones', ',', 'so', 'why', 'all', 'the', 'handwringing', 'about', 'lack', 'of', 'traditional', 'jack', '?', 'also', 'adapters', 'exist', '.', 'the', 'power', 'button', 'is', 'responsive', ',', 'and', 'i', 'love', 'that', 'to', 'turn', 'on', 'my', 'screen', ',', 'i', 'can', 'just', 'use', 'the', 'scan', 'fingerprint', 'area', 'to', 'turn', 'on', 'and', 'unlock', 'in', 'one', 'touch', '.', 'i', 'added', 'a', 'screenshot', 'button', 'to', 'my', 'navigation', 'bar', ',', 'picture', 'shown', '.', 'so', 'those', 'complaining', '...', 'how', 'is', 'that', 'not', 'easier/faster', 'then', 'holding', 'down', 'multiple', 'buttons', '.', 'seems', 'like', 'a', 'lot', 'or', 'reviewers', 'did', 'not', 'really', 'try', 'or', 'read', 'the', 'help', 'sections', 'to', 'find', 'out', 'all', 'the', 'awesome', 'customization', 'options', '.', 'i', 'have', 'no', 'regrets', 'about', 'this', 'phone', 'and', 'i', 'hope', 'htc', 'stays', 'around', 'to', 'make', 'more', 'phones', 'so', 'that', 'when', 'my', '4', 'year', 'old', 'htc', 'finally', 'dies', 'i', 'can', 'invest', 'in', 'their', 'newest', 'offerings', '.'],
['amazon', 'service', 'is', 'good..', 'but', 'for', 'product', 'i', 'am', 'experiencing', 'quick', 'battery', 'consumption', '.'],
['love', 'the', 'camera', ',', 'equal', 'or', 'better', 'to', 'pixel', '2/2xl', 'in', 'that', 'department', '...', 'screen', 'is', 'great', ',', 'software', 'is', 'fast', ',', 'beautiful', 'phone', ',', 'battery', 'is', 'average', ',', 'etc', '.', 'but-', 'those', 'buttons', 'really', 'are', 'terrible', '.', 'when', 'the', 'phone', 'is', 'off', ',', 'i', 'have', 'to', 'plug', 'it', 'in', 'to', 'get', 'the', 'buttons', 'to', "'wake", 'up', "'", 'to', 'power', 'on', 'the', 'phone', '.', 'unexcusable', '.', 'period', '.'],
['paid', '900', 'dollars', 'for', 'a', 'phone', 'with', 'a', 'half', 'yellowed', 'screen', '.', 'round', '1', 'of', 'replacement', 'phones', '.', 'at', 'least', 'amazon', 'makes', 'the', 'process', 'easy', '.', 'thanks', 'again', 'htc', 'for', 'making', 'it', 'difficult', 'to', 'own', 'your', 'phone', '.', 'update', ':', 'the', 'replacement', 'phone', 'had', 'same', 'yellowing', 'on', 'screen', 'by', 'navigation', 'bar', '.', 'however', 'this', 'screen', 'also', 'has', 'a', 'faint', 'blue', 'spot', 'about', 'the', 'size', 'of', 'a', 'small', 'fingertip', 'near', 'top', 'right', 'corner', '.', 'screen', 'also', 'did', 'not', 'get', 'as', 'bright', 'as', 'the', 'last', 'defective', 'one', '.', 'seems', 'a', 'lot', 'of', 'other', 'people', 'are', 'having', 'yellowing', 'issues', 'with', 'their', 'screens', 'as', 'well', 'when', 'i', 'investigated', 'online', '.'],
[],
['the', 'u12+', 'beautiful', 'phone', 'that', 'is', 'very', 'practical', '.', 'i', 'was', 'surprised', ',', 'though', 'the', 'screen', 'is', 'bigger', 'than', 'the', 'u11', 'is', ',', 'there', 'body', 'of', 'the', 'phone', 'is', 'a', 'little', 'thinner', 'and', 'more', 'comfortable', 'to', 'hold', '.', 'i', 'found', 'my', 'favor', 'for', 'htc', 'after', 'owning', 'an', 'm8', 'for', 'two', 'years', ',', 'and', 'enjoying', 'the', 'outstanding', 'boom-sound', 'speakers', 'it', 'had', 'to', 'offer', ',', 'and', 'then', 'i', 'made', 'a', 'terrible', 'mistake', 'and', 'upgraded', 'to', 'a', 'samsung', 's7', '.', 'i', 'found', 'favor', 'with', 'htc', 'phones', 'because', 'they', 'do', 'not', 'put', 'debilitating', 'bloatware', 'on', 'your', 'phone', ',', 'the', 'ui', 'is', 'clean', 'and', 'unobtrusive', '(', 'change', 'what', 'you', 'want', ')', ',', 'and', 'build', 'quality', 'is', 'superb', '.', 'i', 'especially', 'have', 'grown', 'to', 'appreciate', 'the', '3d', 'sound', 'feature', ',', 'with', 'the', 'array', 'of', 'microphones', 'all', 'over', 'their', 'phones', '.', 'as', 'someone', 'who', 'spends', 'a', 'lot', 'of', 'time', 'teaching', 'music', 'and', 'working', 'with', 'a', 'lot', 'of', 'pro', 'live', 'sound', 'equipment', ',', 'i', 'have', 'found', 'this', 'feature', 'far', 'superior', 'to', 'the', 'mics', 'on', 'other', 'phones', '.', 'htc', 'has', 'definitely', 'taken', 'some', 'risks', 'that', 'made', 'their', 'phones', 'unique', '.', 'the', 'screen', 'is', 'lcd', 'and', 'not', 'amoled', ',', 'but', 'to', 'my', 'eyes', 'i', 'do', 'not', 'notice', 'a', 'difference', '.', 'the', 'screen', 'is', 'beautiful', 'and', 'very', 'sharp', ',', 'a', 'noticeable', 'improvement', 'over', 'the', 'u11', '.', 'the', 'rest', 'of', 'the', 'phone', 'is', 'made', 'of', 'glass', '.', 'i', 'was', 'a', 'bit', 'swayed', 'when', 'i', 'first', 'looked', 'at', 'the', 'u11', ',', 'but', 'it', 'is', 'surprisingly', 'durable', '.', 'truth', 'is', ',', 'most', 'people', 'would', 'most', 'likely', 'use', 'a', 'protective', 'case', 'anyway', ',', 'i', 'chose', 'the', 'spigen', 'liquid', 'crystal', 'case', 'for', 'the', 'u11', ',', 'and', 'it', 'took', 'a', 'quite', 'beating', 'with', 'no', 'damage', 'whatsoever', '.', 'edge', 'sense', 'is', 'awesome', '.', 'i', 'had', 'the', 'short', 'squeeze', 'programmed', 'to', 'turn', 'on', 'the', 'camera', ',', 'and', 'the', 'long', 'squeeze', 'set', 'to', 'turn', 'on', 'a', 'flashlight', ',', 'which', 'i', 'use', 'frequently', '.', 'it', 'is', 'nice', 'to', 'have', 'both', 'these', 'functions', 'readily', 'available', 'without', 'having', 'to', 'search', 'through', 'the', 'ui', '.', 'sadly', 'double', 'tap', 'is', 'very', 'difficult', 'to', 'trigger', 'without', 'the', 'liquid', 'crystal', 'case', ',', 'and', 'impossible', 'with', 'it', 'on', '.', 'the', 'buttons', 'really', 'are', 'not', 'bad', ',', 'since', 'the', 'phone', 'updated', '.', 'the', 'power', 'and', 'volume', 'buttons', 'are', 'not', 'really', 'physical', 'buttons', ',', 'bit', 'rather', 'pressure-sensitive', 'nubs', 'that', 'respond', 'with', 'haptic', 'feedback', '.', 'the', 'power', 'button', 'actually', 'responds', 'better', 'than', 'it', 'would', 'with', 'a', 'physical', 'button', '.', 'the', 'volume', 'buttons', 'take', 'a', 'little', 'more', 'getting', 'used', 'to', ',', 'and', 'i', 'am', 'still', 'getting', 'used', 'to', 'them', ',', 'but', 'they', 'are', 'very', 'responsive', 'and', 'have', 'given', 'me', 'no', 'lag', '.', 'battery', 'life', 'was', 'really', 'heavily', 'criticized', 'by', 'the', 'pro', 'reviews', '.', 'i', 'spent', 'a', 'lot', 'of', 'time', 'with', 'it', 'my', 'first', '2', 'days', 'just', 'setting', 'things', 'up', 'with', 'the', 'screen', 'working', 'heavily', ',', 'and', 'the', 'lowest', 'it', 'got', 'was', '32', '%', '.', 'normal', 'use', ',', 'i', 'ended', 'my', 'day', 'at', 'about', '50', '%', '.', 'this', 'phone', 'is', 'totally', 'for', 'tech', 'heads', '.', 'you', 'will', 'like', 'this', 'phone', 'if', 'you', 'like', 'having', 'total', 'control', 'over', 'your', 'device', ',', 'and', 'not', 'having', 'bloatware', 'designed', 'to', 'nickel', 'and', 'dime', 'you', 'after', 'you', 'already', 'shelled', 'our', '$', '$', '$', 'for', 'a', 'phone', '.', 'the', 'speakers', 'are', 'great', '.', 'they', 'are', 'a', 'little', 'lacking', 'in', 'bass', ',', 'but', 'a', 'nice', 'improvement', 'over', 'the', 'u11', ',', 'and', 'on', 'par', 'with', 'the', 'speakers', 'of', 'the', 's9', 'plus', '.', 'the', 'usonic', 'headphones', 'are', 'phenomenal', '.', 'you', 'can', 'mow', 'your', 'lawn', 'and', 'tune', 'out', 'the', 'world', '.', 'just', 'expect', 'to', 'not', 'notice', 'when', 'someone', 'is', 'screaming', 'at', 'you', '.', 'so', 'far', 'this', 'phone', 'is', 'extremely', 'intuitive', 'and', 'i', 'feel', 'like', 'it', 'gets', 'me', '.', 'my', 'advice', 'if', 'you', 'go', 'with', 'this', 'phone', ':', 'the', 'u12+', 'will', 'not', 'work', 'with', 'sprint', '.', 'if', 'you', 'use', 'at', '&', 't', 'give', 'your', 'phone', 'to', 'a', 'tech', 'in', 'a', 'brick', 'and', 'mortar', 'store', '.', 'make', 'sure', 'to', 'tell', 'them', 'it', 'is', 'a', 'factory', 'unlocked', 'phone', '.', 'so', 'far', ',', 'volte', 'works', 'fine', ',', 'but', 'no', 'wi-fi', 'calling', '.', 'i', 'have', 'heard', 'contacting', 'tier', '2', 'tech', 'support', 'will', 'hook', 'everything', 'up', 'fine', '.', 'spigen', 'liquid', 'crystal', 'case', 'protects', 'it', 'and', 'shows', 'off', 'its', 'unique', 'appearance', '.', 'this', 'is', 'the', 'best', 'case', 'you', 'can', 'get', 'for', 'it', ',', 'buttons', 'will', 'work', 'perfectly', ',', 'but', 'the', 'double', 'tap', 'does', 'not', '(', 'the', 'shock', 'protection', 'of', 'the', 'case', 'works', 'a', 'little', 'too', 'well', ')', '.'],
['ok', 'some', 'people', 'have', 'problem', 'buy', 'cell', 'phone', 'the', 'only', 'thing', 'i', 'have', 'to', 'say', 'is', 'buy', 'it', 'from', 'the', 'real', 'amazon', 'corporation', 'not', 'from', 'salers', 'their', 'stuff', 'is', 'like', 'they', 'purchased', 'from', 'other', 'contries', 'they', 'do', ' not', 'work', 'properly', 'sometimes', '...'],
['el', 'dispositivo', 'me', 'eta', 'fallando', 'y', 'se', 'reinicia', 'de', 'forma', 'inesperada', ',', 'y', 'las', 'aplicaciones', 'se', 'reinician', 'una', 'a', 'una', 'hasta', 'el', 'total', 'reinicio', '.'],
['the', 'buttons', ',', 'why', 'htc', ',', 'you', 'could', 'of', 'done', 'so', 'much', 'better', ',', 'these', 'pressure', 'sense', '2', 'buttons', 'ruin', 'any', 'chance', 'of', 'a', 'case', 'working', 'well', '.', 'first', 'it', 'wants', 'to', 'feel', 'you', 'holding', 'the', 'phone', 'in', 'portrait', ',', 'and', 'until', 'you', 'squeeze', 'the', 'phone', 'and', 'the', 'volume', 'button', 'at', 'the', 'same', 'time', 'it', 'will', 'not', 'change', 'the', 'volume', '.', 'the', 'should', 'come', 'up', 'with', 'a', 'better', 'way', 'to', 'control', 'volume', ',', 'with', 'a', 'case', 'it', 'will', 'be', 'impossible', 'half', 'of', 'the', 'time', 'leaving', 'you', 'in', 'akward', 'situation', 'where', 'you', 'blast', 'someone', 'is', 'eardrums', 'out', 'cause', 'the', 'music', 'plays', 'at', 'level', '100.', 'the', 'only', 'good', 'part', 'is', 'the', 'camera', 'and', 'speakers', '.', 'the', 'phone', 'is', 'thick', ',', 'and', 'that', 'is', 'good', '.', 'phones', 'need', 'to', 'be', 'body', 'positive', ',', 'why', 'do', 'we', 'even', 'like', 'thin', 'tiny', 'battery', 'phones', '.', 'the', 'battery', 'like', 'is', ',', 'eh', ',', 'ok.', 'the', 'u11', 'had', 'amazing', 'battery', 'and', 'i', 'was', 'hopping', 'this', 'would', 'carry', 'over', 'but', 'it', 'just', 'has', 'an', 'average', 'battery', 'life', '.', 'the', 'screens', 'not', 'that', 'bright', '.', 'the', 'selfie', 'camera', 'is', 'trash', '50', '%', 'of', 'the', 'time', ',', 'either', 'failing', 'to', 'capture', 'a', 'sharp', 'image', ',', 'or', 'perfecting', 'bolkeh', '.', 'it', 'is', 'simply', 'a', 'bland', 'phone', ',', 'in', 'a', 'case', '.', 'whip', 'it', 'out', 'of', 'your', 'protective', 'case', 'and', 'gamble', 'your', '800', 'phone', ',', 'and', 'you', 'will', 'be', 'amazed', 'by', 'the', 'slim', 'nice', 'weight', 'with', 'transparent', 'glass', 'and', 'unique', 'buttons', '.'],
['ok', 'let', 'is', 'me', 'get', 'these', 'out', 'there', 'these', 'phone', 'is', 'good', 'i', 'like', 'to', 'be', 'the', 'outcast', 'in', 'the', 'crowd', 'the', 'has', 'a', 'different', 'phone', 'from', 'the', 'samsung', 'and', 'apples', 'lol', 'do', 'not', 'get', 'me', 'wrong', 'i', 'love', 'the', 'way', 'it', 'looks', 'the', '6', "''", 'lcd', 'display', 'the', 'snapdragon', '845', 'makes', 'these', 'fast', 'but', 'the', 'only', 'thing', 'i', 'hate', 'is', 'that', 'one', 'of', 'my', 'buttons', 'idk', 'if', 'just', 'my', 'device', 'but', 'the', 'volume', 'down', 'is', 'more', 'sensitive', 'and', 'the', 'volume', 'up', 'i', 'have', 'to', 'put', 'a', 'little', 'more', 'force', 'on', 'it', 'and', 'with', 'a', 'case', 'on', 'some', 'times', 'i', 'get', 'ghost', 'touch', 'and', 'even', 'after', 'the', 'update', 'it', 'kinda', 'stayed', 'the', 'same', 'for', 'my', 'device'],
['this', 'phone', 'has', 'been', 'great', '.', 'i', 'was', 'weary', 'initially', 'because', 'online', 'reviews', 'for', 'this', 'device', 'were', 'so', 'overwhelmingly', 'negative', 'but', 'after', '2', 'weeks', 'of', 'use', 'i', 'really', 'do', 'not', 'understand', 'the', 'negativity', '.', 'i', 'bought', '2', 'of', 'these', ',', 'one', 'for', 'my', 'wife', 'and', 'for', 'myself', 'and', 'both', 'have', 'been', 'great', '.', 'we', 'usually', 'see', 'at', 'least', '6', 'hours', 'of', 'screen', 'on', 'time', 'and', 'about', '2', 'days', 'between', 'charges', '.', 'occasionally', ',', 'the', 'pressure', 'sensitive', '``', 'buttons', "''", 'do', 'not', 'seem', 'to', 'respond', 'the', 'way', 'i', 'want', 'but', 'its', 'not', 'that', 'bad', ',', 'they', 'start', 'working', 'after', 'a', 'second', 'or', 'two', 'and', 'i', 'do', 'not', 'use', 'them', 'often', '.', 'you', 'can', 'unlock', 'the', 'phone', 'with', 'a', 'fingerprint', 'and', 'htc', 'included', 'an', 'on', 'screen', '``', 'screen', 'off', "''", 'button', 'so', 'you', 'do', 'not', 'ever', 'have', 'to', 'press', 'the', 'power', 'button', 'anyway', '.'],
['amazing', 'phone', ',', 'amazing', 'camera', '.', 'do', 'not', 'listen', 'to', 'all', 'the', 'bad', 'reviews', 'that', 'only', 'gave', 'this', 'phone', '2', 'seconds', '.'],
['had', 'the', 'phone', 'for', 'a', 'week', ',', 'and', 'i', 'can', 'safely', 'assure', 'that', 'the', 'u12+', 'is', 'a', 'killer', 'smartphone', ',', 'definitely', 'worth', 'the', 'purchase', ':', '-', '``', 'buttons', "''", 'are', 'just', 'fine', 'guys', '!', 'feels', 'like', 'the', 'overblown', 'reviews', 'on', 'them', 'are', 'just', 'that', '(', 'or', 'htc', 'updated', 'them', ')', ';', 'either', 'way', ',', 'buttons', 'and', 'htc', 'sense', 'work', 'perfectly', 'fine', ':', '-', ')', '-', 'software', 'has', 'no', 'lag', 'whatsoever', '-', 'the', 'build', 'quality', ',', 'beside', 'beautiful', ',', 'is', 'tremendous', 'and', 'tough', '-', 'i', 'have', 'rocked', 'this', '(', 'and', 'dropped', ')', 'without', 'a', 'case', ',', 'and', 'still', 'no', 'scratches', 'if', 'you', 'can', 'shell', 'out', 'for', 'this', 'phone', ',', 'do', 'it', '.', 'no', 'regrets', 'on', 'my', 'end', '.', ':', '-', ')'],
['the', 'phone', 'is', 'a', 'good', 'phone', 'except', 'the', 'glass', '.', 'glass', 'scratched', 'within', '36', 'days', 'of', 'owning', 'just', 'by', 'picking', 'up', 'off', 'table', '.', 'called', 'customer', 'support', 'and', 'even', 'though', 'only', '6', 'days', 'after', 'warranty', 'they', 'were', 'not', 'willing', 'to', 'help', '.', 'they', 'only', 'would', 'do', 'repairs', 'and', 'do', 'not', 'even', 'cover', 'the', 'cost', 'of', 'sending', 'in', 'the', 'phone', '.', 'i', 'have', 'owned', 'their', 'phones', 'for', 'years', 'and', 'put', 'through', 'hell', 'in', 'the', 'military', 'and', 'never', 'had', 'an', 'issue', ',', 'now', 'new', 'phone', 'quality', 'has', 'gone', 'down', 'hill', 'along', 'with', 'their', 'support', 'for', 'customers', '.', 'probably', 'why', 'they', 'do', 'not', 'sell', 'them', 'anymore', 'in', 'the', 'us', 'and', 'have', 'to', 'buy', 'directly', 'through', 'website', 'or', 'amazon', '.', 'went', 'through', '3', 'customers', 'support', 'people', 'and', 'yet', 'nothing', 'was', 'resolved', 'and', 'tried', 'to', 'blame', 'me', 'for', 'phone', 'issues', '.', 'will', 'never', 'be', 'going', 'through', 'them', 'ever', 'again', 'when', 'this', 'phone', 'is', 'done', '.', 'they', 'had', 'great', 'phones', 'in', 'the', 'past', 'but', 'seems', 'they', 'do', 'not', 'care', 'about', 'them', 'or', 'customers', 'anymore', '.'],
['this', 'phone', 'is', 'beautiful', '.', 'super', 'fast', '.', 'easy', 'to', 'use', '.', 'great', 'camera', '.', 'and', 'the', 'edge', 'sense', 'is', 'so', 'cool', '!'],
['the', 'phone', 'ordered', 'through', 'amazon', 'came', 'with', 'the', 'phone', ',', 'wall', 'port', 'for', 'charger', ',', 'charging', 'cord', ',', 'headphones', ',', 'replaceable', 'ear', 'buds', 'and', 'a', 'cheap', 'plastic', 'case', '.', 'this', 'is', 'just', 'for', 'those', 'who', 'had', 'concerns', 'on', 'what', 'came', 'in', 'the', 'box', '.'],
['welcome', 'back', 'htc', '.', 'solid', 'device', 'if', 'you', 'are', 'looking', 'for', 'an', 'upgrade', 'or', 'near', 'future', '.', 'pro', '-', 'the', 'phone', 'design', 'screen', 'size', 'camera', 'sd', 'card', 'supported', 't-mobile', 'customer', 'will', 'get', 'volte', 'and', 'wifi', 'calling', '.'],
['i', 'probably', 'just', 'received', 'a', 'bad', 'device', 'before', 'my', 'new', 'replacement', 'is', 'amazing', '.', 'takes', 'amazing', 'photos', 'and', 'videos', 'speedy', 'fast', 'processing', 'of', 'everything', 'the', 'edge', 'sense', 'is', 'so', 'far', 'my', 'favorite', 'part', 'of', 'the', 'whole', 'phone', 'and', 'the', 'buttons', 'are', 'great', '.', 'the', 'screen', 'itself', 'is', 'out-of-this-world', 'amazing', 'overall', 'htc', 'is', 'it', 'winter', 'with', 'this', 'one', 'very', 'innovative', 'can', 'not', 'really', 'listen', '2', 'the', 'youtubers', 'professionally', 'paid', 'to', 'bash', 'htc', '.', 'jerry', 'riggs', 'everything', 'mkbhd', 'your', 'average', 'consumer', 'and', 'unbox', 'theory', 'all', 'these', 'guys', 'are', 'super', 'rich', 'paid', 'by', 'samsung', 'and', 'iphone', 'to', 'keep', 'the', 'competition', 'down', '.', 'the', 'htc', 'company', 'in', 'general', 'is', 'awesome', 'their', 'attempts', 'to', 'be', 'innovative', 'has', 'shown', 'through', 'and', 'through', 'it', 'is', 'hard', 'to', 'go', 'against', 'super', 'rich', 'mega', 'companies', 'when', 'they', 'pay', 'tobash', 'the', 'htc', 'name', '.', 'keep', 'on', 'going', 'htc', 'great', 'job', 'on', 'the', 'u12'],
['i', 'had', 'pre', 'ordered', 'it', 'from', 'htc', 'which', 'they', 'messed', 'up', 'my', 'order', 'so', 'got', 'it', 'from', 'amazon', 'which', 'is', 'the', 'best', 'anyway', 'as', 'amazon', 'delivers', 'fast', 'but', 'once', 'i', 'got', 'it', 'the', 'first', 'day', 'was', 'fine', 'next', 'day', 'my', 'screen', 'would', 'go', 'from', 'a', 'white', 'background', 'to', 'a', 'black', 'grey', 'background', 'like', 'in', 'the', 'messaging', 'app', 'and', 'others', 'i', 'did', '2', 'factory', 'resets', 'and', 'nothing', 'would', 'help', 'it', 'after', '3', 'calls', 'to', 'htc', 'and', 'no', 'help', 'i', 'returned', 'the', 'device', 'a', 'friend', 'of', 'mine', 'with', 'the', 'same', 'issues', 'also', 'terrible', 'job', 'htc'],
['i', 'just', 'upgraded', 'to', 'the', 'u12+', 'from', 'an', 'htc', 'one', 'm8', 'and', 'love', 'the', 'phone', '.', 'i', 'deducted', '1', 'star', 'because', 'i', 'am', 'still', 'undecided', 'on', 'the', 'whole', 'lack', 'of', 'physical', 'buttons', '.', 'i', 'have', 'had', 'it', 'less', 'than', 'a', 'week', 'and', 'getting', 'more', 'accustomed', 'to', 'the', 'whole', 'htc', 'edge', 'sense', 'and', 'how', 'it', 'reacts', '.', 'once', 'i', 'am', 'used', 'to', 'sense', 'and', 'the', 'digital', 'buttons', ',', 'maybe', 'i', 'will', 'give', 'it', '5', 'stars', '.', 'the', 'phone', 'is', 'lightning', 'fast', 'compared', 'to', 'my', 'old', 'phone', ',', 'charges', 'faster', ',', 'battery', 'lasts', 'longer', ',', 'takes', 'fantastic', 'pictures', ',', 'etc', '.', 'i', 'have', 'been', 'using', 'htc', 'phones', 'since', 'the', 'evo', 'and', 'hope', 'they', 'keep', 'making', 'phones', 'as', 'i', 'am', 'not', 'a', 'fan', 'of', 'samsung', '.'],
['i', 'have', 'been', 'an', 'htc', 'fan', 'since', 'the', 'launch', 'of', 'the', 'evo', '4g', 'when', 'sprint', 'launched', 'it', 'is', "'4g", "'", 'network', 'aka', 'wimax', '.', 'i', 'have', 'owned', 'that', ',', 'the', 'evo', '3d', ',', 'evo', '4g', 'lte', ',', 'the', 'shift', '(', 'for', 'my', 'wife', ')', ',', 'the', 'm7', ',', 'm8', '(', 'truly', 'groundbreaking', 'phone', ')', ',', 'm9', '(', 'nothing', 'more', 'to', 'add', 'there', ')', ',', 'the', 'htc', '10', '(', 'again', 'absolutely', 'amazing', ')', ',', 'u11', '(', 'unfortunately', 'many', 'hours', 'on', 'the', 'phone', 'with', 'htc', 'support', ')', ',', 'and', 'finally', 'the', 'u12+', '(', 'real', 'shame', 'that', 'the', 'u11+', 'never', 'made', 'it', 'stateside', ')', '.', 'i', 'must', 'say', 'that', 'i', 'finally', 'feel', 'the', 'excitement', ',', 'build', 'quality', ',', 'and', 'look', 'my', 'phone', 'is', 'translucent', 'blue', 'that', 'is', 'been', 'missing', 'since', 'the', '10.', 'the', 'snapdragon', '845', 'is', 'blazingly', 'fast', ',', 'super', 'lcd', 'is', 'crisp', 'vivid', ',', 'and', 'i', 'have', 'never', 'found', 'a', 'better', 'overlay', 'than', 'htc', 'is', 'sense', '(', 'wife', 'has', 'an', 's8+', 'and', 'i', 'am', 'lost', 'trying', 'to', 'navigate', 'through', 'it', ')', '.', 'bottom', 'line', 'is', 'that', 'this', 'phone', 'is', 'superb', 'and', 'will', 'go', 'head', 'to', 'head', 'with', 'the', 's9+', ',', 'xperia', ',', 'g7', ',', 'whatever', 'and', 'come', 'out', 'on', 'top', '.', 'as', 'far', 'as', 'htc', 'is', 'smartphone', 'future', 'is', 'concerned', 'after', 'selling', 'to', 'google', ',', 'we', 'will', 'have', 'to', 'wait', 'and', 'see', 'however', 'if', 'this', 'is', 'the', 'pinnacle', 'of', 'their', 'smartphone', 'business', 'then', 'my', 'hat', 'is', 'off', 'to', 'them', 'for', 'going', 'out', 'with', 'a', 'big', 'old', 'bang', '!', 'cons', ':', '1.', 'the', 'included', 'case', 'is', ',', 'for', 'all', 'intents', 'and', 'purposes', 'garbage', 'so', 'do', 'yourself', 'a', 'favor', 'and', 'buy', 'an', 'upgraded', 'one', '.', 'i', 'am', 'very', 'partial', 'to', 'the', 'spigen', 'liquid', 'crystal', 'which', 'has', 'an', 'amazingly', 'low', 'price', 'for', 'the', 'protection', 'but', 'almost', 'any', 'other', 'case', 'will', 'do', '.', '2.', 'this', 'phone', 'is', 'so', 'slippery', 'that', 'holding', 'it', 'or', 'cradling', 'it', 'is', 'like', 'trying', 'to', 'run', 'across', 'a', 'bowl', 'full', 'of', 'vegetable', 'oil', 'and', 'ball', 'bearings', 'so', 'get', 'a', 'case', 'or', 'be', 'extremely', 'careful', '!', 'welcome', 'back', 'htc', 'and', 'please', 'do', 'your', 'best', 'to', 'stay', 'in', 'the', 'smartphone', 'business', '!', '***september', '8th', 'update***', 'well', 'here', 'i', 'am', 'nearly', '2.5', 'months', 'later', 'and', 'my', 'opinion', 'has', 'not', 'changed', '.', 'even', 'though', 'the', 'glass', 'is', 'corning', 'gorilla', 'glass', '3', 'as', 'opposed', 'to', 'the', 'latest', 'gorilla', 'glass', '5', ',', '3', 'is', 'more', 'scratch', 'resistant', 'than', '5', 'while', '5', 'is', 'more', 'shatterproof', '.', 'i', 'have', 'yet', '(', 'knock', 'on', 'wood', ')', 'to', 'find', 'a', 'single', 'scratch', 'on', 'my', 'screen', 'and', 'as', 'stated', 'before', ',', 'mine', 'sports', 'the', 'spigen', 'liquid', 'crystal', 'case', '.', 'my', 'phone', 'lives', 'in', 'my', 'pocket', 'for', 'most', 'of', 'the', 'time', 'and', 'from', 'what', 'i', 'have', 'researched', ',', 'the', 'gorilla', 'glass', '3', 'truly', 'is', 'the', 'reason', 'that', 'i', 'have', 'yet', 'to', 'find', 'a', 'scratch', 'so', 'for', 'those', 'of', 'you', 'who', 'know', 'how', 'unsightly', ',', 'annoying', ',', 'and', 'dissapointing', 'a', 'scratch', 'can', 'be', 'on', 'your', 'screen', '...', 'there', 'was', 'an', 'engineering', 'reason', 'behind', 'this', 'choice', 'as', 'opposed', 'to', 'cost', 'savings', '.', 'i', 'have', 'also', 'dropped', 'it', 'several', 'times', 'by', 'mistake', 'of', 'course', '(', 'usually', 'getting', 'out', 'of', 'the', 'car', 'and', 'i', 'forget', 'that', 'it', 'is', 'on', 'my', 'lap', ')', 'and', 'thankfully', 'there', 'is', 'zero', 'shattering', 'of', 'any', 'kind', 'and', 'mind', 'you', 'that', 'is', 'landing', 'on', 'concrete', 'and', 'asphalt', '.', 'to', 'sum', 'it', 'all', 'up', ',', 'i', 'am', 'just', 'as', 'pleased', 'now', 'as', 'i', 'was', 'the', 'day', 'it', 'arrived', 'and', 'my', 'hat', 'üé©', 'continues', 'to', 'remain', 'off', 'to', 'htc', 'for', 'an', 'excellent', 'phone', 'despite', 'near', 'dire', 'financial', 'straits', '.', 'rumors', 'are', 'beginning', 'to', 'surface', 'of', 'the', 'u13/u13+', 'so', 'here', 'is', 'to', 'hoping', 'that', 'they', 'are', 'true', 'and', 'that', 'a', 'year', 'or', 'less', 'from', 'now', 'i', 'will', 'be', 'clutching', 'one', '!'],
['this', 'phone', 'is', 'amazing', ',', 'i', 'pre-order', 'it', 'from', 'htc.com', 'and', 'i', 'have', 'it', 'for', '3', 'weeks', 'now', ',', 'fast', ',', 'great', 'build', 'quality', ',', 'charger', 'crazy', 'fast', 'and', 'only', 'have', 'to', 'charge', 'the', 'phone', 'once', 'a', 'day', ',', 'and', 'sometimes', 'twice', 'because', 'of', 'playing', 'games', '.', 'which', 'runs', 'perfects', 'in', 'the', 'phone', '.', 'loving', 'pubg', 'more', 'than', 'ever', '.'],
['well', ',', 'i', 'switched', 'chip', 'from', 'my', 'old', 'phone', 'to', 'this', 'phone', 'and', 'the', 'calls', 'worked', 'great', '.', 'unfortunately', ',', 'the', 'texting', 'part', 'did', 'not', 'work', ',', ':', '-', '(', '.', 'i', 'liked', 'the', 'phone', 'and', 'the', 'squeeze', 'function', ',', 'and', 'the', 'camera', 'is', 'great', '.', 'the', 'squeeze', 'function', 'was', 'inhibited', 'by', 'the', 'cover', 'i', 'bought', ',', 'but', 'maybe', 'that', 'more', 'the', 'cover', 'than', 'the', 'phone', '.', 'if', 'it', 'were', 'not', 'for', 'the', 'texting', 'part', ',', 'more', 'crucial', 'than', 'calling', 'these', 'days', ',', 'i', 'would', 'have', 'kept', 'the', 'phone', '.', 'i', 'returned', 'it', 'because', 'i', 'could', 'not', 'get', 'texts', '.'],
['this', 'phone', 'is', 'simply', 'beautiful', ',', 'smooth', 'and', 'takes', 'good', 'pictures', '.', 'functions', 'well', 'as', 'a', 'phone', 'with', 'good', 'phone', 'calls', '.', 'the', 'buttons', '...', 'it', 'is', 'not', 'as', 'bad', 'as', 'what', 'reviewers', 'said', ',', 'but', 'admittedly', 'i', 'would', 'prefer', 'normal', 'buttons', '.', 'that', 'being', 'said', ',', 'it', 'is', 'not', 'a', 'deal', 'breaker', 'in', 'this', 'case', '.', 'recommended', '!'],
['this', 'phone', 'is', 'very', 'fast', '.', 'compared', 'to', 'my', 'lg', 'g6', 'my', 'brother', 'and', 'my', 'mom', 'have', 'the', 'note', '8', 'and', 'they', 'are', 'really', 'impressed', 'by', 'how', 'myth', 'phone', 'looks', 'videos', 'are', 'super', '!', 'games', 'play', 'is', 'so', 'nice', '!', 'i', 'get', 'so', 'many', 'compliments', 'on', 'my', 'phone', '.', 'picture', 'quality', 'is', 'better', 'than', 'the', 'i', 'phone', 'x', '.', '(', 'which', 'is', 'what', 'my', 'wife', 'has', ')', 'the', 'edge', 'sense', 'is', 'not', 'complicated', 'nor', 'glitchy', '?', 'you', 'know', 'what', 'is', 'nice', 'when', 'i', 'am', 'texting', 'and', 'i', 'can', 'shrink', 'the', 'screen', 'smaller', 'so', 'i', 'do', 'not', 'have', 'to', 'stretch', 'my', 'thumb', '.', 'if', 'any', 'one', 'is', 'thinking', 'about', 'buying', 'this', 'phone', 'i', 'promise', 'you', 'will', 'not', 'be', 'disappointed', '.', 'it', 'was', 'hard', 'to', 'just', 'spend', 'the', 'money', 'but', 'when', 'you', 'look', 'at', 'youtube', 'videos', 'that', 'are', 'not', 'biased', 'on', 'samsung', 'phones', 'you', 'will', 'see', 'that', 'they', 'are', 'impressively', 'fast', '.'],
['i', 'was', 'looking', 'for', 'something', 'that', 'was', 'high', 'performance', ',', 'but', 'did', 'not', 'have', 'a', 'notch', 'or', 'a', 'hole', 'in', 'the', 'screen', '.', 'i', 'loved', 'my', 'u11', ',', 'but', 'my', 'wife', 'wanted', 'it', ',', 'and', 'she', 'suggested', 'i', 'upgrade', 'to', 'the', 'u12', 'plus', 'and', 'give', 'her', 'my', 'beloved', 'u11', '.', 'fortunately', ',', 'the', 'u12', 'turned', 'out', 'to', 'be', 'a', 'real', 'beast', ',', 'and', 'the', 'haptic', 'buttons', 'have', 'become', 'a', 'feature', 'i', 'like', '.', 'the', 'camera', 'can', 'go', 'toe-to-toe', 'with', 'the', 'google', 'pixel', 'in', 'everything', 'but', 'night', 'sight', ',', 'but', 'it', 'also', 'has', 'the', 'telephoto', 'camera', 'which', 'makes', 'a', 'big', 'difference', 'for', 'someone', 'who', 'admires', 'architecture', '.', 'the', 'primary', 'camera', 'is', 'wide', 'angle', ',', 'but', 'not', 'super', 'wide', '.', 'the', 'screen', 'is', 'more', 'beautiful', 'than', 'an', 'lcd', 'has', 'a', 'right', 'to', 'be', ',', 'and', 'is', 'just', 'as', 'vibrant', 'as', 'the', 'note', '8', 'i', 'use', 'at', 'work', '.', 'for', 'some', 'reason', ',', 'my', 'eyes', 'do', 'not', 'get', 'as', 'tired', 'with', 'this', 'phone', ',', 'and', 'a', 'friend', 'and', 'i', 'watched', 'an', 'entire', 'movie', 'on', 'it', 'because', 'it', 'looked', 'so', 'good', 'and', 'the', 'sound', 'was', 'so', 'immersive', '.', 'no', 'distracting', 'hole', 'or', 'notch', 'either', '.', 'it', 'sounded', 'better', 'than', 'my', '4', 'inch', 'stereo', 'speakers', 'on', 'my', 'desktop', 'computer', ',', 'and', 'we', 'could', 'still', 'see', 'when', 'we', 'were', 'done', ';', ')', 'headphone', 'audio', 'with', 'the', 'included', 'earbuds', 'is', 'mindblowing', '.', 'i', 'do', 'not', 'take', 'that', 'statement', 'lightly', ',', 'as', 'i', 'am', 'a', 'professional', 'studio', 'recording', 'engineer', 'with', '20+', 'years', 'experience', '.', 'i', 'first', 'experienced', 'htc', 'is', 'usonic', 'audio', 'on', 'the', 'u11', ',', 'and', 'it', 'took', 'two', 'weeks', 'just', 'to', 'wrap', 'my', 'brain', 'around', 'the', 'spatial', 'imaging', ',', 'openness', ',', 'clarity', ',', 'and', 'bass', 'extension', '.', 'the', 'noise', 'cancellation', 'works', 'well', 'at', 'reducing', 'engine', 'noise', 'and', 'hum', ',', 'and', 'these', 'things', 'actually', 'scan', 'your', 'ears', 'to', 'optimize', 'the', 'sound', '.', 'i', 'know', 'first', 'had', 'what', 'it', 'sounds', 'like', 'to', 'stand', 'in', 'a', 'commercial', 'studio', 'control', 'room', 'during', 'a', 'live', 'mixdown', 'session', ',', 'hearing', 'the', 'music', 'in', 'its', 'original', 'form', ',', 'and', 'htc', 'usonic', 'is', 'the', 'only', 'technology', 'that', 'comes', 'close', 'to', 'that', 'experience', '.', 'performance', 'wise', ',', 'it', 'handles', 'everything', 'with', 'ease', ',', 'including', 'heavy', 'gaming', '.', 'matter', 'of', 'fact', ',', 'it', 'runs', 'the', 'game', 'ark', ':', 'survival', 'evolution', 'fine', ',', 'while', 'the', 'new', 'galaxy', 's10', 'struggles', 'with', 'it', '.', 'battery', 'life', 'is', 'something', 'that', 'is', 'not', 'great', 'out', 'of', 'the', 'box', ',', 'and', 'that', 'is', 'because', 'the', 'u12', 'learns', 'your', 'usage', 'patterns', 'and', 'optimizes', 'battery', 'usage', 'accordingly', '.', 'give', 'it', 'two', 'weeks', 'to', 'learn', ',', 'and', 'the', 'battery', 'life', 'will', 'be', 'better', 'than', 'phones', 'which', 'are', 'said', 'to', 'have', 'very', 'good', 'battery', 'life', '.', 'when', 'you', 'do', 'need', 'to', 'charge', ',', 'it', 'has', 'quick', 'charge', '3.0', 'in', 'the', 'box', ',', 'and', 'the', 'phone', 'is', 'equipped', 'for', 'quick', 'charge', '4.0+', '.', 'i', 'get', 'an', 'initial', 'charge', 'of', '2', '%', 'every', '60', 'seconds', '.', 'the', 'phone', 'has', 'power', 'save', 'and', 'extreme', 'power', 'save', 'modes', ',', 'but', 'i', 'have', 'never', 'had', 'to', 'use', 'them', '.', 'ever', '.', 'as', 'far', 'as', 'feel', 'is', 'concerned', ',', 'i', 'learned', 'to', 'appreciate', 'quality', 'over', 'the', 'years', ',', 'and', 'the', 'u12', 'plus', 'feels', 'like', 'it', 'was', 'carved', 'out', 'of', 'emerald', 'and', 'then', 'polished', '.', 'very', 'dense', ',', 'refined', ',', 'and', 'jewel-like', '.', 'that', 'is', 'not', 'to', 'say', 'it', 'is', 'not', 'tough', '.', 'i', 'fell', 'on', 'it', 'hard', 'last', 'week', ',', 'and', 'the', 'impact', 'left', 'a', 'phone-shaped', 'bruise', 'on', 'my', 'leg', ',', 'but', 'the', 'phone', 'was', 'fine', '.', 'we', 'also', 'own', 'the', 'iphone', '8', 'plus', 'and', 'xs', 'max', ',', 'and', 'the', 'u12', 'makes', 'them', 'feel', 'like', 'lower', 'grade', 'devices', 'in', 'comparison', '.'],
['i', 'bought', 'this', 'on', 'the', 'htc', 'website', 'and', 'this', 'phone', 'is', 'not', 'nearly', 'as', 'bad', 'as', 'reviewers', 'are', 'saying', 'on', 'videos', 'and', 'other', 'websites', '.', 'the', 'phone', 'is', 'well', 'built', ',', 'although', 'slippery', '.', 'the', 'case', 'that', 'comes', 'with', 'it', 'is', 'very', 'good', ',', 'pretty', 'much', 'what', 'you', 'would', 'buy', 'online', '.', 'battery', 'life', 'is', 'no', 'where', 'near', 'as', 'bad', 'as', 'people', 'have', 'said', ',', 'either', '.', 'it', 'is', 'average', ',', 'similar', 'to', 'the', 'galaxy', 's9', 'plus', '.', 'pros', ':', 'fluidity/speed', 'bootloader', 'can', 'be', 'unlocked', 'video', 'recording', 'quick', 'charge', '4.0', 'camera', 'with', 'adequate', 'lighting', 'is', 'amazing', 'htc', 'sense', 'almost', 'feels', 'as', 'good', 'as', 'stock', 'android', '.', 'front', 'cameras', 'are', 'not', 'great', ',', 'but', 'they', 'are', 'better', 'than', 'most', 'front', 'cameras', 'boomsound', 'gets', 'loud', 'and', 'does', 'not', 'muffle', 'transluscent', 'blue', 'is', 'stupid', 'gorgeous', '.', 'fingerprint', 'scanner', 'is', 'very', 'fast', 'and', 'responsive', '.', 'face', 'unlock', 'is', 'very', 'good', '.', 'not', 'a', 'lot', 'of', 'bloatware', '.', 'display', 'is', 'not', 'as', 'good', 'as', 'amoled', 'but', 'it', 'is', 'still', 'gorgeous', 'and', 'the', 'brightness', 'is', 'a', 'lot', 'better', 'than', 'what', 'reviewers', 'have', 'criticized', 'it', 'for', '.', 'buttonless..and', 'it', 'is', 'actually', 'good', '.', 'i', 'only', 'had', 'a', 'couple', 'accidental', 'touches', 'with', 'the', 'volume', ',', 'but', 'not', 'the', 'power', 'or', 'double', 'tap', '.', 'sense', 'edge', '2.0', 'is', 'a', 'nice', 'gimmick', 'and', 'it', 'is', 'not', 'nearly', 'as', 'sensitive', 'as', 'reviewers', 'have', 'said', '.', 'new', 'firmware', 'coming', 'that', 'will', 'update', 'the', 'buttons', '.', 'cons', ':', 'no', 'wireless', 'charging', '.', 'i', 'get', 'htc', 'is', 'reason', ',', 'but', 'it', 'is', 'so', 'convenient', '.', 'i', 'have', 'been', 'using', 'wireless', 'charging', 'for', 'years', 'now', 'and', 'it', 'sucks', 'that', 'i', 'can', 'not', 'with', 'this', '.', 'camera', 'is', 'grainy', 'in', 'low', 'light', '.', 'it', 'is', 'typical', 'of', 'most', 'phones', ',', 'but', 'i', 'guess', 'the', 's9', 'plus', 'is', 'my', 'baseline', 'and', 'that', 'is', 'the', 'best', 'low', 'light', 'camera', 'i', 'have', 'personally', 'used', '.', '(', 'i', 'never', 'used', 'a', 'p20', 'pro', ')', 'does', 'not', 'come', 'with', 'a', 'quick', 'charge', '4.0', 'charger', ',', 'so', 'i', 'bought', 'a', 'razer', 'phone', 'one', '.', 'no', '3.5mm', 'jack', 'and', 'no', '3.5mm', 'to', 'usb-c', 'adapter', '.', 'had', 'to', 'buy', 'a', 'razer', 'phone', 'one', '.', 'edit', ':', 'the', 'camera', 'in', 'low', 'light', 'is', 'actually', 'really', 'good', 'if', 'you', 'put', 'it', 'in', 'pro', 'mode', '.', 'just', 'need', 'to', 'make', 'a', 'few', 'adjustments', 'and', 'it', 'is', 'actually', 'good', '.'],
