['best', 'phone', 'work', 'good', 'complains'],
['best', '2018', 'phone', 'period', 'best', 'camera', 'best', 'sound', 'fast', 'processor'],
['beautiful', 'cell', 'phone', 'arrives', 'bit', 'late', 'hand'],
['love', 'htc', 'htc', 'develop', 'model', 'better', 'news'],
['excellent', 'phone', 'button', 'work', 'expected', 'not', 'sure', 'reviewer', 'bashing'],
['excelente', 'telÃ©fono'],
['start', 'buying', 'htc', 'phone', 'year', 'decide', 'buy', 'mainstream', 'phone', 'reason', 'will', 'not', 'spend', 'review', 'bashing', 'leader', 'phone', 'work', 'great', 'will', 'state', 'prefer', 'htc', 'phones.1-lcd', 'screen', 'screen', 'good', 'not', 'degrade', 'instant', 'turned', 'fact', 'amoleds', 'worse', '2-battery', 'life', 'not', 'talking', 'video', 'time', 'fully', 'subjective', 'sit', 'phone', 'not', 'sure', 'android', 'doze', 'htc', 'top', 'not', 'charge', 'phone', 'night', 'loses', '3-5', 'battery', 'life', 'pretty', 'awesome', 'phone', 'close', 'pixel', '2', 'lose', '10-15', 'overnight', '3-edge', 'function', 'read', 'lot', 'review', 'function', 'completely', 'flamed', 'hard', 'not', 'turn', 'day', 'day', 'fantastic', 'regularly', 'job', 'glove', 'situation', 'not', 'finger', 'dexterity', 'squeezing', 'start', 'camera', 'squeeze', 'picture', 'invaluable', '4-skin', 'feel', 'htc', 'not', 'mess', 'not', 'broken', 'embrace', 'existing', 'google', 'apps', 'tweak', 'basic', 'operation', 'android', 'read', 'review', 'sense', 'heavy', 'point', 'knew', 'not', 'clue', 'spent', '30', 'minute', 'phone', '5-build', 'htc', 'making', 'high', 'quality', 'phone', 'long', 'time', 'bad', 'not', 'good', 'better', 'describe', 'future', 'company', 'business', 'model', 'keep', 'losing', 'money', 'google', 'bought', 'bought', 'turned', 'htc', 'high', 'price-they', 'expensive', 'high', 'quality', 'phone', 'people', 'will', 'phone', 'released', 'high', 'price', 'basically', 'month', 'people', 'will', 'not', 'shell', 'money', 'phone', 'closing', 'best', 'advice', 'ignore', 'review', 'haptic', 'button', 'absolutely', 'not', 'problem', 'people', 'stating', 'full', 'advantage', 'amazon', 'htc', 'return', 'policy', 'feeling', 'loyal', 'manufacturer', 'will', 'find', 'fantastic', 'phone', 'htc', 'not', 'htc', 'employee', 'bought', 'htc', 'phone', 'htc', 'inspire'],
['htc', 'phone', 'good', 'phone', 'battery', 'not', 'long', 'google', 'apps', 'constantly', 'turning', 'gps', 'track', 'location', 'disable', 'figure', 'will', 'misplacing', 'phone', 'enabled', 'screen', 'good', 'picture', 'take', 'good', 'occasional', 'weird', 'thing', 'initially', 'photo', 'great', 'preview', 'freeze', 'couple', 'second', 'picture', 'picture', 'gallery', 'send', 'blurry', 'not', 'earlier', 'not', '5', 'photo', 'picture', 'not', 'blurry', 'fact', 'nice', 'picture', 'switched', 't', 'mobile', 'wi-fi', 'calling', 'phone', 'verizon', 'feature', 'will', 'not', 'work'],
['will', 'start', 'not', 'hate', 'htc', 'product', 'phone', 'original', 'evo', '4g', 'loved', 'gimmick', 'phone', 'audio', 'latest', 'phone', 'm9', 'sole', 'reason', 'stuck', 'phone', 'm9', 'perfect', 'order', 'today', 'powerful', 'rest', 'earbuds', 'phone', 'best', 'packaged', 'headphone', 'phone', 'bad', 'obvious', 'phone', 'division', 'suffering', 'durability', 'picture', 'phone', 'pocket', 'going', 'picture', 'snapchat', 'phone', ' not', 'dropped', 'sitting', 'pocket', 'screen', 'crack', 'included', 'picture', 'frame', 'screen', 'showing', 'drop', 'damage', 'scratch', 'scuff', 'clue', 'defective', 'screen', 'bad', 'build', 'quality', 'horrible', 'gorilla', 'glass', 'worst', 'evidence', 'htc', 'repair', 'center', 'defective', 'screen', 'repair', 'center', 'keep', 'claiming', 'warranty', 'will', 'pay', '$', '200', 'repair', 'screen', 'not', 'correctly', 'repaired', 'warranty', 'not', 'mind', 'ridiculous', 'pay', 'phone', 'damaging', 'saddly', 'will', 'not', 'htc', 'phone', 'screen', 'not', 'removed', 'easily', 'phone', 'diy', 'solution', 'highly', 'recommend', 'avoiding', 'phone', 'htc', 'veteran'],
['24', 'hour', 'absolutely', 'love', 'phone', 'button', 'button', 'critic', 'biggest', 'gripe', 'edge', 'sense', 'handy', 'take', 'time', 'set', 'breeze', 'previous', 'phone', 'htc', 'super', 'easy', 'import', 'phone', 'setting', 'apps', 'previous', 'handset', 'firmware', 'update', 'improved', 'battery', 'life', 'early', 'fingerprint', 'reader', 'located', 'perfect', 'spot', 'face', 'recognition', 'unlock', 'handy', 'built', 'speaker', 'awesome', 'loud', 'clear', 'sound', 'provide', 'bass', 'expected', 'ear', 'bud', 'phone', 'sound', 'better', 'bluetooth', 'speaker', 'work', 'lack', '3.5mm', 'jack', 'not', 'bother', 'small', 'gripe', 'volume', 'button', 'not', 'long', 'press', 'turn', 'volume', 'up/down', 'keep', 'tapping', 'button', 'level', 'level', 'hit', 'button', 'volume', 'level', 'pop', 'screen', 'adjust', 'issue', 'plastic', 'phone', 'case', 'box', 'cheap', 'feel', 'nice', 'phone', 'will', 'definitely', 'job', 'buying', 'case', 'will', 'update', 'review', 'arises', 'edit', 'volume', 'button', 'will', 'fact', 'turn', 'volume', 'press', 'not', 'update', 'edge', 'sense', 'sensitive', 'day', 'good', 'thing'],
['awesome', 'phone', 'button', 'not', 'work', 'finger', 'tip', 'hurt', 'turn', 'volume', 'issue', 'read', 'review', 'supposedly', 'fixed', 'contacted', 'htc', 'spent', 'month', 'troubleshooting', 'lied', 'told', 'phone', 'bad', 'not', 'problem', 'returned', 'repair', 'phone', 'week', 'returned', 'amazon', 'bought', 'thinking', 'lemon', 'nope', 'exact', 'problem', 'updated', 'latest', 'software', 'phone', '#', '2', 'returned', 'suck', 'bought', 'htc', 'phone', 'htc', '4g', 'evo', 'year', 'loyalty', 'thousand', 'dollar', 'spent', 'phone', 'throwing', 'htc', 'ruin', 'simple', 'freaking', 'button', 'good', 'bye', 'htc', 'lost', 'trust', 'forever', 'biggest', 'fan', 'stink', 'not', 'deal', 'second', 'return', 'not', 'shop', 'device', 'not', 'learn', 'interface', 'lost', 'money', 'spent', 'case', 'protector', 'watch', 'video', 'indentation', 'left', 'finger', 'red', 'mark', 'simply', 'adjust', 'volume', 'normal', 'mundane', 'task'],
['sure', 'double', 'checking', 'phone', 'compatible', 'carrier', 'unlocked', 'carrier', 'read-reread', 'fine', 'print', 'provider'],
['excellent', 'phone..', 'complaints..'],
['not', 'review', 'turn', 'amazing', 'phone', 'button', 'time', 'phone', 'beast', 'sleek', 'stylish', 'fast', 'amazing', 'operating', 'system', 'smooth', 'butter', 'unlocked', 'version', 'blue', 'squeeze', 'good', 'take', 'time', 'everthing', 'take', 'time', 'innovative', 'goody', 'phone', 'offer', 'squeeze', 'tap', 'write', 'incredible', 'smartphone', 'update', 'help', 'performance', 'button', 'battery', 'life', 'wow', 'not', 'amazing', 'absolutely', 'perfect', 'not', 'scared', 'review'],
['htc', 'benefit', 'doubt', 'stand', 'product', 'htc', 'u12+', 'not', 'device', 'u12', 'lot', 'offer', 'fails', 'key', 'area', 'second', 'mention', 'good', 'pro', '1.', 'video', 'recording', 'u12+', 'well', 'built', 'task', '3d', 'audio', 'high', 'resolution', 'audio', 'feature', 'not', 'needed', 'shockingly', 'amazed', 'clarity', 'neat', 'trick', 'offer', 'zoom', 'slider', 'help', 'zoom', 'subject', 'smoother', 'pace', '2.', 'rear', 'camera', 'rear', 'camera', 'great', 'picture', 'today', 'smartphone', 'standard', 'portrait', 'mode', 'work', 'flaw', '3.', 'fingerprint', 'reader', 'fast', 'reliable', 'spot', '4.', 'call', 'quality', 'crystal', 'clear', 'loud', 'listen', 'environment', 'con', '1.', 'built', 'quality', 'fragile', 'liking', 'device', 'well', 'built', 'beautiful', 'glass', 'scare', '2.', 'boomsound', 'positive', 'honestly', 'not', 'feel', 'loudest', 'lack', 'bass', 'not', 'front', 'facing', '3.', 'display', 'lcd', 'panel', 'lcd', 'panel', 'lcd', 'panel', '4.', 'front', 'facing', 'camera', 'awful', 'not', 'bad', 'samsung', 'front', 'facing', 'camera', 'leave', 'lot', 'desired', 'people', 'enjoy', 'front', 'facing', 'camera', 'smooth', 'face', 'making', 'young', 'unnatural', 'turned', 'beautification', 'mode', 'lean', 'smooth', 'side', '5.', 'touch', 'button', 'omg', 'worst', '3', 'day', 'not', 'face', 'problem', 'online', 'reviewer', 'protective', 'case', 'shipped', 'downhill', 're-calibrated', 'edge', 'sense', 'account', 'case', 'issue', 'force', 'press', 'button', 'time', 'register', 'press', 'slightest', 'touch', 'phone', 'frustrating', 'not', 'continue', 'happily', 'owning', 'decided', 'return', 'phone', 'good', 'phone', 'price', 'tag', 'excellent', 'phone'],
['not', 'porter', 'leaf', 'bad', 'review', 'not', 'phone', 'issue', 'lucky', 'wife', 'work', 'verizon', 'smart', 'activated', 'sim', 'card', 'not', 'turn', 'setting', 'unlocked', 'version', 'not', 'verizon', 'phone', 'meaning', 'verizon', 'bloatware', 'not', 'setting', 'turn', 'account/sim', 'card', 'hand', 'basically', 'sure', 'verizon', 'person', 'care', 'help', 'commission', 'based', 'not', 'help', 'buying'],
['unlocked', 'version', 'dose', 'not', 'allow', 'visual', 'voicemail', 'hd', 'video', 'calling', 'verizon', 'wi-fi', 'calling', 'feature', 'not', 'today', 'age', 'technology', 'feature', 'not', 'work'],
['ordered', 'phone', 'day', 'amazon', 'issue', 'touch-sensitive', 'button', 'infuriating', 'shameful', 'htc', 'released', 'software', 'update', 'tweak', 'stellar', 'battery', 'life', 'phone', 'wrong', 'translucent', 'blue', 'work', 'art', 'screen', 'lcd', 'not', 'oled', 'description', 'matter', 'size', 'color', 'screen', 'lcd', 'gorgeous', 'issue', 'polarization', 'common', 'best', 'lcd', 'screen', 'polarized', 'sunglass', 'will', 'not', 'black', 'screen', 'orientation', 'face', 'unlock', 'feature', 'work', 'extremely', 'well', 'fingerprint', 'sensor', 'best', 'phone', 'fail', 'heavy', 'user', 'battery', 'life', 'easily', 'full', 'day', 'stream', 'lot', 'audio', 'apps', 'set', 'push', 'notification', 'not', 'stream', 'video', 'screen', 'bit', 'day', 'software', 'update', 'mentioned', 'average', 'battery', 'life', '29', 'hour', '4', 'hour', '45', 'minute', 'screen-on', 'time', 'plug', 'battery', 'saver', 'kick', '15', 'best', '6', 'hour', '52', 'screen-on', 'time', '36', 'hour', 'plugged', 'phone', '4', 'day', 'camera', 'phenomenal', 'htc', 'great', 'camera', 'm8', 'stinker', 'cut', 'phone', 'camera', 'newer', 'samsungs', 'lgs', 'not', 'pixel', '2', 'htc', 'beat', 'handily', 'dual', 'camera', 'setup', 'take', 'amazing', 'bokeh', 'photo', 'allows', '2x', 'optical', 'zoom', 'great', 'low', 'light', 'pic', 'great', 'hyperlapse', 'slo-mo', 'pro', 'setting', 'work', 'great', 'not', 'huge', 'selfie', 'taker', 'dual', 'front-facing', 'camera', 'work', 'well', 'allow', 'nice', 'bokeh', 'selfies', 'well', 'bokeh', 'level', 'adjustable', 'camera', 'prior', 'shot', 'love', 'edge', 'sense', 'ability', 'launch', 'apps', 'perform', 'action', 'based', 'squeezing', 'side', 'device', 'sound', 'gimmick', 'lot', 'people', 'people', 'bit', 'fall', 'love', 'launching', 'camera', 'photo', 'screenshot', 'easier', 'edge', 'sense', 'tweak', 'launched', 'u11', 'accurate', 'love', 'edge', 'launcher', 'small', 'app', 'carousel', 'lower', 'corner', 'allowing', 'access', 'apps', 'leaving', 'screen', 'nice', 'clutter', 'free', 'included', 'noise-cancelling', 'headphone', 'u11', 'year', 'fantastic', 'will', 'hard', 'pressed', 'working', 'usb-c', 'connector', 'included', 'clear', 'case', 'nice', 'u11', 'year', 'hard', 'case', 'not', 'best', 'protection', 'spigen', 'clear', 'tpu', 'case', 'great', 'headphone', 'usb-c', 'adapter', 'shipped', 'u11', 'year', 'not', 'u12+', 'order', 'separately', 'nice', 'set', 'regular', 'headphone', 'built', 'dac', 'mine', 't-mobile', 'issue', 'u12+', 'not', 'support', 'band', '71', 'bizarre', 'reason', 'tmo', 'started', 'rolling', 'band', '71', 'not', 'overly', 'concerned', 'phone', 'will', 'not', 'work', 'sprint', 'work', 'fine', 'att', 'verizon', 'carrier', 'limitation', 'verizon', 'customer', 'complained', 'people', 'verizon', 'love', 'son', 'work', 'verizon', 'set', 'w/', 'issue'],
['htc', 'u12', 'verizon', 'visual', 'voicemail', 'hd', 'video', 'calling', 'wifi', 'calling', 'not', 'work', 'phone', 'verizon', 'network', 'thing', 'work', 'hd', 'volta', 'advanced', 'calling', 'feature', 'verizon', 'caller', 'bring', 'device', 't-mobile', 'metro', 'pc', 'not', 'band', '71', 't-mobile', 'bring', 'straight', 'talk', 'cricket', 'wireless', '&', 't', 'carrier', 'verizon', 'wireless'],
['htc', 'fan', 'year', 'beast', 'phone', 'glass', 'shattered', '2', 'month', 'case', 'entire', 'time', 'sad', 'time', 'phone', 'hella', 'expensive', 'disappointed', 'disappointed', 'htc', 'knew', 'problem', 'not', 'offering', 'warranty', 'updated', 'month', 'front', 'shattering', 'buying', 'phone', 'huge', 'mistake', 'not', 'find'],
['phone', 'feature', 'not', 'carrier', 'sprint', 'send'],
['cell', 'phone', 'business', 'pleasure', 'htc', 'desire', 'eye', 'samsung', 'galaxy', 's5', '2014.', 'phone', 'replace', 'galaxy', 'slow', 'battery', 'terrible', 'desire', 'eye', 'going', 'strong', 'explains', 'att', 'buy', 'unlocked', 'htc', 'phone', 'shoved', 'samsung', 'phone', 'protective', 'case', 'set', 'high', 'quality', 'headphone', 'read', 'lot', 'review', 'u12+', 'received', 'camera', 'glowing', 'review', 'fast', 'pretty', 'good', 'amount', 'memory', 'expanded', 'slammed', 'sense', 'edge', 'button', 'lack', 'headphone', 'jack', 'lack', 'wireless', 'charging', 'honest', 'idea', 'complaining', 'volume', 'work', 'seamlessly', 'real', 'button', 'level', 'quality', 'sound', 'awesome', 'headphone', 'handwringing', 'lack', 'traditional', 'jack', 'adapter', 'exist', 'power', 'button', 'responsive', 'love', 'turn', 'screen', 'scan', 'fingerprint', 'area', 'turn', 'unlock', 'touch', 'screenshot', 'button', 'navigation', 'bar', 'picture', 'complaining', 'not', 'easier/faster', 'holding', 'multiple', 'button', 'lot', 'reviewer', 'not', 'read', 'help', 'section', 'find', 'awesome', 'customization', 'option', 'regret', 'phone', 'hope', 'htc', 'stay', 'phone', '4', 'year', 'htc', 'finally', 'dy', 'invest', 'newest', 'offering'],
['amazon', 'service', 'good..', 'product', 'experiencing', 'quick', 'battery', 'consumption'],
['love', 'camera', 'equal', 'better', 'pixel', '2/2xl', 'department', 'screen', 'great', 'software', 'fast', 'beautiful', 'phone', 'battery', 'average', 'but-', 'button', 'terrible', 'phone', 'plug', 'button', "'wake", 'power', 'phone', 'unexcusable', 'period'],
['paid', '900', 'dollar', 'phone', 'half', 'yellowed', 'screen', 'round', '1', 'replacement', 'phone', 'amazon', 'process', 'easy', 'htc', 'making', 'difficult', 'phone', 'update', 'replacement', 'phone', 'yellowing', 'screen', 'navigation', 'bar', 'screen', 'faint', 'blue', 'spot', 'size', 'small', 'fingertip', 'top', 'corner', 'screen', 'not', 'bright', 'defective', 'lot', 'people', 'yellowing', 'issue', 'screen', 'well', 'investigated', 'online'],
[],
['u12+', 'beautiful', 'phone', 'practical', 'surprised', 'screen', 'bigger', 'u11', 'body', 'phone', 'thinner', 'comfortable', 'hold', 'favor', 'htc', 'owning', 'm8', 'year', 'enjoying', 'outstanding', 'boom-sound', 'speaker', 'offer', 'terrible', 'mistake', 'upgraded', 'samsung', 's7', 'favor', 'htc', 'phone', 'not', 'debilitating', 'bloatware', 'phone', 'ui', 'clean', 'unobtrusive', 'change', 'build', 'quality', 'superb', 'grown', 'appreciate', '3d', 'sound', 'feature', 'array', 'microphone', 'phone', 'spends', 'lot', 'time', 'teaching', 'music', 'working', 'lot', 'pro', 'live', 'sound', 'equipment', 'feature', 'superior', 'mics', 'phone', 'htc', 'definitely', 'risk', 'phone', 'unique', 'screen', 'lcd', 'not', 'amoled', 'eye', 'not', 'notice', 'difference', 'screen', 'beautiful', 'sharp', 'noticeable', 'improvement', 'u11', 'rest', 'phone', 'glass', 'bit', 'swayed', 'looked', 'u11', 'surprisingly', 'durable', 'truth', 'people', 'protective', 'case', 'chose', 'spigen', 'liquid', 'crystal', 'case', 'u11', 'beating', 'damage', 'whatsoever', 'edge', 'sense', 'awesome', 'short', 'squeeze', 'programmed', 'turn', 'camera', 'long', 'squeeze', 'set', 'turn', 'flashlight', 'frequently', 'nice', 'function', 'search', 'ui', 'sadly', 'double', 'tap', 'difficult', 'trigger', 'liquid', 'crystal', 'case', 'impossible', 'button', 'not', 'bad', 'phone', 'updated', 'power', 'volume', 'button', 'not', 'physical', 'button', 'bit', 'pressure-sensitive', 'nub', 'respond', 'haptic', 'feedback', 'power', 'button', 'responds', 'better', 'physical', 'button', 'volume', 'button', 'responsive', 'lag', 'battery', 'life', 'heavily', 'criticized', 'pro', 'review', 'spent', 'lot', 'time', '2', 'day', 'setting', 'thing', 'screen', 'working', 'heavily', 'lowest', '32', 'normal', 'ended', 'day', '50', 'phone', 'totally', 'tech', 'head', 'will', 'phone', 'total', 'control', 'device', 'not', 'bloatware', 'designed', 'nickel', 'dime', 'shelled', '$', '$', '$', 'phone', 'speaker', 'great', 'lacking', 'bass', 'nice', 'improvement', 'u11', 'par', 'speaker', 's9', 'usonic', 'headphone', 'phenomenal', 'mow', 'lawn', 'tune', 'expect', 'not', 'notice', 'screaming', 'phone', 'extremely', 'intuitive', 'feel', 'advice', 'phone', 'u12+', 'will', 'not', 'work', 'sprint', '&', 't', 'phone', 'tech', 'brick', 'mortar', 'store', 'sure', 'factory', 'unlocked', 'phone', 'volta', 'work', 'fine', 'wi-fi', 'calling', 'heard', 'contacting', 'tier', '2', 'tech', 'support', 'will', 'hook', 'fine', 'spigen', 'liquid', 'crystal', 'case', 'protects', 'unique', 'appearance', 'best', 'case', 'button', 'will', 'work', 'perfectly', 'double', 'tap', 'not', 'shock', 'protection', 'case', 'work', 'well'],
['people', 'problem', 'buy', 'cell', 'phone', 'thing', 'buy', 'real', 'amazon', 'corporation', 'not', 'salers', 'stuff', 'purchased', 'contries', ' not', 'work', 'properly'],
['el', 'dispositivo', 'eta', 'fallando', 'y', 'se', 'reinicia', 'de', 'forma', 'inesperada', 'y', 'la', 'aplicaciones', 'se', 'reinician', 'una', 'una', 'hasta', 'el', 'total', 'reinicio'],
['button', 'htc', 'better', 'pressure', 'sense', '2', 'button', 'ruin', 'chance', 'case', 'working', 'well', 'feel', 'holding', 'phone', 'portrait', 'squeeze', 'phone', 'volume', 'button', 'time', 'will', 'not', 'change', 'volume', 'better', 'control', 'volume', 'case', 'will', 'impossible', 'half', 'time', 'leaving', 'akward', 'situation', 'blast', 'eardrum', 'music', 'play', 'level', '100.', 'good', 'camera', 'speaker', 'phone', 'thick', 'good', 'phone', 'body', 'positive', 'thin', 'tiny', 'battery', 'phone', 'battery', 'eh', 'ok.', 'u11', 'amazing', 'battery', 'hopping', 'carry', 'average', 'battery', 'life', 'screen', 'not', 'bright', 'selfie', 'camera', 'trash', '50', 'time', 'failing', 'capture', 'sharp', 'image', 'perfecting', 'bolkeh', 'simply', 'bland', 'phone', 'case', 'whip', 'protective', 'case', 'gamble', '800', 'phone', 'will', 'amazed', 'slim', 'nice', 'weight', 'transparent', 'glass', 'unique', 'button'],
['phone', 'good', 'outcast', 'crowd', 'phone', 'samsung', 'apple', 'lol', 'not', 'wrong', 'love', '6', 'lcd', 'display', 'snapdragon', '845', 'fast', 'thing', 'hate', 'button', 'idk', 'device', 'volume', 'sensitive', 'volume', 'force', 'case', 'time', 'ghost', 'touch', 'update', 'kinda', 'stayed', 'device'],
['phone', 'great', 'weary', 'initially', 'online', 'review', 'device', 'overwhelmingly', 'negative', '2', 'week', 'not', 'understand', 'negativity', 'bought', '2', 'wife', 'great', '6', 'hour', 'screen', 'time', '2', 'day', 'charge', 'occasionally', 'pressure', 'sensitive', 'button', 'not', 'respond', 'not', 'bad', 'start', 'working', 'second', 'not', 'unlock', 'phone', 'fingerprint', 'htc', 'included', 'screen', 'screen', 'button', 'not', 'press', 'power', 'button'],
['amazing', 'phone', 'amazing', 'camera', 'not', 'listen', 'bad', 'review', 'phone', '2', 'second'],
['phone', 'week', 'safely', 'assure', 'u12+', 'killer', 'smartphone', 'definitely', 'worth', 'purchase', 'button', 'fine', 'guy', 'feel', 'overblown', 'review', 'htc', 'updated', 'button', 'htc', 'sense', 'work', 'perfectly', 'fine', 'software', 'lag', 'whatsoever', 'build', 'quality', 'beautiful', 'tremendous', 'tough', 'rocked', 'dropped', 'case', 'scratch', 'shell', 'phone', 'regret'],
['phone', 'good', 'phone', 'glass', 'glass', 'scratched', '36', 'day', 'owning', 'picking', 'table', 'called', 'customer', 'support', '6', 'day', 'warranty', 'not', 'help', 'repair', 'not', 'cover', 'cost', 'sending', 'phone', 'owned', 'phone', 'year', 'hell', 'military', 'issue', 'phone', 'quality', 'hill', 'support', 'customer', 'not', 'sell', 'buy', 'directly', 'website', 'amazon', '3', 'customer', 'support', 'people', 'resolved', 'blame', 'phone', 'issue', 'will', 'going', 'phone', 'great', 'phone', 'not', 'care', 'customer'],
['phone', 'beautiful', 'super', 'fast', 'easy', 'great', 'camera', 'edge', 'sense', 'cool'],
['phone', 'ordered', 'amazon', 'phone', 'wall', 'port', 'charger', 'charging', 'cord', 'headphone', 'replaceable', 'ear', 'bud', 'cheap', 'plastic', 'case', 'concern', 'box'],
['htc', 'solid', 'device', 'upgrade', 'future', 'pro', 'phone', 'design', 'screen', 'size', 'camera', 'sd', 'card', 'supported', 't-mobile', 'customer', 'will', 'volta', 'wifi', 'calling'],
['received', 'bad', 'device', 'replacement', 'amazing', 'take', 'amazing', 'photo', 'video', 'speedy', 'fast', 'processing', 'edge', 'sense', 'favorite', 'phone', 'button', 'great', 'screen', 'out-of-this-world', 'amazing', 'htc', 'winter', 'innovative', 'not', 'listen', '2', 'youtubers', 'professionally', 'paid', 'bash', 'htc', 'jerry', 'riggs', 'mkbhd', 'average', 'consumer', 'unbox', 'theory', 'guy', 'super', 'rich', 'paid', 'samsung', 'iphone', 'keep', 'competition', 'htc', 'company', 'general', 'awesome', 'attempt', 'innovative', 'hard', 'super', 'rich', 'mega', 'company', 'pay', 'tobash', 'htc', 'keep', 'going', 'htc', 'great', 'job', 'u12'],
['pre', 'ordered', 'htc', 'messed', 'order', 'amazon', 'best', 'amazon', 'delivers', 'fast', 'day', 'fine', 'day', 'screen', 'white', 'background', 'black', 'grey', 'background', 'messaging', 'app', '2', 'factory', 'reset', 'help', '3', 'call', 'htc', 'help', 'returned', 'device', 'friend', 'mine', 'issue', 'terrible', 'job', 'htc'],
['upgraded', 'u12+', 'htc', 'm8', 'love', 'phone', 'deducted', '1', 'star', 'undecided', 'lack', 'physical', 'button', 'week', 'accustomed', 'htc', 'edge', 'sense', 'reacts', 'sense', 'digital', 'button', 'will', '5', 'star', 'phone', 'lightning', 'fast', 'compared', 'phone', 'charge', 'faster', 'battery', 'last', 'longer', 'take', 'fantastic', 'picture', 'htc', 'phone', 'evo', 'hope', 'keep', 'making', 'phone', 'not', 'fan', 'samsung'],
['htc', 'fan', 'launch', 'evo', '4g', 'sprint', 'launched', "'4g", 'network', 'aka', 'wimax', 'owned', 'evo', '3d', 'evo', '4g', 'lte', 'shift', 'wife', 'm7', 'm8', 'groundbreaking', 'phone', 'm9', 'add', 'htc', '10', 'absolutely', 'amazing', 'u11', 'hour', 'phone', 'htc', 'support', 'finally', 'u12+', 'real', 'shame', 'u11+', 'stateside', 'finally', 'feel', 'excitement', 'build', 'quality', 'phone', 'translucent', 'blue', 'missing', '10.', 'snapdragon', '845', 'blazingly', 'fast', 'super', 'lcd', 'crisp', 'vivid', 'better', 'overlay', 'htc', 'sense', 'wife', 's8+', 'lost', 'navigate', 'bottom', 'phone', 'superb', 'will', 'head', 'head', 's9+', 'xperia', 'g7', 'top', 'htc', 'smartphone', 'future', 'concerned', 'selling', 'google', 'will', 'wait', 'pinnacle', 'smartphone', 'business', 'hat', 'going', 'big', 'bang', 'con', '1.', 'included', 'case', 'intent', 'purpose', 'garbage', 'favor', 'buy', 'upgraded', 'partial', 'spigen', 'liquid', 'crystal', 'amazingly', 'low', 'price', 'protection', 'case', 'will', '2.', 'phone', 'slippery', 'holding', 'cradling', 'bowl', 'full', 'vegetable', 'oil', 'ball', 'bearing', 'case', 'extremely', 'careful', 'htc', 'best', 'stay', 'smartphone', 'business', '***september', '8th', 'update***', 'well', '2.5', 'month', 'opinion', 'not', 'changed', 'glass', 'corning', 'gorilla', 'glass', '3', 'opposed', 'latest', 'gorilla', 'glass', '5', '3', 'scratch', 'resistant', '5', '5', 'shatterproof', 'knock', 'wood', 'find', 'single', 'scratch', 'screen', 'stated', 'mine', 'sport', 'spigen', 'liquid', 'crystal', 'case', 'phone', 'life', 'pocket', 'time', 'researched', 'gorilla', 'glass', '3', 'reason', 'find', 'scratch', 'unsightly', 'annoying', 'dissapointing', 'scratch', 'screen', 'engineering', 'reason', 'choice', 'opposed', 'cost', 'saving', 'dropped', 'time', 'mistake', 'course', 'car', 'forget', 'lap', 'thankfully', 'zero', 'shattering', 'kind', 'mind', 'landing', 'concrete', 'asphalt', 'sum', 'pleased', 'day', 'arrived', 'hat', 'ðŸŽ©', 'continues', 'remain', 'htc', 'excellent', 'phone', 'despite', 'dire', 'financial', 'strait', 'rumor', 'surface', 'u13/u13+', 'hoping', 'true', 'year', 'will', 'clutching'],
['phone', 'amazing', 'pre-order', 'htc.com', '3', 'week', 'fast', 'great', 'build', 'quality', 'charger', 'crazy', 'fast', 'charge', 'phone', 'day', 'playing', 'game', 'run', 'perfect', 'phone', 'loving', 'pubg'],
['well', 'switched', 'chip', 'phone', 'phone', 'call', 'worked', 'great', 'texting', 'not', 'work', 'phone', 'squeeze', 'function', 'camera', 'great', 'squeeze', 'function', 'inhibited', 'cover', 'bought', 'cover', 'phone', 'not', 'texting', 'crucial', 'calling', 'day', 'phone', 'returned', 'not', 'text'],
['phone', 'simply', 'beautiful', 'smooth', 'take', 'good', 'picture', 'function', 'well', 'phone', 'good', 'phone', 'call', 'button', 'not', 'bad', 'reviewer', 'admittedly', 'prefer', 'normal', 'button', 'not', 'deal', 'breaker', 'case', 'recommended'],
['phone', 'fast', 'compared', 'lg', 'g6', 'brother', 'mom', 'note', '8', 'impressed', 'myth', 'phone', 'video', 'super', 'game', 'play', 'nice', 'compliment', 'phone', 'picture', 'quality', 'better', 'phone', 'x', 'wife', 'edge', 'sense', 'not', 'complicated', 'glitchy', 'nice', 'texting', 'shrink', 'screen', 'smaller', 'not', 'stretch', 'thumb', 'thinking', 'buying', 'phone', 'promise', 'will', 'not', 'disappointed', 'hard', 'spend', 'money', 'youtube', 'video', 'not', 'biased', 'samsung', 'phone', 'will', 'impressively', 'fast'],
['high', 'performance', 'not', 'notch', 'hole', 'screen', 'loved', 'u11', 'wife', 'wanted', 'suggested', 'upgrade', 'u12', 'beloved', 'u11', 'fortunately', 'u12', 'turned', 'real', 'beast', 'haptic', 'button', 'feature', 'camera', 'toe-to-toe', 'google', 'pixel', 'night', 'sight', 'telephoto', 'camera', 'big', 'difference', 'admires', 'architecture', 'primary', 'camera', 'wide', 'angle', 'not', 'super', 'wide', 'screen', 'beautiful', 'lcd', 'vibrant', 'note', '8', 'work', 'reason', 'eye', 'not', 'tired', 'phone', 'friend', 'watched', 'entire', 'movie', 'looked', 'good', 'sound', 'immersive', 'distracting', 'hole', 'notch', 'sounded', 'better', '4', 'inch', 'stereo', 'speaker', 'desktop', 'computer', 'headphone', 'audio', 'included', 'earbuds', 'mindblowing', 'not', 'statement', 'lightly', 'professional', 'studio', 'recording', 'engineer', '20+', 'year', 'experience', 'experienced', 'htc', 'usonic', 'audio', 'u11', 'week', 'wrap', 'brain', 'spatial', 'imaging', 'openness', 'clarity', 'bass', 'extension', 'noise', 'cancellation', 'work', 'well', 'reducing', 'engine', 'noise', 'hum', 'thing', 'scan', 'ear', 'optimize', 'sound', 'sound', 'stand', 'commercial', 'studio', 'control', 'room', 'live', 'mixdown', 'session', 'hearing', 'music', 'original', 'form', 'htc', 'usonic', 'technology', 'close', 'experience', 'performance', 'wise', 'handle', 'ease', 'including', 'heavy', 'gaming', 'matter', 'fact', 'run', 'game', 'ark', 'survival', 'evolution', 'fine', 'galaxy', 's10', 'struggle', 'battery', 'life', 'not', 'great', 'box', 'u12', 'learns', 'usage', 'pattern', 'optimizes', 'battery', 'usage', 'week', 'learn', 'battery', 'life', 'will', 'better', 'phone', 'good', 'battery', 'life', 'charge', 'quick', 'charge', '3.0', 'box', 'phone', 'equipped', 'quick', 'charge', '4.0+', 'initial', 'charge', '2', '60', 'second', 'phone', 'power', 'save', 'extreme', 'power', 'save', 'mode', 'feel', 'concerned', 'learned', 'appreciate', 'quality', 'year', 'u12', 'feel', 'carved', 'emerald', 'polished', 'dense', 'refined', 'jewel-like', 'not', 'not', 'tough', 'fell', 'hard', 'week', 'impact', 'left', 'phone-shaped', 'bruise', 'leg', 'phone', 'fine', 'iphone', '8', 'x', 'max', 'u12', 'feel', 'lower', 'grade', 'device', 'comparison'],
['bought', 'htc', 'website', 'phone', 'not', 'bad', 'reviewer', 'video', 'website', 'phone', 'well', 'built', 'slippery', 'case', 'good', 'pretty', 'buy', 'online', 'battery', 'life', 'bad', 'people', 'average', 'galaxy', 's9', 'pro', 'fluidity/speed', 'bootloader', 'unlocked', 'video', 'recording', 'quick', 'charge', '4.0', 'camera', 'adequate', 'lighting', 'amazing', 'htc', 'sense', 'feel', 'good', 'stock', 'android', 'front', 'camera', 'not', 'great', 'better', 'front', 'camera', 'boomsound', 'loud', 'not', 'muffle', 'transluscent', 'blue', 'stupid', 'gorgeous', 'fingerprint', 'scanner', 'fast', 'responsive', 'face', 'unlock', 'good', 'not', 'lot', 'bloatware', 'display', 'not', 'good', 'amoled', 'gorgeous', 'brightness', 'lot', 'better', 'reviewer', 'criticized', 'buttonless..and', 'good', 'couple', 'accidental', 'touch', 'volume', 'not', 'power', 'double', 'tap', 'sense', 'edge', '2.0', 'nice', 'gimmick', 'not', 'sensitive', 'reviewer', 'firmware', 'coming', 'will', 'update', 'button', 'con', 'wireless', 'charging', 'htc', 'reason', 'convenient', 'wireless', 'charging', 'year', 'suck', 'not', 'camera', 'grainy', 'low', 'light', 'typical', 'phone', 'guess', 's9', 'baseline', 'best', 'low', 'light', 'camera', 'personally', 'p20', 'pro', 'not', 'quick', 'charge', '4.0', 'charger', 'bought', 'razer', 'phone', '3.5mm', 'jack', '3.5mm', 'usb-c', 'adapter', 'buy', 'razer', 'phone', 'edit', 'camera', 'low', 'light', 'good', 'pro', 'mode', 'adjustment', 'good'],
