['cleanest', 'phone', 'machine', 'accident', 'course', 'washer', 'phone', 'phone', 'play', 'game', 'battery', 'care', 'system', 'finger', 'print', 'scanner', 'work'],
['phone', 'bummer', 'phone'],
['cellphone', 'size', 'quality'],
['week', 'figure', 'phone', 'text', 'feature', 'sony', 'phone', 'capability', 'work', 'party', 'verizon', 'network', 'pocket', 'straighttalk', 'cdma', 'card', 'verizon', 'coverage', 'mvno', 'work', 'sim', 'card', 'lot', 'time', 'frustration', 'sony', 'phone', 'complaint', 'extender', 'wifi', 'extension', 'matter', 'sony', 'feature', 'phone', 'lot', 'feature', 'love', 'size', 'picture', 'sound', 'quality', 'choice', 'stick', 'phone', 'forefit', 'coverage', 'worth'],
['battery', 'size', 'day', 'hour', 'music/video', 'notch', 'performance', 'cpu/ram', 'price', 'camera', 'step', 'motorola', 'iphone', 'pixel', 'camera', 'button', 'photo', 'auto', 'fps', 'mo', 'party', 'trick', 'light', 'lot', 'image', 'noise', 'headphone', 'jack', 'type', 'c', 'dongle', 'paranoid', 'charge', 'port', 'headphone', 'sony', 'ui', 'navigate', 'search', 'thing', 'party', 'installation', 'swiftkey', 'thing', 'gboard', 'thing', 'voice'],
['performance', 'flagship', 'phone', 'phone', 'feature', 'phone', 'size', 'performance', 'size', 'screen', 'body', 'thing', 'camera', 'button', 'play', 'ps4', 'play', 'smartphone', 'entertainment', 'smartphone'],
['sony', 'compact', 'work', 'rock', 'glass', 'product', 'sony'],
['phone', 'lot', 'glass', 'screen', 'scratch', 'corner', 'day', 'surface', 'operation', 'hope'],
['e', 'bastante', 'pesado', 'y', 'la', 'dia'],
['day', 'snorkeling', 'year', 'sony', 'waterproof', 'gasket', 'charge', 'port', 'door', 'phone', 'tank', 'hell', 'year', 'alaska', 'day', 'blue', 'store', 'samsung', 'sale', 'rep', 'phone', 'sony', 'time', 'half', 'reach', 'thumb', 'screen', 'size', 'morning', 'hour', 'purchase', 'brand', 'hotel', 'hour', 'pocket', 'hour', 'day', 'half', 'day', 'case', 'neck', 'water', 'cloudy', 'battery', 'guy', 'picture', 'model', 'number', 'phone', 'store', 'luck', 'phone', 'win', 'torture', 'story', 'screen', 'transition', 'complaint', 'complainer/nit-picker', 'lack', 'headphone', 'port', 'brightness', 'slider', 'auto', 'brightness', 'bit', 'minute', 'hand', 'shape', 'feel', 'sleek', 'case', 'glass', 'xz2', 'case', 'manage', 'trip'],
['phone', 'mad', 'week'],
['phone', 'sm', 'mm', 'call', 'verizon', 'voice', 'account', 'adjustment', 'phone', 'type', 're-training', 'user', 'brand', 'transition'],
['phone', 's4', 'phone', 'provider', 'phone', 'store', 'read', 'lot', 'review', 'chance', 'sight', 'issue', 'phone', 'att', 'move', 'contact', 'att', 'info', 'problem', 'feature', 'fingerprint', 'camera', 'button', 'super', 'purchase'],
['phone', 'time', 'sturdy', 'quality', 'shape', 'sony', 'note', 'screen', 'phone', 'sprint', 'verizon', 'store', 'switch', 'trouble', 'phone', 'work', 'solution', 'voice', 'verizon', 'account', 'charge'],
['techie', 'android', 'year', 'phone', 'gem', 'month', 'battery', 'life', 'day', 'picture', 'pixel', 'market', 'phone', 'size', 'compact', 'hand', 'place', 'operation', 'breeze', 'giant', 'phone', 'trend', 'phone', 'cure'],
['phone', 'size', 'year', 'phone', 'pocket', 'con', 'phone', 'time', 'phone', 'phone', 'life', 'game', 'video', 'day'],
['phone', 'expectation', 'sony', 'z3', 'year', 'phone', 'theme', 'preference', 'volvo', 'asus', 'ecco', 'context', 'appreciation', 'sony', 'series', 'size', 'weight', 'purpose', 'build', 'crisp', 'display', 'processor', 'camera', 'slr', 'feature', 'e.g', 'icon', 'top', 'move', 'jack', 'lack', 'voice', 'issue', 'standard', 'connection', 'concern', 'fingerprint', 'reader', 'work', 'work', 'hand', 'household', 'motorola', 'sony', 'xperias', 'call', 'sony', 'time', 'family', 'member', 'iphone'],
['review', 'verizon', 'lot', 'problem', 'phone', 'call', 'text', 'couldn', 't', 'hour', 'phone', 'verizon', 'couldn', 't', 'work', 'sony', 'customer', 'service', 'joke', 'don', 'phone', 'system', 'd', 'restart', 'phone', 'd', 'process', 'time', 'attempt', 'photo', 'camera', 'fingerprint', 'scanner', 'phone', 'holder', 'position', 'unlock', 'phone', 'size', 'phone'],
['rate', 'phone', 'question', 'compact', 'phone', 'phone', 'phone', 'phone', 'work', 'sprint', 'lte', 'network', 'europe', 'exception', 'japan', 'compatibility', 'till', 'year', 'support', 'sim', 'official', 'sim', 'phone', 'pixel', 'phone', 'thicker', 'screen', 'sony', 'bezel', 'form', 'factor', 'result', 'phone', 'area', 'ratio', 'screen', 'fact', 'size', 'nexus', 'year', 'phone', 'hand', 'thick', 'thicker', 'snapdragon', 'soc', 'phone', 'performance', 'flagship', 'manufacturer', 'samsung', 'galaxy', 's9', 'pixel', 'generation', 'performer', 'ram', 'storage', 'add', 'store', 'photo', 'video', 'medium', 'file', 'start', 'phone', 'headphone', 'jack', 'phone', 'lack', 'dongle', 'item', 'time', 'sony', 'sale', 'support', 'plastic', 'feel', 'lack', 'couple', 'issue', 'color', 'sun', 'camera', 'wireless', 'guess', 'sony', 'battery', 'capacity', 'phone', 'thicker', 'order', 'water', 'resistance', 'ip65/68', 'charge', 'ac', 'adapter', 'resolution', 'display', 'array', 'feature', 'phone', 'class', 'phone', 'lag', 'whatsoever', 'game', 'run', 'gps', 'sony', 'stock', 'android', 'difference', 'app', 'list', 'scroll', 'number', 'june', 'security', 'patch', 'half', 'june', 'phone', 'mi', 'a1', 'phone', 'phone', 'hand', 'hand', 'side', 'phone', 'volume', 'power', 'camera', 'nicer', 'fingerprint', 'sensor', 'fingerprint', 'sensor', 'fingerprint', 'fingerprint', 'sensor', 'work', 'quirk', 'phone', 'sim', 'microsd', 'drawer', 'pull', 'fingernail', 'tool', 'paper', 'clip', 'phone', 'inconvenient', 'swap', 'card', 'speaker', 'phone', 'performance', 'speaker', 'camera', 'lack', 'stabilization', 'photo', 'pixel', 'situation', 'phone', 'amount', 'bloatware', 'apps', 'sony', 'software', 'storage', 'conclusion', 'phone', 'size', 'phone', 'compromise', 'water', 'dust', 'resistance', 'star', 'headphone', 'jack'],
['phone', 'month', 'status', 'week', 'computer', 'screen', 'website', 'customer', 'service', 'sony', 'product', 'phone', 'month', 'order', 'board', 'manufacturer', 'thing', 'customer', 'service'],
['iphone', 'user', 'iphone', 'gen', 'year', 'time', 'time', 'apple', 'convert', 'iphone', 'color', 'key', 'point', 'wasn', 't', 'sony', 'phone', 'phone', 'install', 'software', 'min', 'iphone', 'se'],
['phone', 'color', 'darker', 'pic', 'ok.', 'color', 'case', 'phone', 'phone', 'slippery', 'slide', 'hand', 'mind', 'phone', 'slide', 'finger', 'floor', 'case', 'problem', 'camera', 'button', 'camera', 'feeling', 'button', 'camera', 'button', 'power', 'button', 'volume', 'button', 'review', 'comment', 'finger', 'print', 'reader', 'phone', 'deal', 'phone', 'reviewer', 'case', 'find', 'sensor', 'thicker', 'phone', 'guess', 'phone', 'star', 'thinner', 'speaker', 'sound', 'phone'],
['phone', 'apple', 'product', 'year', 'month', 'phone', 'factor', 'sheet', 'ability', 'phone', 'regret', 'phone', 'cable', 'ec270', 'sony', 'verizon', 'work', 'phone', 'verizon', 'sony', 'phone', 'family', 'friend'],
['phone', 'samsung', 'brand', 'day', 'day', 'deadzone', 'phone', 'phone', 'area', 'imagine', 'battery', 'life', 'fingerprint', 'reader', 'work', 'phone', 'keyboard', 'glass', 'frame', 'face', 'case', 'foot', 'screen', 'video', 'jack', 'help', 'phone', 'headphone', 'jack', 'adapter', 'pair', 'headphone', 'port', 'headphone', 'jack', 'dozen', 'time', 'headphone', 'sony', 'phone', 'pair', 'sony', 'product'],
['verizon', 'voice', 'account', 'reason', 'phone', 'text', 'call', 'voice', 'verizon', 'service', 'impression', 'thing', 'verizon', 'support', 'useless', 'problem', 'gut', 'reaction', 'size', 'lot', 'content', 'phone', 'bulky', 'width', 'reach', 'device', 'small..', 'whatever..', 'yay', 'card', 'boo', 'headphone', 'jack', 'ip68', 'phone', 'jack', 'lazy', 'designer', 'lol', 'box', 'dongle', 'type', 'headphone', 'connection', 'issue', 'headphone', 'frustrating', 'dim', 'borderline', 'setting', 'app', 'safety', 'feature', 'phone', 'dim', 'scenario', 'restaurant', 'turn', 'voice'],
['hold', 'curve', 'size', 'super', 'pocket', 'phone', 'z3', 'compact', 'usage', 'excitement', 'day', 'energy', 'thing', 'day', 'function', 'battery', 'day', 'tomorrow', 'energy', 'mode', 'precaution', 'stand'],
['money', 'time', 'listing'],
['phone', 'take', 'picture', 'battery', 'consumption', 'program', 'battery', 'charge', 'z3v'],
['description', 'state', 'accessory', 'adapter', 'phone', 'charge', 'phone', 'amazon', 'sony', 'power', 'cable', 'fit', 'phone', 'gift', 'wife', 'disappointment'],
['sim', 'review', 'product'],
['samsung', 'phone', 'person', 'model', 'note', 'note', 'thing', 'samsung', 'battery', 'life', 'samsung', 'software', 'phone', 'decision', 'phone', 'sony', 'experia', 'flagship', 'phone', 'samsung', 'complaint', 'battery', 'life', 'samsung', 'combination', 'size', 'apps', 'background', 'day', 'experience', 'nexus', 'phone', 'year', 'cloud', 'apps', 'background', 'fact', 'phone', 'model', 'pocket', 'year', 'size', 'phone', 'size', 'version'],
['work', 'verizon', 'card', 'verizon', 'hour', 'retutn', 'phone', 'card..', 'phone'],
['review', 'product'],
['criterion', 'phone', 'i.e', 'inch', 'bill', 'day', 'phone', 'camera', 'fingerprint', 'sensor', 'issue', 'phone', 'screen', 'fingerprint/smudge', 'speaker', 'life', 'meeting', 'thing', 'fingerprint', 'sensor'],
['phone', 'voicemail', 'tmobile', 'service', 'consideration', 'phone', 'plan', 'android', 'io', 'work', 'phone', 'kind', 'blog', 'folk', 'issue', 'phone', 'call', 'son', 'restart', 'phone', 'work', 'bit', 'thing', 'return', 'phone', 'day', 'work', 'provider', '’', 'phone', 'issue', 'phone', 'future', 'replacement', 'itouch'],
['phone', 'feel', 'version', 'flagship', 'xz2', 'phone', 'company', 'spec', 'version', 'perfect', 'hand', 'con'],
['phone', 'size', 'issue', 'replacement', 'item', 'delivery', 'guy', 'item', 'camera', 'button', 'sunk', 'press', 'activate'],
['sony', 'brand', 'phone', 'performance', 'memory', 'phone', 'work', 'version', 'memory', 'memory', 'card', 'memory', 'vard', 'storage', 'music', 'picture', 'lot', 'performance'],
['htc', 'phone', 'year', 've', 'phone', 'recall', 'sony', 'lg', 'm', 'experience', 'sony', 'driver', 'galaxy', 'lag', 'android', 'user', 'interface', 'camera', 'button', 'microsd', 'storage', 'standard', 'storage', 'hdr', 'lcd', 'display', 'notch', 'battery', 'life', 'charge', 'stereo', 'speaker', 'camera', 'crisp/sharp', 'image', 'reader', 'band', 'gsm', 'cdma', '+', 'software', 'build', 'quality', 'feel', 'dust', 'water', 'factory', 'button', 'placement', 'feel', 'sale', 'con', 'wireless', 'sony', 'bloatware', 't', 'jack', 'dongle', 'camera', 'app', 'time', 'price', 'bit', 'design', '”', 'phone', 'sony', 'design', 'corner', 'curve', 'edge', 'glass', 'screen', 's', 'note', 'ratio', 'display', 'majority', 'phone', 'phone', 'ratio', 'phone', 'preference', 'example', 've', 'keyboard', 'phone', '’', 's', '’', 'phone', 'place', 't', 'mind', 'plastic', 'doesn', 't', 'feel', 'job', 'port', 'bottom', 'button', 'sony', 'phone', 'fingerprint', 'reader', 'microsd', 'tray', 'finger', 'front', 'notification', 'feature', 'front', 'speaker', 'sony', 'phone', 'quality', 'appearance', 'day', 'surprise', 'feature', 'o', 'feature', 'phone', 'tablet', 'feel', 've', 'stock', 'android', 'phone', 'change', 'slide', 'tweak', 'keep', 'touch', 'feature', 'addition', 'theme', 'widget', 'wallpaper', 'setting', 'life', 'phone', 's', 'google', 'marshmallow', 'functionality', 'feature', 'stretch', 'runtime', 'manufacture', 'exclude', 'case', 'exclude', 't', 'sleep', 'i.e', 'form', 'sony', 'party', 'apps', 't', 'disable/hide', 's', 'pretend', '’', 't', 'm', 'fan', 'stock', 'android', 'll', 'performance', 'functionality', 'doesn', 't', 'case', 'feature', 'time', 'review', 'sony', 'build', 'performance', 'stutter', 'lag', 'thing', 'phone', 've', 'phone', 'reason', 'interface', 'manufacture', 'sony', 'flagship', 'phone', 've', 'ram', 'sign', 'stutter', 'lag', 'example', 'performance', 'task', 'folk', 'game', 'simcity', 'anomaly', 'help', 'phone', 'bit', 'setup', 'norm', 'chip', 'time', 's', 'cool', 'display', 'display', 'ip', 'hdr', 'display', 'fact', 'hold', 'level', 'image', 'angle', 'color', 'level', 'display', 'adjustment', 'screen', 'ip', 'panel', 'notice', 'quality', 'level', 'display', 'resolution', 'panel', 'face', 'sony', 'quality', 'panel', 'continue', 'bar', 'default', 'color', 'side', 'preference', 'auto-brightness', 'year', 'point', 's', 'condition', 'preference', 'scenario', 'camera', 'sony', 'camera', 'sensor', 'manufacture', 'solution', 'phone', 'software', 'thing', 'camera', 'improvement', 'sony', 'phone', 'sony', 'camera', 'user', 't', 'camera', 'feature', 've', 'smartphone', 'feature', 'fun', 'sony', 'thing', 'ar', 'app', 'effect', 'theme', 'picture', 'modeling', 'feature', 'shot', 'picture', 'phone', 'situation', 'image', 'zoom', 'camera', 'shine', 'color', 'crisp', 'image', 'descent', 'camera', 'difference', 'sony', 'increase', 'iso', 'point', 'image', 'capture', 'brighter', 'samsung', 'smoother', 'post', 'picture', 'darker', 'detail', 'case', 's', 'camera', 'button', 'camera', 'app', 'focus', 'demand', 'camera', 'majority', 'image', 'majority', 'situation', 'camera', 'shame', 'video', 'd', 'class', 'video', 'galaxy', 's8', 'hdr', 'video', 'time', 'experience', 'produce', 'vivid', 'picture', 'detail', 'mileage', 'time', 'video', 'apparent', 'motion', 'video', 'capture', 'start', 'video', 'capture', 'motion', 'hit', 'record', 'button', 'moment', 'implementation', 'capture', 'time', 'work', 'action', 'scene', 'plenty', 'resolution', 'light', 'portion', 'video', 'motion', 'record', 'audio', 'motion', 'create', 'fun', 'quality', 'wort', 'occasion', 'camera', 'app', 'error', 'exit', 'week', 'battery', 'feature', 'list', 'phone', 'manufacture', 'phone', 'mah', 'battery', 'power', 'efficient', 'chipset', 'software', 'improvement', 'display', '’', 'average', 'battery', 'life', 'hour', 'time', 'day', 'usage', 'half', 'brightness', 'video', 'game', 'radio', 'mileage', 'phone', 'decide', 'push', 'brightness', 'time', 'game', 'll', 'charger', 'dinner', 'time', 'disposal', 'qualcomm', 'charge', 'prefer', 'avoid', 'cord', 'bedtime', 'user', 'phone', 'stress', 'test', 'battery', 'fare', 'screen', 'size', 'pixel', 'push', 'help', 'lot', 'move', 'variant', 'sound', 'speaker', 'front', 'industry', 'trend', 'shove', 'speaker', 'placement', 'perfect', 'game', 'speaker', 'volume', 'isn', 'issue', 'doesn', 't', 'depth', 'stereo', 'separation', 'sound', 'll', 'quality', 'speaker', 'day', 'phone', 'sony', 'fashion', 'phone', 'factory', 'band', 'gsm', 'cdma', 'carrier', 'cover', 'band', 'key', 'coverage', 'carrier', 'location', 've', 'lot', 'bar', 'transfer', 'rate', 'carrier', 'par', 'carrier', 'device', '+', 'microsd', 'sim', 'option', 'feature', 'point', 'sony', 'phone', 's8', 'percentage', 'point', 'speed', 'strength', 'range', 'sony', 'foot', 'samsung', 'voice', 'quality', 's', 'phone', 'voice', 'call', 'work', 'earpiece', 'work', 'device', 'vehicle', 'issue', 'call', 'speakerphone', 'functionality', 'point', 'party', 'sound', 'speaker', 'quality', 'party', 'problem', 'hearing', 'didn', 'venture', 'phone', 'fingerprint', 'reader', 'phone', 'fingerprint', 'reader', 'phone', 's', 'center', 's', 'surface', 'camera', 'solution', 'case', 've', 'problem', 'reader', 'response', 'work', 'conclusion', 'size', 'thing', 'driver', '”', 'phone', 'aspect', 'ratio', 'bit', 'manufacture', 'size', 'phone', 'compensate', 'aspect', 'ratio', 'con', 'face', 'sim', 'wireless', 'flagship', 'camera', 'app', 'glitch', 'week', 'review', 'evaluation', 'phone', 'size', 'join', 'phone', 'phone', 'price', 'phone', 'market', 'android', 'smartphone', 'fact', 'premium', 'star'],
['phone', 'display', 'crisp', 'sound', 'phone', 'movie', 'level', 'camera', 'picture', 'spent', 'smartphone', 'life', 'iphone', 'phone', 'heft', 'feel', 'phone', 'bit', 'bit', 'thicker', 'iphone', 'breaker'],
['phone', 'fan', 'phone', 'choice', 'size', 'bit', 'performance', 'wise', 'setup', 'camera', 'thing', 'drop', 'star', 'phone', 'weight', 'feel', 'lot', 'weight', 'phone', 'camera', 'work', 'battery', 'forever', 'problem', 'fingerprint', 'sensor', 'att', 'network'],
['customer', 'product', 'review', 'detail', 'phone', 'manufacturer', 'defect', 'sony', 'support', 'month', 'warranty', 'repair', 'process', 'phone', 'day', 'device', 'product', 'manufacturer', 'warranty', 'round', 'back-and-forth', 'customer', 'service', 'return', 'sony', 'repair', 'center', 'repair', 'process', 'business', 'day', 'repair', 'status', 'sony', 'xperia', 'support', 'repair', 'week', 'support', 'delay', 'treat', 'case', 'phone', 'point', 'repair', 'possession', 'phone', 'day', 'phone', 'warranty', 'week', 'status', 'repair', 'update', 'support', 'day', 'repair', 'center', 'phone', 'repair', 'day', 'week', 'day', 'phone', 'update', 'shipping', 'status', 'day', 'day', 'system', 'repair', 'phone', 'repair', 'facility', 'time', 'support', 'email/phone', 'conversation', 'lack', 'communication', 'repair', 'facility', 'oversight', 'sony', 'process', 'support', 'process', 'timing', 'nature', 'device', 'repair', 'repair', 'facility', 'status', 'customer', 'device', 'sony', 'sony', 'possession', 'day', 'repair', 'process', 'support', 'staff', 'device', 'lieu', 'phone', 'process', 'arrangement', 'customer', 'service', 'solution', 'process', 'product', 'friend', 'family', 'colleague', 'purchase', 'sony', 'product', 'future', 'company', 'horror', 'product', 'warranty', 'repair', 'process', 'repair', 'facility', 'phone', 'function', 'manufacturer', 'defect', 'sony', 'support', 'customer', 'service', 'experience', 'company', 'week', 'phone', 'purchase', 'phone', 'day', 'enemy', 'product', 'cost'],
['compact', 'sony', 'image', 'quality', 'sound', 'quality', 'connection', 'phone'],
['phone', 'facebook', 'facebook', 'facebook', 'spy', 'sony', 'rest', 'camera', 'sony', 'divorce', 'facebook', 'marriage'],
['sony', 'xperia', 'fan', 'picture'],
['feel', 'sony', 'design', 'team', 'job', 'device', 'slide', 'surface', 'facade', 'ground', 'device', 'damage', 'week', 'phone', 'shape', 'brand', 'phone', 'shape', '>', 'year', 'z5', 'week', 'spent', 'xz2', 'z5', 'screen', 'device', 'sony', 'board', 'curve', 'day', 'experience', 'conclusion', 'case', 'fall', 'fail', 'box', 'phone', 'battery', 'life', 'phone', 'power', 'hour', 'sit', 'feedback', 'phone', 'call'],
['smartphone', 'market', 'feature', 'performance', 'size'],
['phone', 'card', 'text', 'message', 'call', 'thought', 'problem', 'activation', 'day', 'verizon', 'network', 'tier', 'support', 'callback', 'feature', 'issue', 'problem', 'phone', 'call', 'verizon', 'feature', 'note', 'phone', 'time', 'screen', 'size', 'phone'],
['phone', 'requirement', 'sim', 'gift'],
['work', 'android', 'phone', 'nuff'],
['hate', 'phone', 'tablet', 'day', 'tv', 'tv', 'tablet', 'tablet', 'phone', 'f', 'phone', 'mini', 'carrier', 's6', 'edge', 's6', 'month', 'month', 'year', 'change', 'screen', 'mouse', 'work', 'screen', 'cable', 'phone', 'find', 'issue', 's6', 'edge', 'curve', 'edge', 'side', 'phone', 'samsung', 'feature', 'screen', 'amazon', 'warehouse', 'condition', 'dent', 'device', 'box', 'charger', 'dirty', 'card', 's6', 'edge', 'compact', 'verizon', 'problem', 'speed', 'test', 'cell', 'network', 'phone', 'mbps', 'down/up', 'office', 'house', 'service', 'house'],
['sony', 'phone', 'checklist', 'thing', 'price', 'size', 'speed', 'camera', 'sturdy', 'design', 'life', 'criterion', 'caveat', 'bear', 'mind', 'bargain', 'sale', 'tax', 'making', 'phone', 'company', 'screen', 'phone', 'fit', 'hand', 'letter', 'keypad', 'point', 'type', 'camera', 'crisp', 'photo', 'balance', 'color', 'ambient', 'light', 'photo', 'video', 'amount', 'detail', 'audio', 'shallow', 'tinny', 'cpu', 'messenger', 'time', 'exception', 'text', 'file', 'minute', 'half', 'macbook', 'metal', 'body', 'glass', 'screen', 'punishment', 'caveat', 'presence', 'apps', 'phone', 'amazon', 'duo', 'assist', 'swiftkey', 'host', 'apps', 'sony', 'process', 'taste', 'course', 'sort', 'phone', 'amount', 'time', 'energy', 'software', 'engineering', 'caveat', 'sony', 'bargain', 'cpu', 'camera', 'sleekest', 'design', 'job', 'number', 'criterion', 'mistake', 'bank', 'account', 'option', 'mind'],
['phone', 'review', 'month', 'unfamiliarity', 'sony', 'phone', 'carrier', 'bloatware', 'phone', 'camera', 'photo', 'dim', 'condition', 'love', 'size', 'option', 'phone', 'size', 'hand', 'fat', 'clumsy', 'finger', 'phone', 'problem', 'phone', 'voicemail', 'message', 'issue', 'card', 'hour', 'forum', 'issue', 'hour', 'verizon', 'store', 'tech', 'figure'],
['phone', 'screen', 'color', 'accurate', 'hold', 'display', 'phone', 'feel', 'sony', 'rom', 'samsung', 'phone', 'flagship', 'lot', 'phone', 'flaw', 'defeat', 'jack', 'deal', 'wireless', 'headphone', 'body', 'position', 'time', 'volume', 'rocker', 'place', 'power', 'button', 'fingerprint', 'sensor', 'hitting', 'volume', 'button', 'power', 'button', 'stereo', 'speaker', 'volume', 'watch', 'netflix'],
['feature', 'sony', 'phone', 'camera', 'problem', 'version', 'hand', 'problem', 'typing'],
['phone', 'galaxy', 's8', 'phone', 'hand', 'phone', 'galaxy', 's6', 'samsung', 'feel'],
['month', 'phone', 'hand', 'hardware', 'hand', 'display', 'couple', 'pocket', 'hand', 'sony', 'purpose', 'easy'],
['post', 'phone', 'verizon', 'work', 'verizon', 'california', 'sleeker', 'apps', 'network', 'hotspot', 'experience', 'flagship', 'phone', 'fit', 'pocket'],
['year', 'phone', 'replacement', 'phone', 'resolution', 'spec', 'hand', 'case', 'surprise', 'fast', 'pie', 'release', 'google', 'security', 'update', 'system', 'outdoor', 'mapping', 'car', 'miata', "'navigation", 'water', 'lot', 'salt', 'water', 'spray', 'drop', 'e.g', 'parking', 'lot', 'case', 'phone', 'camera', 'slr', 'cell', 'phone', 'work', 'light', 'start', 'image', 'phone', 'sony', 'field', 'phone', 'trend', 'render', 'apple', 'lineup', 'model', 'limitation', 'phone', 'appearance', 'notch', 'bar', 'top', 'bottom'],
['phone', 'phone', 'verizon', 'vzw', 'hey', 'receive', 'call', 'talk', 'network', 'verizon', 'online', 'text', 'text', 'hour', 'phone', 'verizon', 'support', 'crap', 'rotate', 'phone', 'change', 'sock', 'chain', 'support', 'solve', 'problem', 'phone', 'sad', 'phone', 'sony', 'compact', 'phone', 'compatible', 'network', 'phone'],
['time', 'size', 'hand', 'device', 'hiccup', 'call', 'verizon', 'network', 'sim', 'card', 'swap'],
['phone', 'love', 'form', 'factor', 'pocket', 'fingerprint', 'feel', 'sensor', 'spot', 'problem', 'prevent', 'star', 'hand', 'trigger', 'edge', 'phone', 'side', 'speaker', 'medium', 'playback', 'volume', 'place', 'background', 'noise', 'car'],
['[', ']', 'display', 'zeitgeist', 'millennium', 'typist', 'demise', 'bb', 'keyboard', 'model', 'conflict', 'kierkegaard', 'idea', 'phone', 'samsung', 's4', 'card', 'case', 'apps', 'size', 'phone', 'choice', 'buy', 'return', 'north', 'list', 'price', 'sale', 'price', 'list', 'price', 'deal', 'month', 'model', 'carrier', 'sigh', '>', 'phone', 'store', 'card', 's4', 'card', 'cropper', 'fit', 'holder', 'hardware', 'change', 'phone', 'model', 'body', 'camera', 'edge', 'model', 'shift', 'fingerprint', 'sensor', 'figure', 'image', 'size', 'difference', 'model', 'model', 'period', 'time', 'performance-degradation', 'risk', 'phone', 'level', 'performance', 'test', 'cam', 'quality', 'fingerprint', 'sensor', 'model', 'agreement', 'carrier', 'phone', 'convex', 'camera', 'fingerprint', 'sensor', 'bottom', 'edge', 'hand', 'size', 'glove', 'finger', 'hand', 'phone', 'fingerprint', 'sensor', 'camera', 'model', 'figure', 'oz/168', 'g', 'oz/206', 'g', 'tpu', 'case', 'temperate', 'glass', 'screen', 'protector', 'phone', 'weight', 'bit', 'size', 'example', 'samsung', 's4', 'discomfort', 'pocket', 'phone', 'search', 'clothing', 'hand', 'hold', 'phone', 'hand', 'control', 'button', 'edge', 'side', 'control', 'button', 'finger', 'fingerprint', 'sensor', 'thumb', 'type', 'location', 'android', 'menu', 'samsung', 'sony', 'interface', 'packing', 'box', 'guide', 'pdf', 'link', 'product', 'october', 'guide', 'version', 'device', 'march', 'version', 'boot', 'phone', 'mode', 'insure', 'facebook', 'app', 'refuse', 'track', 'insure', 'door', 'phone', 'window', 'computer', 'companion', 'app', 'sony', 'website', 'parent', 'folder', 'figure', 'com.sony', 'facebook', 'backup', 'copy', 'folder', 'facebook', 'apps', 'screen', 'phone', 'reason', 'star', 'brightness', 'control', 'increase', 'screen', 'hope', 'future', 'software', 'rollout', 'pie', 'number', 'version', 'update', 'version', 'march', 'week', 'pie', 'build', 'issue', 'exception', 'brightness', 'control', 'phone', 'superb', 'device', 'battery', 'life', 'phone', 'entertainment', 'purpose', 'ip65/68', 'rating', 'protection', 'ip', ']', 'rating', 'dust', 'water', 'jet', 'spray', 'immersion', 'depth', 'sony', 'phone', 'ip', 'rating', 'sony', 'correct', 'september', 'claim', 'phone', 'water-proof', 'e.g.', 'rain', 'faucet', 'cover', 'compact', 'capless', 'port', 'visit', 'website', 'support.sonymobile', 'search', 'water', 'dust', 'protection', 'family'],
['died-in-the-wool', 'iphone', 'change', 'chance', 'review', 'phone', 'ta', 'thing', 'iphone', 'phone', 'edge', 'bezel', 'battery', 'life', 'screen', 'speaker', 'con', 'bit', 'taste', 'phone', 'feel', 'hand', '*camera', 'phone', 'time', 'voice', 'verizon', 'account', 'sm', 'sensor', 'finger', 'operating', 'system', 'apple', 'vet', 'apps', 'kind', 'west', 'apps', 'google', 'user', 'phone', 'phone'],
['time', 'sticker', 'finger', 'print', 'scanner', 'center', 'phone', 'verizon', 'call', 'customer', 'tech', 'support', 'hd', 'voice', 'voice', 'mail', 'account'],
['phone', 'gon', 'h+', 'service', 'sony', 'phone', 'talk', 'unit', 'description', 'phone', 'att', 'experience'],
['screen', 'striation', 'month', 'warranty', 'sony', 'phone'],
['excelente', 'compra', 'funciona', 'ecuador', 'sin', 'ningun', 'problena'],
['brand', 'phone', 'seal', 'box'],
['form', 'factor', 'flagship', 'lot', 'day', 'thing', 'option', 'competition'],
['tuner', 'headphone', 'jack', 'quality', 'fingerprint', 'reader', 'button', 'placement', 'ir', 'blaster', 'button', 'bottom', 'bezel', 'heft', 'convex', 'typing', 'phone', 'hold', 'screen', 'hold', 'print', 'reader', 'center', 'contort', 'finger', 'camera', 'half', 'time', 'reason', 'time', 'work', 'load', 'feature', 'design', 'flaw', 'sony', 'tuner', 'headphone', 'jack', 'bottom', 's7', 'bottom', 'button', 'side'],
['work', 'gsm', 'carrier', 'week', 'straighttalk', 'sony', 'straighttalk', 'straighttalk', 'buying', 'sony', 'waste', 'time'],
['phone', 'cpu', 'decent', 'battery', 'life', 'phone', 'screen', 'battery', 'life', 'day', 'camera', 'speaker', 'sony', 'security', 'price', 'drop'],
['phone', 'screen', 'finger', 'print', 'scanner', 'work', 'dream', 'guess', 'reason', 'headphone', 'jack', 'phone', 'compact', 'market'],
['love', 'phone', 'color', 'size', 'day', 'alarm', 'clock', 'alarm', 'sound', 'day', 'week', 'notification', 'sound', 'speaker', 'brand', 'phone', 'thing', 'apps', 'issue', 'return', 'samsung', 'month', 'issue', 'week', 'phone', 'decision', 'phone', 'issue', 'price', 'moment', 'recommend', 'sony'],
['phone', 'quality', 'expectation', 'feel', 'hand', 'lot', 'room', 'pocket', 'o'],
['imperfection', 'bottom', 'side', 'phone', 'guess', 'owner', 'kind'],
['product', 'apple', 'tablet', 'pocket', 'phone', 'size', 'model', 'direction', 'phone', 'wife', 'iphone', 'thicker', 'phone', 'phone', 'phone', 'oreo', 'battery', 'life', 'phone', 'size', 'perfect', 'phone', 'device'],
['phone', 'work', 'phone', 'replacement', 'phone', 'hand', 'battery', 'feel', 'part', 'flagship', 'phone', 'size', 'verizon', 'voicemail', 'text', 'problem', 'network', 'minute', 'factory', 'phone', 'card', 'factory', 'reset', 'problem', 'airplane', 'mode', 'phone', 'recommend', 'case', 'grip', 'phone'],
['size', 'phone', 'note', 'version', 'sony', 'quality', 'feature', 'chunky', 'weighty', 'camera', 'battery', 'battery', 'day', 'drain', 'serve', 'hotspot', 'computer', 'charge', 'charger', 'charger', 'sony', 'camera', 'phone', 'picture', 'phone', 'iphone', 'light', 'video', 'camera', 'button', 'button', 'screen', 'care', 'camera', 'feature', 'work', 'network', 'option', 'hook', 'verizon', 'phone', 'work', 'size', 'speakerphone', 'feature', 'microphone', 'voice', 'distance', 'modification', 'bit', 'year', 'cry', 'case', 'phone', 'iike', 'case', 'ringke', 'design', 'pattern', 'anti', 'slip', 'shock', 'case', 'wrist', 'strap', 'sony', 'phone', 'market', 'question', 'phone'],
['phone', 'month', 'today', 'phone', 'screen', 'blurry', 'box', 'color', 'bit', 'part', 'screen', 'power', 'button', 'sony', 'logo', 'screen', 'turn', 'product', 'support', 'month', 'month', 'mid-range', 'phone', 'conk', 'month'],
['quit', 'phone', 'note', 'edge', 'year', 'apple', 'phone', 'sony', 'phone', 'store', 'resolution', 'phone', 'hand', 'price', 'speed', 'ease', 'samsung', 'droid', 'apps', 'problem', 'fingerprint', 'recognition', 'work', 'thing', 'color', 'resolution', 'image', 'lifelike', 'speaker', 'vibrant', 'phone', 'price', 'point', 'refuse', 'pay', 'phone', 'consider', 'sony', 'xperia'],
['competitor', 'week', 'complaint', 'camera', 'band', 'feature', 'call', 'issue', 'fit', 'pocket', 'bit', 'hold', 'wrap', 'hand', 'phone', 'reach', 'thumb', 'hr', 'screen', 'time', 'day', 'usage', 'joy', 'simple', 'lot', 'suggestion', 'week', 'complaint', 'finger', 'print', 'reader', 'bend', 'finger', 'bit', 'work', 'turn', 'stay', 'device', 'fitbit'],
['side', 'phone', 'mint', 'color', 'footprint', 'carry', 'bloatware', 'amazon', 'apps', 'pie', 'update', 'phone', 'wifi', 'sony', 'software', 'month', 'sony', 'act', 'heard', 'problem', 'phone', 'buying', 'problem'],
['release', 'sony', 'lineup', 'offer', 'technology', 'step', 'direction', 'experience', 'customer', 'sony', 'factory', 'phone', 'screen', 'warranty', 'work', 'volte/wifi', 'technology', 'audio', 'port', 'operation', 'functionality', 'phone', 'technology', 'work', 'phone', 'house', 'bar', 'reception', 'reception', 'room', 'experience', 'call', 'text', 'message', 'minute', 'order', 'error', 'fail', 'audio', 'port', 'thicker', 'aux', 'port', 'technology', 'head', 'brain', 'simple', 'phone', 'sound', 'system', 'dongle', 'connection', 'time', 'step', 'direction', 'predecessor', 'screen', 'taller', 'photograph', 'size', 'operation', 'operation', 'balance', 'support', 'bottom', 'phone', 'support', 'balance', 'phone', 'operate', 'touch', 'screen', 'thumb', 'screen', 'inch', 'space', 'top', 'screen', 'thumb', 'pull', 'menu', 'order', 'operation', 'pinky', 'move', 'position', 'bottom', 'edge', 'phone', 'finger', 'phone', 'phone', 'compact', 'shoulder', 'neck', 'phone', 'phone', 'feel', 'hand', 'support', 'phone', 'operation', 'fingerprint', 'scanner', 'operation', 'pin', 'compact', 'finger', 'phone', 'fingerprint', 'scanner', 'require', 'finger', 'position', 'turn', 'hand', 'support', 'phone', 'operation', 'fingerprint', 'scanner', 'fingerprint', 'scanner', 'power', 'button', 'compact', 'market', 'patent', 'issue', 'location', 'operation', 'compact', 'problem', 'drop', 'purchase', 'model', 'storage', 'samsung', 'class', 'microsdxc', 'class', 'card', 'speed', 'mb/s', 'mb/s', 'speed', 'hdr', 'camera', 'card', 'card', 'quality', 'video', 'camera', 'area', 'video', 'camera', 'hdr', 'video', 'camera', 'range', 'video', 'capture', 'shot', 'compact', 'qualcomm®', 'processor', 'battery', 'technology', 'phone', 'camera', 'app', 'pop', 'phone', 'overheat', 'quality', 'hdr', 'video', 'practice', 'photograph', 'support', 'video', 'hdr', 'photography', 'test', 'shot', 'compact', 'stutter', 'framerate', 'hdr', 'technology', 'conclusion', 'technology', 'par', 'compact', 'step', 'direction', 'innovation', 'table', 'scanner', 'password', 'unlock', 'master', 'password', 'camera', 'cool', 'phone', 'product', 'technology', 'conclude', 'sony', 'sim', 'screen', 'warranty', 'product', 'screen', 'light', 'work', 'hand', 'screen', 'option', 'sony', 'lineup'],
['phone', 'hand', 'phone', 'maneuver', 'picture', 'battery', 'day', 'charge', 'verizon', 'store', 'set', 'account', 'phone', 'week', 'phone', 'fine', 'coffee', 'table', 'minute', 'check', 'time', 'charger', 'reset', 'website', 'sony', 'customer', 'service', 'day', 'place', 'service', 'center', 'story', 'send', 'month', 'phone', 'illinois', 'determine', 'repair', 'phone', 'process', 'month', 'replacement', 'phone', 'credit', 'today', 'week', 'bit', 'verizon', 'cost', 'shipping', 'customer', 'service', 'compete', 'phone', 'market', 'policy', 'phone', 'month', 'problem', 'manager', 'understand', 'phone', 'change'],
['compact', 'hand', 'pocket', 'notch', 'processor', 'camera', 'fingerprint', 'sensor', 'sony', 'moss', 'green'],
['phone', 'tablet', 'carry', 'camera', 'light'],
['forget', 'site', 'galaxy', 'iphone', 'smartphone', 'hand', 'pocket', 'search', 'year', 'sony', 'phone', 'slab', 'edge', 'bezel', 'fingerprint', 'side', 'sensor', '’', 've', 's', 'circle', 'location', 's', 'fast', 'work', 'phone', 's', 'phone', 'garner', 'iphone', 'feel', 'hand', 'battery', 'life', 'notch', 'phone', 'lunch', 'phone', 't', 'spec', 'screen', 'speaker', 'camera', 'feel', 'shot', 'do…it', 'motion', 'cool', 'game', 'water', 'match', 'lit', 'air', 'plenty', 'mo', 'phone', 'issue', 'phone', 'att', 'apps', 'load', 'crash', 've', 'camera', 'bug', 'crash', 'review', 'color', 'stand', 'sea', 'phone', 've', 'kind', 'phone'],
['phone', 'work', 'feel', 'phone', 'size', 'year', 'performance', 'difference', 'fact', 'screen', 'crisper', 'phone', 'carry', 'software', 'overlay', 'android', 'bloatware', 'premium', 'phone', 'tablet', 'phone', 'navigate', 'hand'],
['compact', 'complaint', 'design', 'alien', 'obelisk', 'sort', 'inline', 'trend', 'metal', 'edge', 'finger', 'print', 'reader', 'addition', 'service', 'battery', 'care', 'year', 'xcompact', 'hour', 'charge', 'performance', 'worth', 'price', 'phone', 'damn', 'steal'],
['phone', 'hand', 'featured..', 'phone', 'work', 'size', 'wise', 'hold', 'hand', 'print', 'sensor', 'work', 'qi', 'wireless', 'receiver', 'case', 'phone', 'nowi', 'wireless', 'work', 'verizon', 'call', 'vw', 'feature', 'code', 'verizon', 'change', 'phone', 'issue', 'inability', 'test', 'messages..', 'send', 'problem', 'phone', 'pack', 'processor', 'fast..', 'fit', 'pocket', 'day', 'phone', 'bigger..', 'tablet', 'lug', 'buy', 'compact'],
['phone', 'phone', 'display', 'fingerprint', 'sensor', 'work', 'camera', 'good', 'version', 'work', 'battery', 'life', 'work', 'phone', 'feel', 'hand', 'slippery', 'd', 'case', 'reason', 'case', 'button', 'camera', 'power', 'button', 'accident', 'course', 'phone', 'phone', 'brand', 'case', 'maker', 'phone', 'speck', 'otterbox', 'incipio', 'sony', 'phone', 'resort', 'case', 't', 'offer', 'lot', 'style', 'level', 'protection', 'premium', 'case', 'maker', 'case', 'phone', 'phone', 'don', 't', 'mind', 'lack', 'headphone', 'jack', 'sony', 'adapter', 'speaker', 'headphone', 'bluetooth', 'speaker', 'performance', 'qualcomm', 'snapdragon', 'processor', 'apps', 'launch', 'lag', 'interface', 's8', 'phone', 'display', 'samsung', 'note', 'ii', 's', 'display', 'phone', 'compact', 'phone', 'case'],
['camera', 'plain', 'backlight', 'lower-lighting', 'sony', 'issue', 'friend', 'samsung', 'vacation', 'issue', 'night', 'shot', 'sony', 'piece', 'crap', 'situation', 'official', 'review', 'sony', 'camera', 'z5', 'camera', 'condition', 'send', 'photo', 'sony', 'purchase', 'bh', 'photo'],
['model', 'phablet', 'screen', 'verizon', 'provider', 'choice', 'sony', 'flagship', 'price', 'screen', 'vivid', 'sunlight', 'camera', 'sony', 'folk', 'verizon', 'store', 'phone', 'sell', 'model', 'transfer', 'stuff', 's4', 'sim', 'case', 'sony', 'model', 'ala', 'case', 'phone', 'jack', 'dongle', 'dont', 'lose', 'jack', 'dongle', 'sound', 'excellent', 'android', 'phone', 'ticket', 'xz2'],
['review', 'sony', 'compact', 'experience', 'phone', 'tech', 'spec', 'today', 'phone', 'step', 'upper', 'screen', 'year', 'display', 'size', 'phone', 'pocket', 'duty', 'case', 'point', 'case', 'email', 'display', 'case', '”', 'matter', 'size', 'box', 'speaking', 'box', 'phone', 'charger', 'cable', 'adapter', 'plug', 'bud', 'order', 'port', 'connector', 'cable', 'note', 'earphone', 'jack', 'earphone', 'wireless', 'phone', 'music', 'back-up', 'simplicity', 'jack', 'xz2', 'idea', 'dongle', 'work', 'phone', 'port', 'hand', 'plastic', 'cover', 'recommend', 'case', 'screen', 'protector', 'review', 'phone', 'sony', 'film', 'glass', 'protector', 'shape', 'wave', 'phone', 'glass', 'protector', 'style', 'gorilla', 'glass', 'protection', 'minute', 'transferring', 'phone', 'phone', 'time', 'phone', 'speed', 'preserve', 'life', 'battery', 'minute', 'minute', 'minute', '–', 'charging', 'time', 'hr', 'min', 'correction', 'charge', 'life', 'battery', 'thing', 'bt', 'factory', 'experience', 'tile', 'day', 'factor', 'case', 'speed', '–', 'minute', '–', 'minute', 'battery', 'minute', '–', 'hour', 'screentime', 'hr', 'usage', 'mode', 'function', 'phone', 'hr', 'min', 'battery', 'note', 'wifi', 'brightness', 'mobile', 'choice', 'option', 'phone', 'battery', 'hour', 'minute', 'charge', 'hope', 'phone', 'hour', 'minute', 'week', 'form', 'factor', 'intention', 'phone', 'phone', 'grip', 'lot', 'break', 'cell', 'addiction', 'idea', 'tablet', 'ipad', 'time', 'spent', 'screen', 'option', '”', 'screen', 'phone', 'response', 'fingerprint', 'reader', 'photo', 'camera', 'lag', 'focus', 'photo', 'battery', 'life', 'batter', 'phone', 'size', 'example', 'phone', 'hr', 'screentime', 'hr', 'min', 'battery', 'battery', 'level', 'lowest', 'phone', 'hr', 'min', 'screentime', 'hr', 'min', 'battery', 'battery', 'level', 'call', 'quality', 'connection', 'device', 'connection', 'apps', 'phone', 'couple', 'playstation', 'feature', 'hand', 'price', 'hefty', 'phone', 'price', 'year', 'usage', 'technology', 'consumer', 'phone', 'pocket', '”', 'phone', 'mind', 'headphone', 'jack', 'dongle', 'breaker', 'sound', 'course', 'brand', 'android', 'oreo', 'box', 'security', 'level', 'comparison', 'v2', 'security', 'patch', 'protector', 'phone', 'review', 'protector', 'review', 'review', 'screen', 'case', 'flip', 'case', 'thing', 'prefer', 'case', 'sony', 'touch', 'phone', 'flip', 'case', 'screen', 'protector', 'review', 'assistance', 'experience', 'sony', 'half', 'star', 'wireless', 'bulky', 'body', 'fingerprint', 'sensor'],
['case', 'phone', 'grip', 'cutout', 'phone', 'port', 'button', 'phone', 'visible', 'lot'],
['picture', 'sonys', 'screen', 'easy'],
['screen', 'bezel', 'bit', 'phone', 'bezeless', 'bezel', 'guess', 'care', 'bit', 'fingerprint', 'sensor', 'bit', 'fingerprint', 'sensor', 'placement', 'glossy', 'edge', 'screen', 'picture', 'vibrant', 'pick', 'color', 'color', 'pop', 'vivid', 'mode', 'netflix', 'video', 'camera', 'produce', 'picture', 'lot', 'video', 'video', 'phone', 'stabilization', 'performance', 'course', 'sd', 'trouble', 'app', 'imgur', 'love', 'app', 'reason', 'phone', 'heat', 'minute', 'battery', 'hour', 'screen', 'time', 'gps', 'driver', 'insurance', 'app', 'screen', 'time', 'hour', 'headphone', 'work', 'headphone', 'bit', 'user', 'music', 'headphone', 'user', 'audiophile', 'dongle', 'system', 'sony', 'mdr', 'phone', 'dongle', 'front', 'speaker', 'phone', 'month'],
['phone', 'display', 'camera', 'size', 'work', 'verizon', 'con', 'hdr', 'amazon', 'video', 'netflix', 'freeze', 'randomly'],
['review', 'fact', 'work', 'lte', 'work', 'problem', 'lte', 'service', 'sim', 'size', 'battery', 'life', 'phone', 'option', 'phone', 'phone', 'week'],
['extensive', 'performance', 'wise', 'phone', 'game', 'watch', 'video', 'phone', 'issue', 'preview', 'quality', 'choose', 'color', 'option', 'phone', 'setting', 'time', 'color', 'preference', 'course', 'network', 'provider', 'metropcs', 'problem', 'service', 'phone', 'store', 'buy', 'card', 'transfer', 'phone', 'number', 'sony', 'phone', 'performance', 'beautiful', 'phone', 'design', 'hand', 'service', 'provider', 'battery', 'life'],
['phone', 'ease', 'battery', 'life', 'bloatware', 'problem', 'point', 'day', 'fingerprint', 'sensor', 'phone', 'option', 'touch', 'phone', 'month', 'ownership', 'sony', 'thing', 'software', 'repair', 'computer', 'phone', 'online', 'model', 'sensor', 'power', 'button', 'sony', 'answer', 'work', 'repair', 'sensor', 'possibility', 'issue', 'work', 'head', '.lol'],
['battery', 'life', 'functionality', 'speed', 'sound', 'speaker', 'camera', 'review', 'generation', 'pixel', 'camera', 'quality', 'year', 'comparison'],
['complaint', 'price', 'seamless', 'hookup', 'verizon', 'card', 'phone', 'camera', 'phone', 'fit'],
['time', 'camera', 'work', 'music', 'music', 'sound', 'speaker', 'battery', 'charge', 'phone'],
['sony', 'brand', 'smartphone', 'characteristic', 'package', 'brand', 'offer', 'brother', 'half', 'size', 'battery', 'processor', 'ram', 'storage', 'camera', 'sony', 'offering', 'battery', 'life', 'year', 'advance', 'camera', 'competitor', 'lack', 'image', 'video', 'hdr', 'shoot', 'accurate', 'reality', 'color', 'sony', 'compact', 'problem', 'bottom', 'speaker', 'creepy', 'day', 'result', 'speaker', 'apps', 'phone', 'map', 'thing', 'video', 'stereo', 'speaker', 'time', 'phone', 'breaking', 'problem', 'smartphone', 'sony', 'marketing', 'campaign', 'technology', 'way', 'competitor', 'offer', 'phone', 'z', 'waterproof', 'display', 'capture', 'stereo', 'speaker', 'display', 'display', 'brand', 'lack', 'design', 'sony', 'trend', 'notch'],
['work'],
['week', 'september', 'yesterday', 'morning', 'service', 'call', 'message', 'step', 'card', 'luck', 'sony', 'helpful', 'rep', 'step', 'possibility', 'phone', 'care', 'question', 'sad', 'solution', 'link', 'sony', 'support', 'scratch', 'place', 'problem', 'phone', 'problem', 'lack', 'support', 'buy', 'product', 'thing', 'buying', 'phone'],
['iphone', 'se', 'phone', 'price', 'drop', 'feature', 'camera', 'phone', 'bloat', 'ware', 'mainstream', 'android', 'phone', 'phone', 'hold', 'fingerprint', 'sensor', 'placement', 'review', 'thing', 'sure'],
['sony', 'h8314', 'september', 'issue', 'sony', 'o', 'stream', 'patch', 'problem', 'fingerprint', 'sensor', 'screen', 'screen', 'lock', 'network', 'connection', 'time', 'day'],
['android', 'phone', 'verizon', 'phone', 'htc', 'remix', 'mini', 'size', 'iphone', 'work', 'verizon', 'network', 'verizon', 'pocket', 'feature', 'camera', 'picture', 'fingerprint', 'sensor', 'work', 'comparison', 'phone', 'google', 'pixel', 'understand', 'pixel', 'phone', 'review', 'downside', 'wireless', 'deal', 'lack', 'earphone', 'plug', 'adapter', 'phone', 'thicker', 'comparison', 'htc', 'remix', 'battery', 'life', 'phone', 'gauge', 'battery', 'life'],
[],
['review', 'impression', 'notch', 'device', 'fit', 'device', 'hand', 'crisp', 'test', 'pixel', 'camera', 'button', 'camera', 'picture', 'series', 'chipset', 'phone', 'pie', 'download', 'gui', 'apps', 'support', 'o', 'sony', 'job', 'hardware', 'software', 'device', 'job', 'version', 'type', 'c', 'wireless', 'receiver', 'magic', 'plate', 'compensate', 'lack', 'wireless', 'wireless', 'solution', 'work', 'phone', 'addition', 'card', 'version', 'record', 'version', 'card', 'spawn', 'error', 'insufficient', 'speed', 'video', 'cover', 'review', 'confirm', 'support', 'wireless', 'opinion', 'sony', 'absolute', 'compromise', 'compact', 'phone', 'market', 'today', 'bet', 'device', 'review', 'sony', 'model', 'tag', 'version', 'case', 'wireless', 'solution'],
['compact', 'phone', 'verizon', 'att', 'network', 'phone', 'company', 'aim', 'sony', 'top', 'phone', 'fit', 'hand', 'colorful', 'email', 'phone', 'call', 'phone', 'sony', 'choice'],
['google', 'customer', 'support', 'phone', 'android', 'avoid', 'fruit'],
[],
['time', 'brand', 'love'],
['computer', 'pocket'],
['husband', 'start-up', 'phone', 'lot', 'work', 'phone', 'thing', 'level', 'phone', 'consider', 'clarity', 'screen', 'camera', 'apple', 'range', 'sony', 'knock', 'park', 'display', 'tv', 'device'],
['phone', 'screen', 'jesse', 'review', 'volta', 'work'],
['cell', 'phone', 'preference', 'fingerprint', 'scanner', 'place', 'hand', 'length', 'finger', 'scanner', 'thing', 'camera', 'system', 'phone', 'camera', 'button', 'feature', 'phone', 'camera', 'position', 'finger', 'landscape', 'mode', 'system', 'fluid', 'screen', 'manufacture', 'headphone', 'jack', 'purchase', 'duo', 'headset', 'headset', 'sound', 'phone', 'phone', 'glad', 'review'],
['internet', 'text'],
['phone', 'slippery', 'bar', 'soap', 'thing', 'gorilla', 'glass', 'plastic', 'screen', 'prevent', 'seat', 'jeep', 'pocket', 'cotton', 'hold', 'pocket', 'phone', 'day', 'case', 'yeah', 'insurance', 'plan', 'company', 'buy', 'sony', 'loyalist'],
['vine', 'reviewer', 'position', 'phone', 'user', 'keep', 'phone', 'premium', 'fine', 'xz3', 'sony', 'phone', 'sony', 'question', 'sony', 'phone', 'mind', 'emphasis', 'entertainment', 'stereo', 'speaker', 'camera', 'emphasis', 'detail', 'photo', 'build', 'quality', 'sony', 'hardware', 'course', 'apple', 'thing', 'approach', 'camera', 'a/v', 'quality', 'company', 'distance', '*sony', 's', 'lineup*', 'model', 'premium', 'exec', 'tokyo', 'release', 'model', 'month', 'october', 'stock', 'buyer', 'sony', 'month', 'phone', 'phone', 'share', 'ambient', 'flow', 'design', 'language', 'round', 'slippery', 'glass', 'sandwich', 'phone', 'predecessor', 'fingerprint', 'sensor', 'center', 'phone', 'body', 'share', 'motion', 'eye', 'camera', 'sensor', 'motion', 'video', 'shot', 'focus', 'snapdragon', 'adreno', 'graphic', 'flagship', 'difference', 'board', 'ip', 'lcd', 'display', 'resolution', 'xz2', 'premium', 'ram', 'ip', 'lcd', 'screen', 'monochrome', 'camera', 'module', 'performance', 'xz3', 'kind', 'difference', 'ram', 'camera', 'module', 'screen', 'inch', 'hdr', 'display', 'resolution', 'price', 'wise', 'model', 'difference', 'screen', 'close', 'zero', 'eye', 'brightness', 'hdr', 'video', 'trendy', 'side', 'edge', 'samsung', 'galaxy', 'xz2', 'battery', 'life', 'hour', 'time', 'picture', 'price', 'premium', 'display', 'watch', 'lot', 'quality', 'video', 'premium', 'bit', 'perform', 'task', 'ram', 'camera', 'differentiator', 'module', 'camera', 'performance', 'night', 'day', 'difference', 'inspection', 'detail', 'noise', 'premium', 'photo', 'screen', 'resolution', 'bunch', 'contrast', 'ratio', 'price', 'premium', 't', 'choice', '’', 'll', 'premium', 'math', 'budget', 'notes*', 'side', 'sense', '”', 'menu', 'tap', 'edge', 'screen', 'prone', 'misfire', 'annoyance', 'phone', 'pocket', 'orient', 'landscape', 'pull', 'camera', 'tap', 'screen', 'initiate', 'camera', 'offer', 'benefit', 'shutter', 'button', 'phone', '’', 'phone', 'friend', 's9', 'iphone', 'case', 'necessity', 'phone', 'svelte', 'slippery', 'time', 'ringke', 'fusion', 'case', 'phone', 'spot', 'by…', 'sony', 'flagship', 'phone', 'month', 'phone', 'perform', 'screen', 'premium', 'camera', 'area', 'performance', 'decision', 'sony', 'phone', 'xz2', 'user', 'model', 'phone', 'price', 'display', 'camera', '”', 'model', 'price', 'premium', 'photo', 'cat', 'cat', 'side', 'sense', 'menu', 'action', 'hdr', 'video', 'action', 'city', 'scene', 'life', 'light', 'life', 'comment', 'link', 're', 'image'],
['screen', 'lot', 'video', 'phone', 'design', 'feel', 'feel', 'notch', 'material', 'lot', 'thing', 'device', 'performance', 'camera', 'app', 'con', 'phone', 'wifi', 'support', 'network', 'carrier', 'impact', 'device', 'cell', 'phone', 'screen', 'wasting', 'lot', 'battery', 'video', 'camera', 'shot', 'medium', 'light', 'issue', 'phone', 'lack', 'support', 'way', 'accessory', 'carrier', 'support', 'review', 'design', 'phone', 'phone', 'hand', 'bit', 'weight', 'quality', 'imagine', 'time', 'sony', 'phone', 'review', 'heard', 'phone', 'mention', 'finger', 'print', 'sensor', 'location', 'hand', 'contact', 'sensor', 'time', 'location', 'bend', 'finger', 'contact', 'sensor', 'thing', 'preference', 'reviewer', 'complain', 'software', 'sony/android', 'phone', 'easy', 'learn', 'iphone', 'experience', 'sony', 'transfer', 'companion', 'software', 'side', 'sense', 'feature', 'htc', 'pixel', 'phone', 'squeeze', 'user', 'side', 'sense', 'phone', 'finger', 'screen', 'tap', 'doubt', 'sony', 'ram', 'drain', 'battery', 'boost', 'mode', 'cool', 'android', 'pie', 'system', 'thing', 'software', 'feature', 'tweak', 'user', 'ability', 'thing', 'side', 'sense', 'vibration', 'glad', 'sony', 'option', 'place', 'time', 'phone', 'night', 'mode', 'eye', 'hue', 'time', 'battery', 'today', 'day', 'sony', 'phone', 'medium', 'user', 'battery', 'brightness', 'closing', 'apps', 'mode', 'bear', 'charger', 'box', 'charger', 'recharge', 'kind', 'bummer', 'class', 'dude', 'stuff', 'spending', 'phone', 'battery', 'care', 'feature', 'sony', 'phone', 'company', 'ion', 'camera', 'screen', 'phone', 'sony', 'premium', 'display', 'phone', 'notch', 'video', 'phone', 'resolution', 'time', 'tv', 'display', 'buy', 'feel', 'goosebump', 'cold', 'house', 'person', 'perfection', 'screen', 'color', 'pop', 'sony', 'job', 'iphone', 'x', 'feel', 'samsung', 'apple', 'competition', 'thing', 'section', 'screen', 'complaint', 'phone', 'kick', 'phone', 'volume', 'video', 'loud', 'day', 'phone', 'gps', 'speaker', 'surpass', 'road', 'noise', 'highway', 'phone', 'vibration', 'system', 'experience', 'bit', 'reduction', 'latency', 'sony', 'hand', 'sort', 'feel', 'bass', 'phone', 'sound', 'vibration', 'consumption', 'hey', 'stuff', 'phone', 'port', 'aux', 'snob', 'turn', 'time', 'car', 'auxy', 'preference', 'dongle', 'lame', 'camera', 'kind', 'bag', 'sony', 'goody', 'slowmo', 'fps', 'hdr', 'video', 'offer', 'par', 'phone', 'camera', 'conclusion', 'sony', 'hasnt', 'smartphone', 'camera', 'shot', 'light', 'hand', 'shot', 'hand', 'vibration', 'system', 'phone', 'night', 'darker', 'phone', 'picture', 'soup', 'review', 'experience', 'nature', 'phone', 'bit', 'ecosystem', 'experience', 'phone', 'sony', 'phone', 'time', 'experience', 'phone', 'brand', 'apple', 'samsung', 'htc', 'lg', 'phone', 'expectation', 'phone', 'enjoy', 'apps', 'sony', 'music', 'app', 'option', 'startup', 'install', 'apps', 'bloatware', 'cool', 'playstation', 'app', 'amazon', 'phone', 'term', 'playstation', 'compatability', 'option', 'ps4', 'play', 'work', 'connection', 'innovation', 'opportunity', 'playstation', 'sony', 'mobile', 'team', 'phone', 'criticism', 'suspicion', 'country', 'state', 'america', 'step', 'child', 'sony', 'metaphor', 'head', 'food', 'case', 'screen', 'protector', 'store', 'cell', 'phone', 'provider', 'sony', 'phone', 'fun', 'sony', 'style', 'case', 'wireless', 'currency', 'phone', 'perfect', 'phone', 'miscalculation', 'decision', 'sony', 'diety', 'foot', 'land', 'area', 'city', 'cell', 'reception', 'reception', 'thailand', 'city', 'state', 'phone', 'fingerprint', 'sensor', 'btw', 'phone', 'communication', 'phone', 'thing', 'area', 'lack', 'thing', 'phone', 'communication', 'cell', 'reception', 'area', 'reception', 'point', 'phone', 'phone', 'phone', 'complain', 'phone', 'user', 'sony', 'phone', 'phone', 'issue', 'volta', 'skip', 'phone', 'piece', 'technology', 'flaw', 'phone'],
['phone', 'camera', 'scratch', 'proof', 'sony', 'phone'],
['phone', 'sony', 'xperia', 'phone'],
['note', 'x', 'max', 'screen', 'sony', 'sony', 'newer', 'technology', 'desk', 'wa', 'carrier', 'android', 'box', 'camera', 'clearer', 'picture', 'design', 'notch', 'speaker', 'comparing', 'note', 'camera', 'button', 'button', 'con', 'fingerprint', 'scanner', 'bit', 'gesture', 'control', 'phone', 'gesture', 'control', 'pack', 'battery', 'battery', 'percentage', 'day', 'max', 'day', 'hour', 'time', 'watch', 'youtube', 'video', 'play', 'game', 'medium', 'apps', 'facebook', 'headphone', 'jack', 'phone', 'sony', 'headphone', 'flac', 'file', 'conclusion', 'phone', 'sony', 'phone', 'xz2', 'display', 'facing', 'speaker', 'camera', 'battery', 'life', 'comparing', 'flagship', 'hold', 'day', 'sony', 'company', 'camera', 'button', 'phone', 'sony', 'option', 'ear', 'duo', 'phone'],
['phone', 'expectation', 'design', 'slide', 'surface', 'place', 'breaker', 'case', 'thing'],
['product', 'review', 'apple', 'm', 'quality', 'junk', 'phone', 'glad', 'feel', 'hand', 'thing', 'phone', 'screen', 'o', 'simplest', 'android', 'phone', 'turn', 'phone', 'camera', 'take', 'picture', 'sound', 'quality', 'music', 'play', 'ear', 'sony', 'phone', 'quality', 'quality', 'product', 'plane', 'samsung', 'product', 'samsung', 'technology', 'phone'],
['phone', 'fit', 'hand', 'stand', 'display', 'environment', 'bit', 'phone', 've', 'fit', 'hand', 'camera', 'mp', 'f/2.0', 'camera', '’', 've', 'condition', 'front', 'camera', 'contrast', 'image', 'phone', 'video', 'camera', 'mp', 'f/1.9', 'camera', 'work', 'condition', 'finger', 'print', 'scanner', 'work', 'location', 'hand', 'multi', 'touch', 'screen', 'quality', 'feel', 'quality', 'hand', 'o', 'pie', 'speaker', '’', 've', 'heard', 'device', 'time', 'size', 'vibration', 'sound', 'idea', 'sound', 'li-ion', 'mah', 'battery', 'time', 'day', 'con', 'jack', 'trend', 'manufacturer', 'day', 'mode', 'camera', 'portrait', 'flagship', 'phone', 'side', 'sense', 'turn'],
['smartphone'],
['display', 'sound', 'quality', 'super'],
['wow', 'sony', 'phone', 'screen', 'phone', 'v30', 'device', 'eye', 'punchy', 'box', 'jack', 'adapter', 'box', 'helpful', 'time', 'calendar', 'love', 'sony', 'phone', 'screen', 'on..'],
['phone', 'performance', 'mid', 'phone'],
['quality'],
['love', 'xperia'],
['feature', 'phone', 'standard', 'android', 'experience', 'bunch', 'modification', 'sony', 'picture', 'quality', 'movie', 'studio', 'hand', 'feature', 'phone', 'qi', 'fingerprint', 'unlock', 'headphone', 'jack', 'converter', 'phone', 'work', 'life', 'model', 'support', 'concern', 'phone', 'trouble', 'case'],
['amazon', 'bh', 'focus', 'camera', 'sony', 'spec', 'sim', 'nano', 'sim', 'sim', 'sony', 'hold', 'breath', 'volta', 'cut', 'sim', 'ransom', 'sim', 'volta'],
['phone', 'duo', 'screen', 'resolution', 'battery', 'life', 'phone', 'experience', 'phone', 'system', 'crash', 'week', 'purchase', 'support', 'issue', 'phone', 'minute', 'ship', 'service', 'center', 'week', 'phone'],
['phone', 'market'],
['phone', 'sound', 'fingerprint', 'scanner', 'work', 'phone', 'e.g', 'finger', 'quality', 'performance', 'camera', 'light', 'room', 'dark', 'day', 'picture', 'exposure', 'photo', 'day', 'camera', 'hand', 'image', 'stabilization', 'photo', 'eye', 'voice', 'call', 'wifi', 'phone', 'work', 'voice', 'enjoy', 'wifi', 'ton', 'complaint', 'fingerprint', 'scanner', 'sense', 'phone', 'scanner', 'camera', 'camera', 'fingerprint', 'phone', 'scanner', 'center', 'register', 'side', 'scanner', 'camera', 'placement', 'bottom', 'side', 'feel', 'hand', 'phone', 'edge', 'surface', 'hand', 'slip', 'hand', 'hand', 'phone', 'surface', 'point', 'phone', 'slide', 'surface', 'hit', 'floor', 'phone', 'case', 'fence', 'sony', 'feature', 'work', 'trouble', 'week', 'thing', 'camera', 'phone', 'decline', 'rain', 'camera', 'silicone', 'case', 'pocket', 'pant', 'damp', 'video', 'phone', 'day', 'month', 'phone', 'kind', 'thing', 'video', 'youtube', 'guy', 'video', 'dishwasher', 'cycle', 'phone', 'display'],
['product'],
['sony', 'cell', 'phone', 'complaint', 'sony', 'gorilla', 'temper', 'glass', 'phone', 'shirt', 'pocket', 'waist', 'sony', 'situation', 'response', 'repair', 'gorilla', 'glass', 'drop', 'ratio', 'shoulder', 'phone', 'case', 'glass', 'phone', 'pocket', 'beware', 'fall', 'crack', 'position', 'change', 'company'],
['phone'],
['buen', 'dia', 'solo', 'consultando', 'por', 'ha', 'sido', 'entregado', 'quedo'],
['phone'],
['ear', 'duo', 'price', 'choice'],
['screen', 'striation', 'month', 'warranty', 'sony', 'phone'],
['neat', 'phone', 'finger', 'print', 'reader', 'screen', 'camera', 'feature'],
['purchase', 'definition', 'warranty'],
['z5', 'upgrade', 'work', 'carrier', 'bell', 'love', 'phone', 'sony', 'game'],
['phone', 'firmware/security', 'update', 'fast', 'sony', 'firmware', 'android', 'pie', 'customization', 'option', 'finger', 'gimmick'],
['phone'],
['enjoy', 'edge', 'sense', 'function', 'pop', 'touch', 'edge', 'support', 'band', 'volta', 'scanner', 'side', 'qi', 'case', 'premium', 'band', 'volta', 'tmobile', 'premium', 'camera', 'glass', 'body', 'phone', 'slippery', 'case', 'idea', 'duo', 'enjoy', 'sound', 'noise', 'train', 'plane', 'environment', 'lot', 'case', 'assistant', 'enjoy', 'duo', 'hour', 'case', 'battery', 'recharge', 'duo'],
['deal', 'phone', 'quality'],
['sony', 'ram', 'storage', 'memory', 'sony', 'micro', 'sd', 'work', 'charm', 'version', 'costa', 'rica', 'work', 'lte', 'problem', 'box', 'sony', 'c', 'cable', 'headset', 'headset', 'adapter', 'adapter', 'plug', 'outlet', 'brick', 'america', 'version'],
['phone', 'month', 'phone', 'build', 'design', 'display', 'camera', 'friend', 'iphone', 'max', 'display', 'brightness', 'density', 'point', 'price'],
['phone', 'camera', 'subpar', 'situation', 'motion', 'shot', 'side', 'sense', 'mode', 'screen', 'forest', 'gorilla', 'glass', 'darker', 'core', 'processor', 'sony', 'keep', 'brand', 'phone'],
['experience', 'phone', 'feel', 'gem', 'sort', 'glass', 'beautiful', 'screen', 'video', 'picture', 'tv', 'palm', 'hand', 'android', 'platform', 'well', 'experience', 'sony', 'phone', 'sense', 'phone', 'entertainment', 'movie', 'pic', 'video', 'music..', 'phone', 'entertainment', 'work', 'horse', 'plenty', 'ram'],
['equipo', 'muy', 'sólido', 'los', 'estupenda', 'combinación', 'la', 'pantalla', 'e', 'la', 'reproducen', 'son', 'muy', 'buenos', 'tengo', 'casi', 'equipo', 'y', 'ya', 'le', 'han'],
['phone', 'display', 'best..', 'phone', 'buying', 'wealth'],
['phone', 'camera', 'ear', 'duo', 'wear'],
['slippery', 'case'],
['phone', 'screen', 'cellphone', 'iphone', 'samsung', 's9', 'pixel', 'image', 'day', 'night', 'phone'],
['phone', 'blow', 'quality', 'samsung', 's7', 's9', 'phone', 'htc', 'motorola', 'samsung', 'iphone', 'lg', 'xz3', 'brand', 'phone', 'sony', 'screen', 'quality', 'notch', 'camera', 'friend', 'iphone', 'sony', 'camera', 'iphone', 'phone', 'fluid', 'battery', 'work', 'day', 'battery', 'fact', 'music', 'fingerprint', 'sensor', 'react', 'phone', 'exception', 'headphone', 'port'],
['display', 'interface', 'performance', 'love', 'sony', 'touch', 'p', 'battery', 'hr', 'sot', 'youtube', 'auto', 'placement', 'scanner', 'work', 'everytime'],
['product', 'screen', 'year', 'gb', 'ram', 'isnt', 'rocket', 'fast', 'stereo', 'speaker', 'super', 'camera', 'quality', 'duo', 'version', 'buy'],
['paint', 'metal', 'frame', 'handset', 'peel', 'month', 'purchase', 'phone', 'year', 'month', 'metal', 'frame', 'damage', 'phone', 'handset', 'brand', 'model', 'market'],
['android', 'phone', 'sony', 'sony', 'phone', 'distribution', 'phone', 'piece', 'hardware', 'son', 'iphone', 'thing', 'craftsmanship', 'par', 'wrap', 'screen', 'edge', 'sense', 'cut', 'phone', 'fast', 'processor', 'thing', 'fingerprint', 'sensor', 'side', 'idea', 'crash', 'hassle', 'boot', 'start', 'multi', 'day', 'life', 'life', 'iphone', 'age', 'camera', 'post', 'production', 'color', 'correction', 'screen', 'shot', 'photo', 'screen', 'imaging', 'device', 'issue', 'camera', 'nice', 'balance', 'iphone', 'color', 'vivid', 'iphone', 'eye', 'amount', 'io', 'rt-11', 'vms', 'bsd', 'control', 'aspect', 'customization', 'opportunity', 'obligation', 'phone', 'fault', 'con', 'android', 'phone', 'toy', 'afford', 'android', 'choice'],
['family', 'daughter', 'compact', 'hurt', 'quality', 'flagship', 'screen', 'camera', 'waterproof', 'hour', 'foot', 'ocean', 'brought', 'battery', 'user', 'day', 'phone', 'case', 'glass', 'guarantee', 'sooner', 'button', 'button', 'fit', 'press', 'phone', 'case', 'design', 'camera', 'button', 'press', 'fingernail', 'reliably', 'lot', 'convenience', 'hit', 'volume', 'button', 'mode', 'fingerprint', 'scanner', 'power', 'button', 'sort', 'finger', 'camera', 'phone', 'design', 'choice', 'xz1'],
['phone'],
['sony'],
['android', 'system', 'personality', 'quirk', 'side', 'memory', 'minimum', 'day'],
['sony', 'fan', 'phone', 'issue', 'location', 'finger', 'print', 'sensor', 'phone', 'bottom', 'sensor', 'finger', 'land', 'image', 'quality', 'camera', 'tweak', 's8', 'box', 'time', 'lapse', 'option', 'phone', 'material', 'build', 'quality', 'version', 'contender'],
['prestige', 'style', 'option', 'feel', 'hand', 'sport', 'industry-leading', 'screen', 'phone', 'dream', 'minor', 'complaint', 'design', 'color', 'variation', 'tone', 'sony', 'line', 'corner', 'z1', 'aspect', 'ratio', 'phone', 'slender', 'front', 'material', 'contour', 'glass', 'hand', 'aluminum', 'frame', 'opinion', 'glass', 'glass', 'coverage', 'phone', 'edge', 'grip', 'magnesium', 'pixel', 'design', 'feel', 'phone', 'hand', 'decision', 'quality', 'insane', 'dpi', 'tech', 'sony', 'bravia', 'screen', 'camera', 'work', 'scenario', 'processor', 'slowdown', 'games/apps', 'work', 'gamer', 'review', 'cover', 'fingerprint', 'scanner', 'placement', 'con', 'hand', 'plain', 'camera', 'button', 'notch', 'notch', 'flip', 'con', 'pick', 'fingerprint', 'hand', 'winner', 'con', 'slippery', 'surface', 'hand', 'glass', 'feel', 'secure', 'phone', 'case', 'headphone', 'jack', 'reality', 'fancy', 'headphone', 'battery', 'day', 'news', 'minute', 'fire', 'emblem/youtube', 'sony', 'pricing', 'sale', 'buck', 'strategy'],
['sony', 'phone'],
['dongle', 'phone', 'smartphone', 'screen', 'quality', 'phone', 'video', 'phone', 'suit', 'sense', 'feature', 'zoom', 'feature', 'storage', 'screen', 'feature', 'auto', 'rotate', 'screen', 'phone', 'rotate', 'portrait', 'landscape', 'lot', 'camera', 'phone', 'work', 'mode', 'vesus', 'auto', 'mode', 'screen', 'doesnt', 'tap', 'phone', 'apps', 'phone', 'beautiful', 'feature', 'phone', 'situation', 'phone', 'fast', 'duo', 'music', 'voice', 'duo', 'quality', 'phone', 'call', 'control', 'feature', 'duo', 'head', 'battery', 'duo', 'drain', 'piece', 'power'],
['sony', 'product', 'series', 'series', 'phone', 'sony', 'picture', 'photo', 'sound', 'freak', 'love', 'music', 'combo', 'duo', 'phone', 'conversation', 'battery', 'phone', 'battery', 'power', 'phone', 'power', 'brilliant', 'screen', 'power', 'drain', 'model', 'phone', 'market'],
[],
['button', 'side', 'camera', 'app', 'semi-colon', 'pie', 'version', 'sample', 'photo', 'type', 'phone', 'camera', 'hate', 'phone', 'evidence'],
[],
['wifi', 'forum', 'lot', 'problem', 'router', 'setting'],
['phone', 'paper', 'spec', 'issue', 'phone', 'sony', 'claim', 'phone', 'inch', 'screen', 'screen', 'inch', 'inch', 'screen', 'phone', 'move', 'inch', 'screen', 'height', 'screen', 'x', 'cm', 'sqcm', 'space', 'iphone', 'sqcm', 'screen', 'space', 'sony', 'sqcm', 'space', 'estate', 'phone', 'business', 'email', 'screen', 'space'],
['perfecto', 'la', 'caja', 'cerrada', 'todo', 'muy', 'bien'],
['beware', 'phone', 'phone', 'feel', 'phone', 'demo', 'unit', 'screen', 'line', 'hand', 'auto', 'brightness', 'phone', 'complaint', 'party', 'seller', 'phone', 'batch', 'manufacturer', 'market', 'buy', 'issue', 'issue', 'fingerprint', 'dusty', 'wipe', 'cloth', 'line', 'phone', 'issue', 'restart', 'phone', 'line', 'finger', 'create', 'darker', 'fan', 'bit', 'phone', 'start', 'stuff', 'screen', 'color', 'leakage', 'bit', 'performance', 'camera', 'result', 'condition', 'noise', 'battery', 'life', 'design', 'case', 'speaker', 'louder', 'stuff', 'fingerprint', 'sensor', 'location', 'apps', 'sensor', 'slippery', 'case', 'engine', 'force', 'phone', 'call', 'bit', 'side', 'picture', 'camera', 'sony', 'sw', 'google', 'stuff', 'background', 'battery', 'user', 'experience', 'battery', 'care', 'option', 'phone', 'list', 'technology', 'life', 'time', 'burn', 'problem', 'battery', 'life', 'fingerprint', 'sensor', 'side', 'display', 'fp', 'sensor', 'fp', 'sensor', 'sw.', 'option', 'camera', 'image', 'glass', 'wireless', 'charge', 'glass', 'magnet', 'surface'],
['sony', 'believer', 'phone', 'business', 'sim', 'version', 'simcard', 'business', 'phone', 'europe', 'absolute', 'issue', 'reception', 'fingerprint', 'reader', 'battery', 'life', 'function'],
['phone', 'apple', 'android', 'android', 'year', 'feature', 'price', 'point', 'apple', 'phone', 'cost', 'lg', 'state', 'carrier', 'work', 'phone', 'switch', 'carrier', 'phone', 'verizon'],
['phone', 'finger', 'camera', 'print'],
['wayyyyyy', 'samsung', 's8'],
['je', 'besoin', 'téléphone'],
['awesome', 'battery', 'life', 'display', 'camera', 'love'],
['phone', 'size', 'sensor', 'position', 'phone', 'lighter', 'battery', 'bit'],
['month', 'screen'],
['phone', 'work', 'perfect', 'ecuador'],
['phone', 'condition', 'price'],
['sin', 'duda', 'con', 'este', 'producto'],
['quality', 'phone', 'phone', 'knowledge', 'xz3', 'screen', 'side', 'sude', 'lcd', 'screen', 'speaker', 'phone', 'phone', 'bezel', 'place', 'grip', 'movie', 'iphone', 'fingerprint', 'sensor', 'hand', 'problem', 'camera', 'fingerprint', 'sensor', 'phone', 'phone'],
['sim', 'slot', 'sim', 'memory'],
['item'],
[],
['phone', 'bit', 'iphone'],
['sony'],
['phone', 'super', 'operation', 'quality', 'sea', 'feel', 'offering', 'product', 'japan..'],
['seller', 'attention', 'appreciate', 'help', 'package', 'time', 'service', 'support', 'seller', 'detail', 'cellphone', 'resolution', 'screen', 'battery', 'life', 'state', 'country', 'phone'],
['quality', 'excellent', 'hand', 'screen', 'camera', 'sound', 'bit', 'phone', 'super', 'phone', 'update', 'camera', 'find', 'image', 'quality', 'premium', 'color', 'image', 'love', 'phone'],
['awesome'],
['battery', 'life', 'phone', 'day', 'charge—and', 'charge', 'phone', 'battery', 'time', 'time', 'phone', 't', 'camera', 'picture', 'photo', 'detail', 'samsung', 'apple', 'iphone', 'fact', 'sony', 'camera', 'sensor', 'crapware', 'phone', 'amazon', 'apps', 'facebook', 'amazon', 'service', 'storage', 'space', 'phone', 'option', 'browser', 'list', 'crapware', 've', 'amazon', 'shopping', 'amazon', 'avg', 'protection', 'facebook', 'facebook', 'installer', 'facebook', 'app', 'manager', 'facebook', 'service', 'lounge', 'video', 'commander', 'phone'],
['phone', 'fps', 'fhd', 'slowmo', 'camera', 'month', 'phone', 'dollar', 'battery', 'screen', 'color', 'accuracy', 'sp845', 'power', 'downside', 'accuracy', 'speaker', 'bass', 'hope', 'sony', 'accuracy', 'software', 'phone', 'time'],
['sony', 'sense', 'style', 'fuckly', 'line', 'fingerprint', 'sensor', 'samsung', 'brand', 'hate', 'rape', 'thing', 'sony', 'fingerprint', 'sensor', 'phone', 'screen', 'fast', 'camera', 'battery', 'mile', 'model', 'feel', 'hold', 'phone', 'week', 'day'],
[],
['phone', 'month', 'wife', 'camera', 'feature', 'smartphone', 'point', 'device', 'market', 'scene', 'iphone', 's9+', 'sony', 'resolution', 'color', 'condition', 'beat', 'apple', 'samsung', 'max', 'brightness', 'display', 'contrast', 'level', 'color', 'fidelity', 'color', 'opinion', 'side', 'thicker', 'competitor', 'quality', 'phone', 'feel', 'location', 'finger', 'print', 'reader', 'problem', 'work', 'flagship', 'phone', 'decision', 'choose', 'detail', 'sony', 'samsung', 'phone', 'decision', 'camera', 'sony', 'phone', 'software', 'phone'],
['recibí', 'este', 'producto', 'e', 'quedé', 'sorprendido', 'con', 'la', 'calidad', 'del', 'mismo', 'funciona', 'perfectamente', 'cricket', 'wireless', 'la', 'calidad', 'se', 'siente', 'por', 'donde', 'quiera', 'se', 'toque', 'se', 'mire', 'super', 'rapidísimo', 'sin', 'lentitud', 'lagueos', 'estoy', 'muy', 'contento', 'por', 'ver', 'este', 'teléfono', 'lo', 'recomiendo'],
['phone', 'ram', 'camera', 'software', 'work'],
