['phone', 'cheap', 'phone', 'overly', 'expensive', 'great', 'headphone', 'jack', 'custom', 'quad', 'dac', 'chip', 'built', 'phone', 'co-developed', 'es', 'lg', 'will', 'drive', 'higher', 'headphone', 'well', 'google', 'assistant', 'built', 'decent', 'size', 'battery', 'latest', 'doodad', 'charge', 'including', 'quick', 'charge', 'qi', 'wireless', 'charging', 'processor', 'put', 'equal', 'footing', 's9+', 'nice', 'feature', 'place', 'telephone', 'call', 'crazy', 'technology', 'day'],
['issue', 'delivery', 'seller', 'not', 'care', 'usps', 'helpful', 'camera..', 'super', 'bright', 'pick', 'pimple', 'battery', 'life', 'awesome'],
['not', 'expecting', 'best', 'camera', 'not', 'expect', 'low', 'quality', 'image', 'capture', 'speed', 'extremely', 'slow', 'making', 'slight', 'move', 'blur', 'ai', 'built', 'mess', 'photo', 'helping', 'manual', 'better', 'result', 'remember', 'shutter', 'speed', 'will', 'limit', 'quality', 'extremely', 'low', 'processing'],
[],
['android', 'phone', 'not', 'compare', 'not', 'bat', 'traded', 'galaxy', 's9+', 'love'],
['phone', 'locked', 'claro', 'network', 'not', 'current', 'network', 'verizon'],
['advertised', 'compatible', 'carrier', 'phone', 'received', 'not', 'antenna', 'connect', 'verizon', 'network'],
['g5', 'g6', 'wide', 'angle', 'selfie', 'g7', 'quietly', 'removed', 'feature', 'not', 'order', 'product', 'returning', 'upcoming', 'v40', 'lg', 'clear', 'website', 'product', 'promotion'],
['phone', 'love', 'competitor', 'store', 'felt', 'hand', 'easy', 'handle', 'good', 'display', 'photo', 'object', 'husband', 'distance', 'picture', 'happy', 'final', 'determiner', 'clarity', 'picture', 'quality', 'color', 'filter', 'call', 'quality', 'splendid', 'display', 'great', 'not', 'reading', 'glass', 'feature', 'fun', 'easy', 'great', 'processor', 'well'],
['lte', 'not', 'supported', 'band', '3', 'europe', 'not', 'suppose', 'cheap', 'smartphone'],
['phone', 'argentina', 'not', 'work', 'expected'],
['start', 'review', 'mention', 'previous', 'phone', 'iphone', '5', 'samsung', 'galaxy', 's7', 'samsung', 'galaxy', 's9', 'will', 'galaxy', 's9', 'couple', 'example', '‚Äô', 's', 'phone', 'wife', 'alright', 'hold', 'tight', 'inspired', 'lol‚Ä¶', 'pro', 'screen', 'thing', 'catch', 'attention', 'screen', 'screen', 'colorful', 'sharp', 'bright', 'attractive', 'eye', 'feature', '‚Äô', 've', 'phone', 'boost', 'screen', 'brightness', 'high', 'level', 'easy', 'direct', 'sunlight', 'flat', 'weird', 'edge', 'screen', 'galaxy', 's9', 'screen', 'glare', 'corner', 'tempered', 'glass', 'screen', 'protector', 'compatible', 'camera', '‚Äì', 'camera', 'impressive', 'nice', 'color', 'enhancement', 'coolest', 'feature', 'wide-angle', 'lens', 'not', 'fisheye', 'gopro', 'incredible', 'photo', 'close', 'distance', 'battery', '‚Äì', 'yeah', 'idea', 'people', 'complain', 'battery', 'phone', 'pay', 'attention', 'hardware', 'truth', 'phone', 'last', 'entire', 'day', 'absolutely', 'problem', 'feel', 'battery', 'performance', 'good', 'not', 'better', 'galaxy', 's9', 'face', 'recognition', '‚Äì', 'face', 'recognition', 'fast‚Ä¶very', 'fast', 'don', '‚Äô', 't', 'find', 'perfect', 'angle', 'wait', 'unlock', 'find', 'unlock', '1', 'second', 'sound', '‚Äì', 'sound', 'loud', 'clear', 'table', 'competition', 'beat', 'phone', 'con', 'camera', '‚Äì', 'camera', 'general', 'better', 'samsung', 'galaxy', 's9', 'night', 'photography', 'front', 'camera', 's9', 'turn', 'better', 's9', 'double', 'aperture', 'side', 'button', '‚Äì', 'phone', 'includes', 'extra', 'button', 'activates', 'google', 'not', 'google', 'nice', 'button', 'shortcut', 'camera', 'email', 'thing'],
['purchased', 'verizon', 'not', 'amazon', 'happy', 'phone', 'replaced', 'droid', 'turbo', '2.', 'lot', 'happy', 'quick', 'great', 'quality', 'screen', 'take', 'nice', 'pic', 'low', 'light', 'customizable', 'user', 'friendly', 'glad', 'headphone', 'jack', 'sd', 'slot', 'battery', 'life', 'not', 'unbelievable', 'comparable', 'major', 'model', 'sound', 'quality', 'disappointing', 'loud', 'loses', 'quality', 'sound', 'tinny', 'recommend', 'friend', 'purchase'],
['returned', 'phone', 'day', 'camera', 'lock', 'picture', 'completely', 'camera', 'mode', 'return', 'subject', 'missed', 'freeze', 'typing', 'people', 'cant', 'hear', 'alot', 'hear', 'turn', 'phone', 'practically', 'nose', 'cover', 'face', 'thing', 'dissappear', 'icon', 'picture', 'place', 'touch', 'screen', 'good', 'alot', 'probs', 'impatient', 'figure', 'store', 'time', 'redo', 'reset', 'thing', 'asked', 'wanted', '1.', 'g6', 'wich', 'pay', 'restock', 'fee', 'tax', 'hate', 'phone', 'daughter', 'hate', '6.', 'price', '.no', 'feature', 'not', 'dont', 'work', 'phone', 'company', 'pushed', 'purchase', '$', 'opinion', 'work', 'good', 'bad', '1'],
['year', 'lg', 'big', 'deal', 'going', 'update', 'phone', 'timely', 'manner', 'not', 'truth', 'q2', '2019', 'phone', 'android', '8', 'not', '8.1', 'coming', 'pure', 'android', 'update', 'month', 'huge', 'disappointment', 'lg', 'android', 'customizations', 'annoying', 'outweigh', 'feature', 'android', '9', 'gladly', 'stock', 'android', 'o', 'meant', 'roll', 'update', 'timely', 'manner', 'lg', 'spends', 'resource', 'making', 'phone', '2', 'flagship', 'phone', 'time', 'difficult', 'apart', 'updating', 'phone', 'wonder', 'mobile', 'devision', 'failing'],
['perfect', 'phone', 'three', 'week', 'issue'],
['bought', 'replace', 'sony', 'xz', '1.', 'radio', '--', 'listen', 'radio', 'not', 'major', 'factor', '2.', 'audio', 'jack', '--', 'bad', 'experience', 'dongle', 'bluetooth', 'not', 'phone', 'hour', 'work', 'key', 'factor', '3', '2', 'year', 'limited', 'warranty', 'kind', 'sweetened', 'deal', 'reason', '1.', 'music', 'heard', 'audio', 'feature', 'majorly', 'impressed', 'compared', 'sony', 'xz', 'replaced', 'thing', '1.', 'interface', 'coming', 'brand', 'not', 'major', 'issue', '2.', 'larger', 'expected', 'not', 'simply', 'thumb', 'finger', 'typing', 'well', 'deciding', 'samsung', 's9', 'lg', 'g7', 'thinq', 'lg', 'g7', 'browsing', 'best', 'buy', 'noticed', 'lg', 'g6', 'display', 'researching', 'online', 'decided', 'lg', 'g7', 'purchased', 'online', 'not', 'regretted', 'purchase'],
['issue', 'connecting', 'att', '4glte', 'finally', 'connected', 'att', '3g', 'network', 'att', 'store', 'phone', '2', 'hour', 'phone', 'latin', 'american', 'network', 'provider', 'claro', 'box', 'instruction', 'spanish', 'lg', 'panama', '3rd', 'lg', 'g', 'series', 'phone', 'fit', 'simplicity', 'performance', 'dont', 'will', 'buy', 'phone', 'amazon'],
['love', 'ip', 'screen', 'pleasing', 'easy', 'eye', 'phone', 'narrow', 'nice', 'wide', 'easier', 'headphone', 'jack', 'nice'],
['bought', 'bh', 'big', 'discount', 'list', '$', '120', 'freebie', 'phone', 'cost', '$', '530ish', 'tx', '&', 'sh', 'included', 'tempered', 'glass', 'screen', 'protector', 'pair', 'earbuds', 'mic', 'phone', 'checked', 't', 'mobile', 'stunned', 'screen', 'loved', '19.5:9', 'ratio', 'phone', 'bigger', 'making', 'big', 'fit', 'front', 'pocket', 'screen', 'nice', 'android', '8', 'nice', 'thing', 'phone', 'call', 'text', 'email', 'photo', 'music', 'camera', 'good', 'latest', 'update', 'better', 'iphone', '7+', 'not', 'best', '‚Äô', 't', 'youtube', 'reviewer', 'won', '‚Äô', 't', 'comparing', '10', 'phone', 'video', 'cool', 'feature', 'pause', 'video', 'keep', 'video', 'file', 'break', 'separate', 'camera', 'video', 'record', 'button', 'digital', 'camera', 'fumbling', 'menu', 'switch', 'photo', 'video', 'low', 'light', 'good', 'wide', 'angle', 'nice', 'indoor', 'shot', 'music', 'priority', 'listen', 'music', 'car', 'speaker', 'time', 'headphone', 'jack', 'limited', 'choice', '‚Äô', 'm', 'glad', 'lg', 'jack', 'quad', 'dac', 'awesome', 'music', 'sound', 'better', 'car', 'speaker', 'boom', 'box', 'nice', 'speaker', 'loud', 'loudest', 'bass', 'absent', 'place', 'table', 'mids', 'high', 'fine', 'perfect', 'messing', 'itunes', 'hate', 'itunes', 'will', 'buy', 'iphone', 'add', 'music', 'effortlessly', 'love', 'phone', '2', 'month', 'update', 'extended', 'battery', 'option', 'definitely', 'help', 'battery', 'life', '‚Äô', 'm', 'light', 'medium', 'user', '+', 'day', 'charging', 'fast', 'charge', 'fast', 'charge', '1', 'minute', 'google', 'assistant', 'cool', 'work', 'didn', '‚Äô', 't', 'finding', 'lot', '‚Äô', 's', 'alexa', 'time', 'isn', '‚Äô', 't', 'hard', 'lg', 'g7', 'listening', 'mic', '‚Äò', 'hey', 'google', '‚Äô', 'will', 'complain', 'lg', 'skin', 'top', 'android', 'feature', 'floating', 'bar', 'everyday', 'lg', 'music', 'player', 'google', 'music', 'player', 'ad', 'machine', 'matter', 'setting', 'set', 'google', 'music', 'will', 'eventually', 'start', 'pushing', 'paid', 'service', 'music', 'interest', 'super', 'bright', 'boost', 'screen', 'broad', 'daylight', 'wearing', 'sunglass', 'keep', 'sunglass', 'screen', '‚Äô', 've', 'boost', 'thought', 'unlock', 'method', '‚Äô', 's', 'ridiculous', 'order', 'face', 'unlock', 'fingerprint', 'unlock', 'knock', 'code', 'voice', 'unlock', 'finding', 'fingerprint', 'unlock', 'screen', 'phone', 'size', 'nice', 'thin', 'kind', 'heavy', 'long', 'reminds', 'holding', 'phone', 'holding', 'ear', 'mic', 'extends', 'mouth', 'feel', 'natural', 'not', 'small', 'toy', 'phone', 'feel', 'update', 'camera', 'amazing', 'best', 'photo', '‚Äô', 've', 'latest', 'update', 'photo', 'better', 'iphone', '7+', 'phone', 'photo', 'video', 'longer', 'digital', 'camera', 'quality', 'better', 'experience', 'better', 'faster', 'easier', 'canon', 'loving', 'phone'],
['experience', 'horrible', 'design', 'sim', 'card', 'handling', 'g6', 'flimsy', 'sim', 'card', 'tray', 'routinely', 'break', 'inside', 'phone', 'damaging', 'contact', 'pull', 'mangled', 'tray', 'quick', 'search', 'will', 'vendor', 'offer', 'replacement', 'tray', 'user', 'screwed', 'thing', 'breaking', 'inside', 'phone', 'problem', 'physical', 'damage', 'not', 'covered', 'warranty', 'program', 'add', 'repair', 'policy', '2', 'week', 'turn', 'repair', 'yu', 'phone', 'result', 'will', 'buy', 'lg', 'phone', 'avoid', 'product'],
['love', 'size', 'build', 'device', 'audio', 'great', 'screen', 'great', 'performance', 'suffered', 'o', 'not', 'optimized', 'hardware', 'stutter', 'lag', 'evident', 'camera', 'software', 'lock', 'launch', 'photo', 'capture', 'not', 'photo', 'reflecting', 'poor', 'battery', 'life', 'moderate', 'good', 'signal', 'area', '50', 'drain', 'hour', 'standby', 'wanted', 'device', 'not', 'work'],
['work', 'perfectly', 'att', 'snappy', 'phone', 'extremely', 'loud', 'audio', 'buy'],
['bought', 'phone', 'att', 'work', 'fine', 'wifi', 'calling', 'not', 'work', 'att', 'house'],
['read', 'privacy', 'policy', 'scariest', 'not', 'lg', 'reserve', 'location', 'contact', 'picture', 'video', 'email', 'thinq', 'ai', 'google', 'assistant', 'reserve', 'force', 'over-the-air', 'update', 'remove', 'feature', 'phone', 'not', 'rolled', 'paying', '$', '730', 'lg', 'spy', 'sell', 'personal', 'data', 'brick', 'phone', 'pay', 'working', 'pretty', 'phone', 'privacy', 'eggregious', 'violation', 'decency', 'pretty', 'agree', 'privacy', 'policy', 'screen'],
['phone'],
['steal', 'price', 'grey', '$', '430', 'outgoing', 'flagship', 'level', 'phone', 'factory', 'sealed', 'lm-g710ulm', 'amazon', 'not', 'third', 'party', 'unlocked', 'g7', 'gsm', 'bought', 'nano', 'sim', 'phone', 'micro', 'not', 'cut', 'straight', 'talk', 'wireless', 'service', 'transferred', 'couple', 'minute', 'g3', 'backup', '&', 'restore', 'worked', 'champ', 'toss', '2nd', 'year', 'warranty', 'lg', 'not'],
['purchased', 'phone', 'product', 'arrived', 'described', 'issue'],
['cheap', 'product', 'cheap', 'camera', 'phone', 'costing', '100', '$', 'will', 'quality', 'pic', 'front', 'worst', '0/5', 'sound', 'not', 'expectation', 'bass', 'good', 'not', 'expect', '1/5', 'display', 'negative', 'rating', 'dont', 'expect', 'q', 'hd', 'thing', 'dull', '0/5', 'update', 'display', 'stunning', 'awesome', '5/5', 'charging', 'reverse', 'lol', '50', '15', '15', 'minute', '15', '0', '45minutes', 'wrong', '0/5', 'update', '4/5', 'dont', 'lg', 'feeling', 'high', 'pricing', 'phone', '600', '$', 'including', 'tax', 'tag', '150', '$', 'worth', 'lg', 'g7', 'thinq', 'negative', 'rating', '-5/5', 'update', 'tag', '450', '$', 'phone', 'super', 'heat', 'overheating', 'update', 'box', 'display', 'super', 'bright', 'camera', 'best', 'low', 'light', 'pic', 'sound', 'gesture', 'vibration', 'pattern', 'good'],
['good', 'phone', 'spanish', 'version', 'phone', 'not', 'compatible', 'verizon', 'compatible', 'verizon', 'not', 'lgs', 'fault', 'phone', 'not', 'advertised', 'returning', 'morning'],
['phone', 'not', 'well', 'fast', 'good', 'battery', 'life', 'display', 'readable', 'bright', 'sunlight', 'sound', 'loud', 'clear'],
['complaint', 'performance', 'phone', 'not', 'advertised', 'network', 'called', 'claro', 'third', 'party', 'unlocked', 'not', 'factory', 'unlocked', 'seller', 'claim'],
['mine', 'not', 'accessory', 'blemish', 'buy', 'accessory', 'xd', 'biggest', 'complaint', 'android', '8', 'oreo', 'c', 'amon', 'lg', 'google', 'fi', 'fully', 'endorsed', 'google', 'not', 'expect', '/', 'android', '9', 'android', '10', 'c', 'amon', 'lg', 'worst', 'support', 'flagship', 'device', '16:9', 'video', 'understandably', 'not', 'fill', '18:9', 'screen', 'not', 'expecting', 'camera', 'not', 'not', 'great', 'word', 'software', 'overhead', 'android', '9', 'shot', 'blurry', 'cared', 'find', 'better', 'app', 'default', 'suck', 'hear', 'pretty', 'good', 'unresponsive', 'touchscreen', 'too-', 'noticed', 'tappy', 'tap', 'tap', 'game', 'take', '3', '4', 'tap', 'find', "'hotspot", 'history', 'lg', 'software', 'will', 'update', 'mod', 'phone', 'thing', 'cuz', 'not', 'small', 'bezel', 'screen', 'touching', 'bezel', 'short', 'set', 'negative', '300', 'dollar', '400', 'phone', 'plus', 'include', 'widescreen', 'camera-', 'not', 'care', 'rage', 'boomin', 'speaker', '1', 'speaker', 'mind', 'hear', 'shower', 'bringing', 'actual', 'shower', 'loud', 'basically', 'bluetooth', 'speaker', 'quad', 'dac', '$', '50', '100', 'ohm', 'yamahas', 'sound', '$', '500', 'bose', 'overpriced', 'hey', 'idea-', 'bose', 'headphone', 'better', 'quality', 'speaker', 'super', 'bright', 'screen', 'great', '5+', 'hour', 'screen', 'time', 'basically', 'day', 'battery', 'super', 'affordable', 'spec', 'google', 'certified', 'slow', 'update', '/', 'will', 'eventually', 'count', '3', 'negs', 'not', 'counting', 'aspect', 'ratio', 'android', 'issue', '5', 'positive', 'highly', 'recomended'],
['phone', 'work', 'great', 'phone', 'called', 'verizon', 'phone', 'not', 'compatible', 'network', 'ok.', 'call', 'sim', 'card', 'phone', 'phone', 'started', 'working', 'properly', 'call', 'crystal', 'clear', 'text', 'video', 'picture', 'messaging', 'work', 'fine', 'problem', 'data', 'phone', 'super', 'nice', 'great', 'screen', 'resolution', 'great', 'picture', 'quality', 'excellent', 'phone'],
['needed', 'unlocked', 'phone', 'not', 'clue', 'spent', 'great', 'deal', 'time', 'reading', 'review', 'comparing', 'stats', 'narrowed', '4', 'locally', 'person', 'side', 'side', 'photo', 'object', 'choice', 'easy', 'thing', 'equal', 'phone', 'better', 'processor', 'quality', 'photograph', 'display', 'clear', 'call', 'perfection'],
['replaced', 'samsung', 'lg', 'g7', 'thinq', 'difference', 'better', 'quality'],
['2', 'phone', 'iphones', 'chose', 'android', 'time', 'compatiblity', 'device', 'lg', 'g7', 'flagship', 'spec', 'sound', 'perfection', 'pro', 'sound', 'headphone', 'great', 'not', 'improve', 'o.s', 'dont', 'freeze', 'best', 'lg', 'repair', 'phone', 'tested', 'lg', 'exists', 'v30', 'ai', 'cam', 'great', 'improve', 'con', 'facial', 'recognition', 'bit', 'slower', 'great', 'phone', '9.5/10'],
['phone', 'good', 'phone', 'not', 'version', 'g710ulm', 'warranty', 'advertised', '3/8/19', 'international', 'version', 'g710em', 'warranty', 'ripped', 'check', 'model', 'number', 'settings/about', 'phone', 'number', 'g710ulm', 'not', 'version', 'warranty', 'time', 'warranty', 'service', 'luck', 'contacted', 'lg', 'directly', 'provided', 'lg', 'imei', 'number', 'phone', 'confirmed', 'phone', 'intended', 'uk', 'not', 'usa', 'lg', 'confirmed', 'not', 'warranty', 'ripped', 'power', 'phone', 'power', 'claro', 'language', 'ripped', 'claro', 'carrier', 'guatemala', 'phone', 'received', 'booted', 'additionally', 'phone', 'claro', 'bloatware', 'installed', 'not', 'uninstalled', 'additionally', 'compatibility', 'issue', 'phone', 'carrier', 'international', 'version', 'not', 'version', 'att', 'informed', 'phone', 'call', 'work', 'slow', 'data', 'speed', 'network', 'conflict', 'international', 'version', 'confirmed', 'data', 'speed', 'test', 'data', 'speed', 'inconsistant', 'slow'],
['ton', 'phone', 'week', 'decided', 'g7', 'lg', 'format', 'double-', 'triple-checked', 'phone', 'looked', 'sure', 'compatible', 'verizon', 'ordering', 'unlocked', 'phone', 'online', 'finicky', 'manufacturer', 'seller', 'stated', 'q', '&', 'phone', 'compatible', 'verizon', 'not', 'product', 'flat-out', 'lied', 'bummer', 'excited', 'set', 'phone', 'hopefully', 'review', 'will', 'helpful', 'false', 'received', 'will', 'not', 'ordering', 'seller'],
['bought', 'phone', 'replace', 'broken', 'lg', 'g5', 'apps', 'work', 'fine', 'basic', 'premium', 'visual', 'voicemail', 'spent', '2+', 'hour', 'phone', 'verizon', 'resolve', 'problem', 'luck', 'phone', 'not', 'configured', 'allow', 'apps', 'work', 'dialing', '*86', 'access', 'voice', 'message', 'pain', 'neck'],
['crazy', 'good', 'deal', '$', '400', 'display', 'phone', 'beautiful', 'super', 'happy', 'crazy', 'fast', 'price', 'year', 'flagship', 'phone', 'dropped', 'update', 'phone', 'will', 'average', 'feb', '2019', 'patch', 'time', 'review', 'knew', 'going', 'purchase', 'felt', 'worth', 'good', 'hardware', 'mid', 'range', 'price', 'phone', 'android', '9', 'pie', 'not', 'q', 'lg', 'better', 'update', 'patch', 'android', 'phone', 'gon', 'type', 'compromise', 'performance', 'phone', 'top', 'notch', 'want-', 'ip68', 'wireless', 'charging', 'usb', '3.1', 'data', 'transfer', 'speed', 'snapdragon', '845', '3120x1440p', 'display', 'dual', 'camera', 'video', 'recording', 'ultra', 'wide', 'angle', 'lens', 'ufs', '2.1', 'flash', 'storage', 'super', 'loud', 'speaker', '32', 'bit', 'quad', 'dac', 'photography', 'side-load', 'google', 'camera', 'app', 'night', 'sight', 'maximize', 'hardware', 'ability', 'capture', 'image', 'solid', 'choice', 'solid', 'phone', 'will', 'couple', 'year', 'not', '800-1000', 'spend', 'iphone', 'x', 'galaxy', 's10', 'item', 'unlocked', 'lg', 'g7', 'g710ulm'],
['love', 'phone', 'better', 'iphone', 'x'],
['not', 'factory', 'unlocked', 'phone', 'claro', 'wireless', 'phone', 'unlocked', 'software', 'update', 'claro'],
['good', 'better', 'advertised', 'unable', 'transferred', 'verizon', 'verizon', 'pouty', 'buying', 'online', 'not', 'signing', 'worthless', 'contract', 'battery', 'lif', 'unbelievable', 'compared', 'motorla', 'razr', 'great', 'picture'],
['excellent', 'cellphone', 'work', 'perfectly', 'beautiful'],
['received', 'platinum', 'grey', 'lg', 'g7', 'thinq', 'mail', 'yesterday', 'bought', 'case', 'screen', 'protector', 'set', 'transferred', 'contact', 'store', 'today', 'data', 'plan', 'verizon', 'gentleman', 'told', 'not', 'compatible', 'not', 'answered', 'question', 'manufacturer', 'compatible', 'verizon', 'not', 'repeat', 'not', 'compatible', 'verizon', 'playing', 'camera', 'night', 'picture', 'leave', 'desired', 'highest', 'mp', 'camera', 'phone', 'quality', 'sub-par', 'great', 'camera', 'phone', 'friend', 'google', 'pixel', '3', 'take', 'amazing', 'picture', 'effortlessly', 'phone', 'met', 'functionality', 'expectation', 'reason', 'not', '1.', 'rating', 'low', 'seller', 'b', 'not', 'lie', 'description', 'question', 'asked', 'network', 'phone', 'compatible'],
['lg', 'falling', 'short', 'marketing', 'department', 'phone', 'flew', 'radar..', 'great', 'product..', 'legitimately', 'negative', 'phone', 'hot', 'phone', 'better', 'hand', 'iphone', 'model', 'opinion', 'quote', 'tim', 'graphic', 'designer'],
['whife'],
['defect', 'happen', 'brand', 'model', 'ordered', 'replacement', 'product', 'operate', 'fine', 'note', 'g7', 'thinq', 'not', 'identical', 'user', 'interface', 'lg', 'v35', 'g7', 'intuitive', 'find', 'desired', 'setting', 'appears', 'missing', 'setting', 'option', 'v35', 'model', 'quality', 'material', 'excellent', 'sound', 'quality', 'average', 'not', 'good', 'moto', 'droid', 'turbo', '2', 'replaced', 't2', 'dual', 'sizable', 'front-facing', 'stereo', 'speaker', 'choice', 'user', 'interface', 'difference', 'choose', 'v-series', 'g-series', 'phone'],
['love', 'phone', 'worked', 'perfectly', 'box', 'straight', 'talk', 'sim', 'verizon', 'tower', 'enabled', 'google', 'phone', 'app', 'visual', 'voice', 'mail', 'work', 'hitch', 'hurry', 'push', 'android', '9', 'update', 'promised', 'sure', 'buy', 'sold', 'shipped', 'amazon', '3rd', 'party', 'seller', 'worried', 'will', 'not', 'correct', 'model', 'claimed', 'amazon', 'sure', 'ship', 'carrier', 'unlocked', 'model', 'listed', 'not', 'sprint', 'variant', 'people'],
['fairly', 'husband', 'absolutely', 'love', 'phone'],
['hugely', 'disappointed', 'phone', 'imei', 'not', 'sprint', 'database', 'contacted', 'lg', 'wastedlot', 'hour', 'calls/chats', 'zon', 'lg', 'customer', 'support', 'eventuy', 'return', 'device'],
['secured', 'job', 'accepting', 'realized', 'suddenly', 'going', 'return', 'current', 'samsung', 's8+', 'will', 'device', 'not', 'wanted', 'note', '9', 'decided', 'g7', ' nothinq', 'bit', 'silly', 'well', 'lg', 'phone', 'g3', 'genuinely', 'not', 'eligible', 'g4', 'upgrade', 'g5', 'modular', 'phone', 'firm', 'decision', 'not', 'galaxy', 's6+', 's7', 'edge', 's8+', 'firmly', 'entrenched', 'samsung', 'eco-verse', 'fully', 'expected', 'future', 'not', 'mentioned', 'decided', 'g7', 'budget', 'not', 'best', 'phone', 'option', 'best', 'phone', 'price', 'internals', 'expensive', 'samsung', 'rival', '4gb', 'ram', '6', 's9+', 'screen', 'exact', 'size', 'smaller', 'frame', 'not', 'bad', 'trade-off', 'bit', 'disappointed', 'lg', 'not', 'fallen', 'upgraded', 'oled', 'screen', 'apple', 'lg', 'well', 'keep', 'screen', 'genuinely', 'fantastic', 'lcd', 'oled', 'screen', 'vivid', 'amazing', 'ridiculously', 'bright', 'screen', 'easily', 'readable', 'virtually', 'light', 'honestly', 'not', 'difference', 'super', 'amoled', 'screen', 's8+', 'honest', 'decided', 'not', 'lg', 'lcd', 'screen', 'glad', 'chose', 'shot', 'lg', 'hit', 'g7', 'screen', 'stunning', 'beautiful', 'place', 'oled', 'beat', 'lg', 'deep', 'black', 'easily', 'save', 'battery', 'life', 'switching', 'screen', 'solid', 'black', 'not', 'option', 'dang', 'screen', 'not', 'considering', 'g7', 'initially', 'build', 'top', 'notch', 'order', 'support', 'wireless', 'charging', 'will', 'bit', 'vulnerable', 'phone', 'metal', 'back', 'trade-off', 'worth', 'convenience', 'wireless', 'charging', 'trust', 'solve', 'issue', 'good', 'case', 'allows', 'wireless', 'charging', 'will', 'set', 'honest-to-goodness', '3.5mm', 'headphone', 'jack', 'rid', 'bold', 'move', 'appreciated', 'quad', 'dac', 'audio', 'player', 'mobile', 'phone', 'plain', 'amazing', 'going', 'hear', 'better', 'audio', 'phone', 'earbuds', 'headphone', 'will', 'arguably', 'mobile', 'device', 'love', 'mine', 'worth', 'buying', 'lot', 'camera', 'pretty', 'dang', 'good', 'not', 'going', 'find', 'scream', 'opinion', 'par', 'samsung', 'not', 'experimented', 'will', 'quick', 'update', 'long', 'boom', 'speaker', 'hmmm', 'bit', 'underwhelming', 'expected', 'considering', 'lg', 'brag', 'louder', 's8+', 'appreciated', 'loud', 'consider', 'watch', 'movie', 'uhhh', 'sure', 'not', 'music', 'sound', 'better', 'not', 'good', 'expected', 'considering', 'read', 'g7', 'marketing', 'usb-c', 'charging', 'addition', 'fast', 'charging', 'wireless', 'charging', 'feature', 'telling', 'difficult', 'not', 'offer', 'standard', 'feature', 'multiple', 'way', 'unlock', 'phone', 'pretty', 'impressive', 'standard', 'fingerprint', 'sensor', 'perfect', 'placement', 'finger', 'rest', 'naturally', 'time', 'not', 'lg', 'employ', 'feature', 'place', 'opt', 'pattern', 'code', 'facial', 'recognition', 'better', 's8+', 'faster', 'unreliable', 'turned', 'entirely', 's8', 'gorilla', 'glass', '5', 'front', 'read', 'gg', '4', '3', 'front', 'confirmed', 'lg', 'site', 'incorrect', 'help', 'vulnerable', 'phone', 'protected', 'recommend', 'good', 'case', 'screen', 'protector', 'prefer', 'glass', 'older', 'silicone', 'careful', 'not', 'question', 'will', 'accidentally', 'drop', 'will', 'find', 'accurate', 'claim', 'tough', 'chance', 'super', 'careful', 'handling', 'device', 'drop', '--', 'point', 'favor', 'care', 'speed', 'not', 'huge', 'step', 'noticed', 's8+', 'notice', 'smooth', 'lg', 'skin', 'intrusive', 'g3', 'move', 'direction', 'time', 'bring', 'device', 'closer', 'stock', 'android', 'better', 'move', 'lg', 'samsung', 'shadow', 'spin', 'thing', 'g7', 'exception', 'samsung', 'fantastic', 'theme', 'exclusive', 'device', 'day', 'g7', 'choose', 'well', 'mind', 'pretty', 'decent', 'sacrifice', 'stock', 'android', 'finally', 'notch', 'iphone', 'x', 'notch', 'hated', 'not', 'betweeners', 'screen', 'real', 'estate', '2', 'option', 'place', 'camera', 'front', 'screen', 'novel', 'mechanical', 'pop-up', 'camera', 'place', 'front', 'work', 'lg', 'embraced', 'option', 'rid', 'keeping', 'find', 'thing', 'simply', 'not', 'bother', 'surprise', 'considering', 'thought', 'bug', 'silly', 'nope', 'option', 'remove', 'entirely', 'nice', 'touch', 'dedicated', 'google', 'button', 'direct', 'ripoff', 'samsung', 'bixby', 'button', 'google', 'bixby', 'user', 'simply', 'turn', 'google', '--', 'lot', 'slower', 'sure', 'feature', 'google', 'siri', 'not', 'slow', 'well', 'hand', 'issue', 'bixby', 'button', 'activates', 'google', 'not', 'remap', 'open', 'thing', 'super', 'convenient', 'camera', 'phone', 'lg', 'leap', 'ahead', 'samsung', 'going', 'courage', 'decision', 'samsung', 'refuse', 'sayin', 'underrated', 'phone', 'hampered', 'bit', 'lg', 'inability', 'market', 'device', 'kind', 'genuine', 'success', 'bad', 'phone', 'exceptional', 'equal', 'device', 'today'],
['samsung', 'owner', 'year', 'love', 'g7', 'month', 'problem', 'free'],
['phone', 'stopped', 'working.for', 'minute', '2', 'open', 'freezes.it', 'advertised.so', 'decided', '2', 'send', 'back.and', 'wait'],
['well', 'honestly', 'glad', 'phone', 'fast', 'lag', 'watch', 'alot', 'movie', 'video', 'play', 'larger', 'allows', 'great', 'video', 'quality', 'pick', 'service', 'better', 'lg', 'stylo', '4', 'branded', 'metro', 't-mobile', 'lower', 'connection', 'not', 'buffering', 'video', '1080p', 'quality', 'making', 'sure', 'charger', 'battery', 'pack', 'battery', 'not', 'strong', 'last', 'well', 'day'],
['$', '350', 'hardware', 'rival', 'flagship', 'device', 'steal', 'set', 'easy', 'cricket', 'sim', 'card', 'ready', 'warranty', 'lg', 'instruction', 'set', 'gsm', 'network', 't-mobile'],
[],
['dark', 'room', '/', 'evening', 'outdoor', 'photo', 'enhancer', 'turn', 'dark', 'photo', 'clearer', 'pretty', 'cool', 'not', 'discovered', 'cool', 'option', 'happy', 'phone'],
['phone', 'great', 'att', 'phone', 'bloatware', 'splash', 'screen', 'service', 'fine', 'beware', 'doubt', 'unlocked'],
['att', 'customer', 'great', 'deal', 'great', 'spec', 'phone', 'bargain', 'price', 'definitely', 'happy', 'purchase'],
['seller', 'advertised', 'phone', 'unlocked', 'not', 'long', 'att', 'will', 'unlock', 'phone', 'work', 'well', 'camera', 'awesome'],
['review', 'stated', 'not', 'unlocked', 'phone', 'att', 'phone', 'instruction', 'phone', 'unlocked', 'phone', 'received', 'appeared', 'price', 'will', 'not', 'complain', 'phone', 'nice', 'nicer', 'feature', 'phone', 'price', 'moto', 'g7', 'purchased', 'phone', 'g5', 'people', 'sure', 'refuse', 'purchase', 'phone', '$', '600+', '$', '350', 'paid'],
['bought', 'phone', 'replace', '3', 'year', 'moto', 'g3', 'losing', 'battery', 'capacity', 'problem', 'speaker', 'phone', 'comparable', 'high', 'phone', '$', '299', 'cheaper', 'att', 'service', 'not', 'hotspot', 'wifi', 'calling', 'work', 'turn', 'older', 'sim', 'card', 'not', 'supporting', '4g', 'imei', 'not', 'matching', 'att', 'account', 'quick', 'trip', 'att', 'store', 'sim', 'card', 'replaced', 'imei', 'changed', 'system', 'work', 'well'],
['great', 'phone', 'work', 'perfectly', 'thing', 'disappointing', 'not', 'led', 'notification'],
['coming', 'honor', '6x', 's7', 'phone', 'pack', '6', 'inch', 'screen', 'size', 'honor', '6x', '5.5.', 'honor', 'case', '2', 'day', 'waiting', 'case', 'thing', 'powerful', 'play', 'game', 'wide', 'open', 'call', 'crystal', 'clear', 'pick', 'call', 'basement', 'phone', 'issue', 'att', 'version', 'tmobile', 'dont', 'mind', 'att', 'stuff', 'phone', 'omg', 'hate', 'fb', 'app', 'gon', 'remove', 'adb', 'recommend', 'phone', 'wider', 'g7', '6', 'gig', 'ram', '4.', 'laptop', '4', 'geesh', 'doesnt', 'wiht', 'wireless', 'charger', 'buy', 'love', 'wireless', 'charging', 'picture', 'good', 'compare', 'phone', 'better', 'honor', 's7', 'weak', 'spot', 'speaker', 'not', 'loud', 'problem', 'year', '2', 'week', 'update', 'dolt', 'tmobile', 'tmobile', 'att', 'branded', 'phone', 'duh', 'model', 'number', 'unlocked', 'contact', 'vendor', 'key', '1000', 'dollar', 'phone', '300', 'dollar', '..you', 'shut', 'happy', 'att', 'bought', 'unloaded', 'cheap', 'wifi', 'calling', 'issue', 'doesnt', 'work', 'sim', 'love', 'phone', 'super', 'fast', 'call', 'sound', 'great', 'water', 'proof', 'survived', 'fall', 'con', 'att', 'branded', 'phone', 'lg', 'slow', 'update', 'pie', 'ypu', 'will', 'att', 'prepaid', 'sim', 'upgrade', 'pie', 'boy', '10', 'buck', 'ypu', 'cant', 'afford', 'obama', 'phone'],
['phone', 'package', 'perfect', 'unable', 'metro', 'pc', 'sim', 'card', 'running', 'switch', 'network', 'reset', 'network', 'setting', 'add', 'apn', 'sim', 'card', 'didn', '‚Äô', 't', 'work', 'contact', 'seller', 'good', 'manage', 'resolve', 'issue'],
['not', 'phone', 'long', 'not', 'not', 'not', 'fingerprint', 'reader', 'personal', 'preference', 'camera', 'take', 'good', 'quality', 'picture', 'screen', 'resolution', 'super', 'phone', '1', 'week', 'highly', 'recommend'],
['amazing', 'phone', '2', 'week', 'ago', 'absolutely', 'love', 'main', 'reason', 'wanted', 'phone', 'camera', 'camera', 'take', 'nice', 'crisp', 'clean', 'picture', 'video', 'quality', 'absolutely', 'fantastic', 'great', 'quality'],
['great', 'phone', 'great', 'camera', 'battery', 'life', 'leaf', 'desired', 'love', 'quick', 'easy'],
['seller', 'assured', 'writing', 'fully', 't-mobile', 'compatible', 'paid', 'extra', 't-mobile', 'sticker', 'att', 'sticker', '1st', 'problem', 'booted', 'att', 'logo', '2nd', 'problem', 'delete', 'shut', 'att', 'crap', 'find', '3rd', 'problem', 'not', 'support', 'wifi', 'calling', 'called', 't-mobile', 'spoke', 'engineer', 'phone', 'not', 'compatible', 'hardware', 'chipset', 'wifi', 'calling', 'designed', 'specificly', 'att', ' not', 'modified', 'not', 'word', 'honest', 'technically', 'accurate', 'feedback', 'buyer', 'beware', 't-mobile', '-bk'],
['muy', 'buen', 'equipo'],
['upgraded', 'g5', 'love'],
['fast', 'great', 'screen', 'awesome', 'battery', 'life'],
['not', 'new..ü§î.no', 'charge', 'cord', 'üò§'],
['6gb', 'ram', '64gb', 'internal..', 'photo', 'crisp', 'dac', 'audio', 'headphone', 'jack', 'expandable', 'micro', 'sd', 'memory', 'wireless', 'charging', 'optional', 'not', 'fingerprint', 'reader', 'great', 'phone'],
['seriously', 'love', 'phone', 'samsung', 'galaxy', 's', '5', 'fi', 'ally', 'bit', 'dust', 'wanted', 'android', 'dad', 'reccomended', 'lg..', 'review', 'e', 'good', 'spent', 'origionally', 'planned', 'great', 'phone', '$', '350', 'dont', 'payment', 'phone', 'good', 'price', 'wrong', 'not', 'speed', 'capacity', 'battery', 'lot', 'caise', 'cant', 'thibg', 'dont', 'love', 'immediatly', 'figure', 'turn', 'data', 'wi-fi', 'instead..but', 'figured', 'day', 'havent', 'issue', 'take', 'nano', 'sim', 'card', 'litterally', 'att', 'phone', 'care', 'sim', 'card', 'phone', 'transfer', '10', 'min', 'happy', 'sad', 'waoted', 'long', 'switch'],
['phone', 'replacing', 'lg', 'v20', 'loved', 'year', 'smaller', 'powerhouse', 'phone', 'day', 'loving', 'cricket', 'wireless', 'an', 'problem'],
['afraid', '3', 'star', 'false', 'advertising', 'unlocked', 'phone', 'locked'],
['great', 'phone', 'battery', 'life', 'camera', 'amazing', 'close-up', 'denim', 'fabric', 'pair', 'wrangler', 'blue', 'jean', 'att/android', 'software', 'bug', 'annoy', 'hope', 'fixed', 'revision', '1.', 'occasionally', 'email', 'app', 'will', 'display', 'message', 'blank', 'white', 'screen', 'open', 'app', 'manager', 'force', 'email', 'app', 'restart', '2.', 'o', 'will', 'randomly', 'disable', 'looping', 'screen', 'open', 'setting', '>', 'display', '>', 'screen', 're-enable'],
['price', 'great', 'phone'],
['work', 'freedom', 'mobile', 'roaming', 'att', 'great', 'cellphone', 'steal', '$', '380', 'not', 'find', 'quality', 'screen', 'protector', 'thin', 'case'],
['definitely', 'best', 'friend', 'purchase'],
['wonderful', 'phone', 'great', 'price', 'refuse', 'spend', 'ridiculous', 'amount', 'money', 'samsung', 'apple', 'charge', 'phone', 'phone', 'good', 'not', 'better', 'cricket', 'box', 'plugged', 'sim', 'card', 'worked', 'perfectly', 'issue', 'excellent', 'battery', 'life', 'great', 'camera', 'ton', 'thing', 'customize', 'best', 'phone', 'owned', '1', 'day', 'amazon', 'free', 'prime', 'shipping'],
['cricket', 'service', 'work', 'perfectly'],
['not', 'unlocked'],
['thin'],
['phone', 'work', 'great'],
['bought', 'device', 'activate', 'straight', 'talk', 'gsm', 'advertised', 'product', 'unlocked', 'att', 'bloatware', 'unintrusive', 'cleanup', 'not', 'device', 'internal', 'storage', 'excellent', 'phone', 'compromise', 'lg', 'v35', 'build', 'quality', 'excellent', 'beautiful', 'glass', 'exterior', 'stylish', 'design', 'reminiscent', 'galaxy', 's9+', 'feel', 'great', 'hand', 'bulky', 'impact', 'case', '1440p', 'oled', 'screen', 'fantastic', 'well', 'good', 'samsung', 'panel', 'performance-wise', 'device', 'snappy', 'snapdragon', '845', '6gb', 'ram', 'multitasking', 'breeze', 'lag', 'lg', 'stock', 'rom', 'apps', 'installed', 'lte', 'modem', 'delivers', 'outstanding', 'performance', 'wi-fi', 'modem', '70mbps', 'download', 'lte', 'yard', 'camera', 'great', 'well', 'rear', 'camera', 'great', 'shot', 'front', 'camera', 'adequate', 'snapchat', 'video', 'good', 'image', 'vivid', 'crisp', 'battery', 'life', 'acceptable', 'not', 'problem', 'included', 'fast', 'charge', 'brick', 'hand', 'audio', 'pretty', 'good', 'high-quality', 'dac', '3.5mm', 'headphone', 'audio', 'playback', 'sound', 'excellent', 'mono', 'speaker', 'decent', 'voice', 'call', 'talk', 'pretty', 'shrill', 'music', 'att-specific', 'feature', 'visual', 'voicemail', 'voice', 'lte', 'wifi', 'calling', 'working', 'straight', 'talk', 'concern', 'software', 'update', 'included', 'software', 'pretty', 'good', 'security', 'patch', 'reach', 'november', '2018', 'lg', 'notorious', 'slow', 'software', 'update', 'absolutely', 'security', 'patch', 'beware', 'expect', 'phone', 'cost', '$', '700', 'reasonable', 'price', 'att', 'customer', '$', '350', 'excellent', 'deal', 'recommend'],
['e', 'nuevo..', 'basura', 'money'],
['lg', 'phone', 'loved', 'lg', 'phone', 'bragged', 'lg', 'phone', 'lg', '3', 'lg', '6', 'lasted', 'two-year', 'commitment', 'camera', 'phone', 'awesome', 'picture', 'color', 'item', 'picture', 'color', 'not', 'save', 'picture', 'great', 'camera', 'phone', 'picture', 'craft', 'item', 'sell', 'going', 'buy', 'camera', 'not', 'dead', 'zone', 'road', 'drive', 'daughter', 'issue', 'going', 'dead', 'zone', 'year', 'samsung', 'verizon', 'problem', 'going', 'dead', 'zone', 'lg', '3', 'lg', '6', 'drop', 'call', 'family', 'issue', 'gps', 'trip', '2017', 'going', 'state', 'depended', 'gps', 'system', 'problem', 'going', 'mountain', 'town', 'area', 'questioned', 'losing', 'service', 'lg', '6.', 'phone', 'loses', 'gps', 'tracking', 'system', 'regular', 'basis', 'staying', '50', 'mile', 'house', 'chance', 'trip', 'phone', 'not', 'buy', 'amazon', 'free', 'phone', 'switching', 'att', 'lg', 'g3', 'lg', 'g6', 'verizon', 'awesome', 'carrier', 'love', 'not', 'att', 'coverage', 'phone', 'write', 'review', 'thing', 'dealt', 'phone'],
['lg', 'v35', 'best', 'lg', 'phone', 'purchased', 'paying'],
['phone', 'fact', 'unlocked', 'work', 'well', 'straight', 'talk', 'remember', 'punch', 'nano-sized', 'card', 'place', 'slot', 'front', 'sim', 'holder', 'set', 'carrier', 'will', 'google', 'apn', 'setting', 'carrier', 'manually', 'enter', 'phone', 'high', 'quality', 'phone', 'super', 'price'],
['bought', '2', 'wife', 'love', 'upgraded', 'v20', 'battery', 'life', 'big', 'improvement', 'work', 'great', 'tmobile', 'issue'],
['quiet', 'speaker', 'slow', 'camera'],
['tmobile', 'metro', 'tmobile', 'carrier', 'will', 'work', 'provide', 'terrible', 'horrible', 'signal', 'love', 'phone', 'not', 'service', 'place'],
['looked', 'lot', 'phone', 'replacement', 'aging', 'nexus', '6', 'pocophone', 'looked', 'good', 'questionable', 'carrier', 'compatibility', 'lot', 'unlocked', 'phone', '>', '$', '300-400', 'range', 'budget', 'phone', 'serious', 'side', 'missing', 'key', 'feature', 'low', 'spec', 'component', 'stumbled', 'lg', 'v35', 'spec', 'par', 'pricier', 'phone', 'screen', 'oled', 'witch', 'prefer', 'better', '1080', 'expandable', 'memory', 'camera', 'good', 'battery', 'hold', 'charge', 'long', 'time', 'worried', 'lg', 'bad', 'experience', 'nexus', '5x', 'review', 'issue', 'resolved', 'looked', 'v40', 'not', 'fan', 'notch', 'money', 'spec', 'opinion', 'best', 'phone', 'money', 'released', 'year', 'ago', 'compared', 'current', 'phone', 'price', 'range', 'v35', 'beat', 'question', 'odd', 'phone', 'not', 'popular', 'guess', 'release', '$', '900', 'price', 'tag', 'scared', 'people', 'faded', 'spotlight', 'not', 'coming', '6', 'inch', 'phone', 'older', 'wider', 'screen', 'screen', 'narrower', 'good', 'size', 'length', 'wise', 'watching', 'youtube', 'vertically', 'feel', 'smaller', 'screen', 'bright', 'phone', 'good', 'thing', 'nexus', 'bright', 'lowest', 'setting', 'night', 'coming', 'stock', 'android', 'not', 'lg', 'att', 'bloatware', 'skin', 'shareware', 'not', 'deal', 'breaker', 'not', 'worked', 'thought', 'mention', 'happy', 'purchase', 'better', 'component', 'phone', 'highly', 'recommend', 'phone'],
['great', 'phone', 'price'],
['not', 'techie', 'lg', 'optimus', 'prog', '4', 'year', 'happy', 'long', 'time', 'finally', 'settle', 'phone', 'love', 'easy', 'set', 'learning', 'thing', 'phone', 'happy', 'camera', 'music', 'player', 'speaker'],
['phone', 'better', 'iphone', 'x', 'camera', 'scree', 'phone', 'shine'],
['device', 'eu', 'working', 'phone', 'gsm', 'unlocked', 'thing', 'will', 'set', 'apn', 'specific', 'mobile', 'network', 'provider', 'disable', 'att', 'bloatware', 'flashing', 'phone', 'ulm', 'kdz', 'firmware', 'easy', 'tutorial', 'online', 'option', 'keep', 'existing', 'file', 'will', 'remove', 'bloatware', 'phone', 'eligible', 'upcoming', 'android', 'pie', 'update', 'recommended'],
['work', 'great', 'fast', 'lot', 'morning'],
['att', 'november', 'love', 'phone', 'total', 'package', 'lot', 'ram', 'storage', 'nice', 'design', 'good', 'screen', 'good', 'battery', 'life', 'good', 'performance', 'good', 'camera', 'plenty', 'ram', 'storage', 'water', 'resistence', 'wireless', 'charging', 'great', 'patient', 'wait', '6', 'month', 'unlocked', 'complaint', 'software', 'update', 'not', 'wrong', 'best', 'phone', 'lg'],
['nice', 'cellphone', 'wonderful', 'condition'],
['gradually', 'worked', 'lg', 'g3', 'v40', 'v40', 'top', 'lg', 'personally', 'work', 'better', 'samsung', 'iphone', 'realeased', 'time', 'fact', 'iphone', 'copied', 'lg', 'knock', 'awake', 'feature', 'dont', 'call', 'battery', 'life', 'phenominal', 'heavy', 'not', 'constantly', 'plug', 'phone', 'day', 'average', 'day', 'dont', 'plug', 'heavy', 'day', 'not', 'played', 'camera', 'regular', 'camera', 'sharp', 'clear', 'photo', 'fun', 'picture', 'everyday', 'thing', 'sharing', 'great', 'job', 'lg', 'making', 'v40', 'awesome'],
['reviewer', 'posted', 'negative', 'review', 'bh', 'amazon', 'will', 'honestly', 'quality', 'phone', 'good', 'working', 'camera', 'camera', 'blurry', 'issue', 'reddit', 'tech', 'site', 'logical', 'reviewer', 'upset', 'dropped', 'phone', 'picture', 'cracked', 'lens', 'chose', 'lash', 'lg', 'not', 'return', 'phone', 'blamed', 'stupidity', 'phone', 'worth', '$', '949', 'buy', '$', '749', 'solid', 'flagship', 'decent', 'camera', 'headphone', 'jack', 'definitely', 'recommended', 'lower', 'price', 'point'],
['highend', 'cell', 'phone', 'good', 'price', 'fully', 'unlocked', 'att', 'initially', 'sprint', 'notice', 'network', 'change', 'network', 'gsm', 'moment', 'txt', 'function', 'working', 'well', 'roll', 'automatic', 'network', 'connection', 'activate', 'lte', 'gsm', 'allows', '3g', 'phone', 'switch', 'moment', 'functioning', 'att', 'lte+txt', 'sprint', 'unlocked', 'phone'],
['pre', 'ordered', 'phone', 'bh', 'yesterday', 'oct', '25.', 'today', 'oct', '26.', 'time', 'discovered', 'thing', 'phone', '5', 'camera', 'bad', 'blurry', 'focus', 'sharpened', 'saturated', 'bad', 'quality', 'image', 'zoom', 'lens', 'blurry', 'awful', 'main', 'blurry', 'sharpened', 'wide', 'saturated', 'sharpened', 'minor', 'drop', '2', 'foot', 'ground', 'will', 'crack', 'phone', 'phone', 'fragile', 'discovered', 'not', 'buy', 'camera', 'durability', 'positive', 'good', 'headphone', 'jack', 'good', 'software', 'screen', 'good', 'speaker', 'good', 'button'],
['great', 'phone'],
['ditched', 'samsung', 's8', 'despised', 'purchase', 'v40', 'glad', 'not', 'fan', 'phone', 'camera', 'array', 'bit', 'fussy', 'dont', 'buy', 'phone', 'camera', 'performance', 'speed', 'screen', 'sound', 'quality', 'pure', 'android', 'o', 'best', 'wifi', 'cell', 'signal', 'performance', 'better', 'iphone', 'xr', 'work', 'cell', 'lg', 'not', 'force', 'service', 'ecosystem', 'samsung', 'key', 'selling', 'factor'],
['amazing', 'camera', 'happy', 'phone'],
['decent', 'phone', 'day', 'hardware', 'wise', 'well', 'balanced', 'smartphone', 'bigger', 'capacity', 'battery', 'complaint', 'performance', 'phone', 'hardware', 'point', 'view', 'biggest', 'issue', 'lg', 'notorious', 'lack', 'software', 'update', 'year', 'lg', 'created', 'global', 'software', 'upgrade', 'center', 'promised', 'timely', 'security', 'update', 'major', 'software', 'upgrade', 'phone', 'stupid', 'phone', 'android', '8.1.0', '2', 'month', 'android', '9', 'june', '2019', 'flagship', 'phone', 'running', 'android', '8.1.0.', 'worse', 'currently', 'january', '1st', '2019', 'security', 'update', 'not', 'typo', 'buy', 'phone', 'buy', 'not', 'expecting', 'update', 'wait', 'till', 'price', 'drop', '$', '400-', '$', '450', 'range', 'not', 'will', 'lg', 'product', 'will', 'buy', 'will', 'spend', '$', '500', 'phone', 'not', 'worth'],
['product', 'well', 'worth', 'opinion..', 'pricey', 'side', 'compete', 'samsung', 'enjoy', 'oled', 'display', 'beautiful', '5', 'camera', '3', '2', 'front', 'take', 'wonderful', 'picture', 'well', 'additional', 'mode', 'download', 'definitely', 'phone', 'worth', 'checking'],
['love', 'phone', 'problem', 'bought', '3rd', 'seller', 'not', 'factory', 'unlocked', 'sprint', 'phone', 'carrier', 'unlocked', 'gps', 'sensor', 'defective', 'losing', 'gps', 'signal', 'not', 'lg', 'amazon', 'fault', 'learned', 'time', 'buy', 'amazon', 'lg', '3rd', 'seller', 'deceitful'],
['not', 'post', 'comment', 'leave', 'review', 'amazon', 'phone', 'deserves', 'review', 'faster', 'phone', 'lag', 'run', 'smooth', 'buy', 'lv40', 'offer', 'phone..but', 'guaranty', '100'],
['amazing', 'cellphone', 'camera', 'arw', 'great', 'quality', 'battery', 'last', 'longer', 'previous', 'lg', 'v20', 'love'],
['solid', 'phone', 'customizable', 'option', 'thought', 'fast', 'speaker', 'loud', 'camera', 'work', 'well', 'screen', 'beautiful', 'feel', 'high', 'quality', 'phone', 'not', 'upgrade', 'v20', 'not', 'phone', 'great'],
['phone', 'arrived', 'great', 'condition', 'run', 'smoothly', 'great', 'camera', 'feature', 'great', 'on-board', 'speaker'],
['personal', 'phone', 'compare', 'phone', 'awsome', 'upgrade', 'built', '5g'],
[],
['super', 'fast', 'phone', 'love', 'camera', 'camera', 'downside', 'consider', 'charge', 'case', 'expect', 'full', 'day', 'charge', 'edit..', 'dropped', 'waist', 'height', 'cracked', 'screen', 'side', 'charge', 'case', 'not', 'best', 'protective', 'case', 'sure', 'good', 'case', 'not', 'charge', 'case', 'lg', 'phone', 'glass', 'edge', 'phone', 'not', 'visible', 'screen', 'easier', 'damage', 'not', 'best', 'case', 'not', 'cracked', 'easy', 'fall', 'low', 'height', 'great', 'phone', 'fragile', 'edit', 'called', 'lg', 'companies..', '$', '270', 'screen', 'replacement..', 'not', 'stress', 'easily', 'phone', 'cracked'],
['design', 'lg', 'v40', 'fine', 'top-of-the-line', 'smart', 'phone', 'lg', 'light', 'size', 'slim', 'bezel', '6.25', 'h', 'x', '2.98', 'w', 'x', '0.31', 'd', 'weight', '5.96', 'oz', 'hold', 'phone', 'comfortably', 'small', 'hand', 'micro-sd', 'card', '2', 'tb', 'highly', 'desire', 'expansion', 'card', 'usb-c', 'jack', '3.5mm', 'headphone', 'jack', 'prefer', 'headphone', 'jack', 'additional', 'wire', 'adaptor', 'experience', 'adaptor', 'wire', 'fails', 'short', 'order', 'work', '‚Äô', 's', 'haptic', 'engine', 'vibrates', 'feedback', 'durability', 'lg', 'extremely', 'durable', 'test', 'rating', 'drop-tested', 'pass', 'military', 'standard', 'mil-std-810g', '‚Äô', 's', 'water', 'dust-resistant', 'ip68', 'gorilla', 'glass', '5', 'front', 'camera', 'heat', 'pipe', 'prevent', 'processor', 'overheating', 'exceptional', 'durability', 'standard', 'phone', 'case', 'screen-protector', 'insure', 'protection', 'longevity', 'phone', 'offer', '1-year', 'warranty', 'register', 'free', 'second', 'year', 'warranty', 'display', 'lg', '6.4', '‚Äù', 'qhd+', 'oled', 'display', 'great', '3120', 'x', '1440', '538', 'ppi', 'phone', 'people', 'prefer', 'oled', 'general', 'display', 'technology', 'outstanding', 'contrast', 'vivid', 'color', 'great', 'battery', 'efficiency', 'vr-ready', 'best', 'samsung', 'screen', 'better', 'comparing', 'side-by-side', 'difference', 'quality', 'not', 'large', 'big', 'screen', 'real-estate', 'phone', 'offer', '6.4', '‚Äù', 'screen', '84.3', 'screen-to-body', 'ratio', 'primary', 'phone', 'electronic', 'reader', 'nice', 'always-on', 'adjustable', 'display', 'display', 'customizable', 'mine', 'display', 'jpg', 'time', 'day', 'battery', 'level', 'custom', 'notch', 'front', 'camera', 'apx', '0.25', '‚Äù', 'info', 'time', 'battery', 'level', 'cell', 'reception', 'strength', 'wireless', 'network', 'understand', 'upscaling', 'offered', 'phone', 'doesn', '‚Äô', 't', 'work', 'great', 'observing', 'default', 'setting', 'flagship', 'phone', 'store', 'loved', 'size', 'icon', 'text', 'lg', 'icon', 'apple', 'pretty', 'text', 'lg', 'better', 'icon', 'text', 'vibrant', 'clear', 'samsung', 'default', 'size', 'not', 'adjust', 'text', 'smaller', 'prefer', 'judgment', 'phone', 'properly', 'positioned', 'eye', 'sensitive', 'glare', 'armorsuit', 'anti-glare', 'protection', 'screen', 'phone', 'read', 'albeit', 'difficulty', 'bright', 'condition', 'personally', '‚Äô', 've', 'phone', 'completely', 'satisfied', 'purpose', 'contrast', 'amazon', 'kindle', 'paper', 'white', 'ink', 'display', 'great', 'viewing', 'bright', 'outdoors', 'headphone', 'sound', 'headphone', 'sound', 'extremely', 'primary', 'phone', 'flac', 'music', 'player', 'wired', 'headphone', 'lg', 'v40', 'smartphone', '‚Äô', 've', 'heard', 'currently', 'sound', 'quality', 'demand', 'amplifier', 'adequate', 'easy', 'drive', 'iems', 'fiio', 'x7', 'powerful', 'amp', 'testing', '64audio', 'a6', 'custom', 'iems', 'worth', 'phone', 'customized', 'jetaudio', 'iems', 'easy', 'amp', 'power', 'sensitivity', '115db/mw', '22', 'ohm', 'impedance', 'bluetooth', 'lg', 'v40', 'version', '5.0', 'support', 'profile', 'speaker', 'sound', 'lg', 'v40', 'speaker', 'sound', 'tolerable', 'vastly', 'inferior', 'volume', 'zte', 'axon', '7', '2', 'front-facing', 'speaker', 'people', 'easily', 'hear', 'phone', 'conversation', 'speaker', 'phone', 'teleconference', 'not', 'work', 'well', 'reception', 'lg', 'v40', 'receives', 'great', 'variety', 'signal', '4', 'wifi', '802.11a/b/g/n/ac', 'bluetooth', 'v.', '5', 'mobile', 'hotspot', 'wi-fi', 'direct', 'usb', 'bluetooth', 'tethering', 'nfc', 'medium', 'serve', 'screen', 'sharing', 'midi', 'device', 'mirror', 'link', 's-pgs', 'a-gps', '‚Äô', 'm', 'not', 'sure', 'antenna', 'range', 'objective', 'measure', 'find', 'inadequate', '‚Äô', 't', 'wi-fi', 'will', 'find', 'purchase', 'signal', 'booster', 'phone', 'problem', 'connecting', 'wi-fi', 'network', 'require', 'password', 'problem', 'connecting', 'wi-fi', 'network', 'trouble', 'connecting', 'free', 'wi-fi', 'network', 'phone', 'work', 'doesn', '‚Äô', 't', 'big', 'deal', 'cellular', 'tower', 'work', 'unacceptable', 'flagship', 'phone', 'deduct', 'star', 'rating', 'ir', 'blaster', 'phone', '‚Äô', 't', 'remote', 'control', 'situation', 'camera', 'lg', 'v40', 'camera', 'adequate', 'quality', 'people', 'point', 'shoot', 'gig', 'flagship', 'samsung', 'apple', 'google', 'will', 'provide', 'better', 'picture', 'shoot', 'picture', 'raw', 'process', 'pic', 'computer', 'adobe', 'dxo', 'computer', 'lg', 'v40', 'routinely', 'good', 'lg', 'excellent', 'manual', 'control', 'allow', 'better', 'pic', 'proper', 'setting', 'lens', 'reasonable', 'quality', 'don', '‚Äô', 't', 'lg', 'not', 'dxo', 'test', 'quality', 'suspicious', 'camera', 'versatility', 'offer', '‚Äô', 't', 'close', 'telephoto', 'wider', 'view', 'picture', 'wide-angle', 'lens', 'selfies', 'course', 'standard', 'lens', '‚Äô', 's', 'basically', '5', 'lens', '2', 'front', '3', 'camera', 'allowing', 'excellent', 'versatility', 'approve', 'video', 'video', 'better', 'photo', 'capturing', 'moment', 'video', 'short', 'include', 'action', 'sound', 'well', 'picture', 'lg', 'v40', 'well', 'video', 'recorder', '4k', 'video', 'recording', '60', 'fps', 'steady', 'record', 'help', 'smooth', 'video', 'hdr10', 'video', 'recording', 'good', 'point', 'zoom', 'selected', 'area', 'screen', 'thing', 'manually', 'automatic', 'cinema', 'effect', 'record', 'slo-mo', 'create', 'time', 'lapse', 'video', 'studio', 'merge', 'photo', 'add', 'title', 'background', 'music', 'phone', 'outlet', 'creative', 'ability', 'personally', 'quality', 'recording', 'will', 'processing', 'creation', 'computer', 'special', 'purpose', 'software', 'expect', 'audio', 'recording', 'best', 'smartphones', 'o', 'update', 'lg', 'v40', 'oreo', 'android', '8.1', 'interface', 'decent', 'elected', 'nova', 'launcher', 'anysoftkeyboard', 'customize', 'display', 'pleasing', 'hard', 'button', 'google', 'assistant', 'siri', 'substitute', 'work', 'well', 'apple', 'google', 'excellent', 'updating', 'o', 'phone', 'lg', 'mediocre', 'arena', 'cpu', 'lg', 'v40', 'offer', 'top-of-the-line', 'cpu', 'gpu', 'phone', 'fast', 'problem', 'multiple', 'program', 'running', 'qualcomm', 'snapdragon', '845', 'adreno', '630', '6', 'gb', 'ram', '64', 'gb', 'storage', 'optional', 'storage', 'micro-sd', 'card', 'security', 'lg', 'v40', 'security', 'great', 'fingerprint', 'scanner', 'gripe', 'smartphones', 'work', 'well', 'well', 'positioned', 'secure', 'option', 'unlocking', 'phone', 'face', 'recognition', 'feature', 'not', 'good', 'apple', 'battery-life', 'recharging', 'lg', 'v40', 'battery-life', 'ok.', 'will', 'day', 'lot', 'music', 'e-pub', 'reading', 'not', 'fare', 'well', 'game', 'hour', 'rated', 'adequate', 'average', 'professional', 'review', 'plenty', 'excellent', 'charging', 'option', 'usb', 'type-c', 'port', 'wireless', 'charging', 'qualcomm', 'quick', 'charge', '3.0.', 'accessory', 'apple', 'samsung', 'command', 'lion', '‚Äô', 's', 'share', 'market', 'usa', 'internationally', 'likewise', 'biggest', 'accessory', 'lg', 'big', 'company', 'quality', 'manufacturer', 'will', 'supply', 'accessory', 'lg', '‚Äô', 's', 'phone', 'customer', 'service', '‚Äô', 'm', 'not', 'sure', 'quality', 'lg', '‚Äô', 's', 'customer', 'service', 'giant', 'corporation', 'won', '‚Äô', 't', 'going', 'business', 'lg', 'massive', 'presence', 'usa', 'hope', 'strong', 'base', 'customer', 'support', 'english', 'speaking', 'staff', '2-year', 'warranty', 'registration', 'insistence', 'great', 'audio', 'storage', 'best', 'smartphone', 'albeit', 'expensive', 'samsung', 'galaxy', 's9', 's10', 'galaxy', 'note', '9', 'apple', 'iphone', 'x', 'google', 'pixel', '3', 'solid', 'option', 'great', 'audio', 'wire', 'headphone', 'not', 'requirement', 'demanding', '‚Äì', 'pocket', 'deep'],
['great', 'phone', 'camera', 'amazing', 'forward', 'playing', 'setting'],
['dont', 'buy', 'super', 'glitchy', '5', 'camera', 'system', 'isnt', 'great', 'u', 'send', 'pic', 'people', 'battery', 'toy', 'story', '2.', 'key', 'board', 'suck', 'well', 'auto', 'correct', 'super', 'dissappointed', 'will', 'not', 'lg', 'phone'],
